/home/nvidia/.cache/netmambaplus-reproduction/venv-gb10/lib/python3.12/site-packages/mamba_ssm/ops/selective_scan_interface.py:158: FutureWarning: `torch.cuda.amp.custom_fwd(args...)` is deprecated. Please use `torch.amp.custom_fwd(args..., device_type='cuda')` instead.
  @custom_fwd
/home/nvidia/.cache/netmambaplus-reproduction/venv-gb10/lib/python3.12/site-packages/mamba_ssm/ops/selective_scan_interface.py:227: FutureWarning: `torch.cuda.amp.custom_bwd(args...)` is deprecated. Please use `torch.amp.custom_bwd(args..., device_type='cuda')` instead.
  @custom_bwd
/home/nvidia/.cache/netmambaplus-reproduction/venv-gb10/lib/python3.12/site-packages/mamba_ssm/ops/selective_scan_interface.py:295: FutureWarning: `torch.cuda.amp.custom_fwd(args...)` is deprecated. Please use `torch.amp.custom_fwd(args..., device_type='cuda')` instead.
  @custom_fwd
/home/nvidia/.cache/netmambaplus-reproduction/venv-gb10/lib/python3.12/site-packages/mamba_ssm/ops/selective_scan_interface.py:368: FutureWarning: `torch.cuda.amp.custom_bwd(args...)` is deprecated. Please use `torch.amp.custom_bwd(args..., device_type='cuda')` instead.
  @custom_bwd
/home/nvidia/.cache/netmambaplus-reproduction/venv-gb10/lib/python3.12/site-packages/mamba_ssm/ops/selective_scan_interface.py:440: FutureWarning: `torch.cuda.amp.custom_fwd(args...)` is deprecated. Please use `torch.amp.custom_fwd(args..., device_type='cuda')` instead.
  @custom_fwd
/home/nvidia/.cache/netmambaplus-reproduction/venv-gb10/lib/python3.12/site-packages/mamba_ssm/ops/selective_scan_interface.py:520: FutureWarning: `torch.cuda.amp.custom_bwd(args...)` is deprecated. Please use `torch.amp.custom_bwd(args..., device_type='cuda')` instead.
  @custom_bwd
/home/nvidia/.cache/netmambaplus-reproduction/venv-gb10/lib/python3.12/site-packages/mamba_ssm/ops/triton/layernorm.py:507: FutureWarning: `torch.cuda.amp.custom_fwd(args...)` is deprecated. Please use `torch.amp.custom_fwd(args..., device_type='cuda')` instead.
  @custom_fwd
/home/nvidia/.cache/netmambaplus-reproduction/venv-gb10/lib/python3.12/site-packages/mamba_ssm/ops/triton/layernorm.py:566: FutureWarning: `torch.cuda.amp.custom_bwd(args...)` is deprecated. Please use `torch.amp.custom_bwd(args..., device_type='cuda')` instead.
  @custom_bwd
Not using distributed mode
[23:29:45.598605] job dir: /home/nvidia/netmambaplus-reproduction/upstream/NetMambaPlus/src
[23:29:45.598637] Namespace(batch_size=128,
epochs=120,
save_steps_freq=5000,
accum_iter=1,
model='fuse3_mamba_classifier',
input_size=40,
drop_path=0.1,
clip_grad=None,
weight_decay=0.05,
lr=None,
blr=0.002,
layer_decay=0.75,
min_lr=1e-06,
warmup_epochs=20,
smoothing=0.1,
finetune='/home/nvidia/.cache/netmambaplus-reproduction/checkpoints/fuse3_mamba.pth',
data_path='/home/nvidia/.cache/netmambaplus-reproduction/data/ciciot2022',
nb_classes=6,
output_dir='/home/nvidia/netmambaplus-reproduction/runs/ciciot-ft-seed0',
ckpt_dir='/home/nvidia/netmambaplus-reproduction/runs/ciciot-ft-seed0',
log_dir='/home/nvidia/netmambaplus-reproduction/runs/ciciot-ft-seed0/logs',
device='cuda',
seed=0,
resume='',
start_epoch=0,
eval=False,
num_workers=2,
pin_mem=True,
world_size=1,
local_rank=-1,
dist_on_itp=False,
dist_url='env://',
if_amp=False,
num_packet=5,
num_packet_byte=320,
stride_size=4,
class_balance=False,
class_balance_beta=0.999,
ldam=False,
data_ratio=1.0,
dataset_type='byte_size_interval',
seq_len=20,
seq_key='sizes',
size_key='sizes',
train_from_scratch=False,
average='weighted',
distributed=False)
[23:29:46.282357] Dataset: <util.loader_data.ByteSizeIntervalDataset object at 0xef4542e8c380>, type: byte_size_interval, size_key: sizes, ratio: 1.0
/home/nvidia/.cache/netmambaplus-reproduction/venv-gb10/lib/python3.12/site-packages/torch/cuda/__init__.py:283: UserWarning: 
    Found GPU0 NVIDIA GB10 which is of cuda capability 12.1.
    Minimum and Maximum cuda capability supported by this version of PyTorch is
    (8.0) - (12.0)
    
  warnings.warn(
[23:29:47.041898] Dataset: <util.loader_data.ByteSizeIntervalDataset object at 0xef45430be3f0>, type: byte_size_interval, size_key: sizes, ratio: 1.0
[23:29:47.100843] trainable params: 1870080 || all params: 1870080 || trainable%: 100.0000
/home/nvidia/netmambaplus-reproduction/upstream/NetMambaPlus/src/fine-tune.py:116: UserWarning: Environment variable TORCH_FORCE_NO_WEIGHTS_ONLY_LOAD detected, since the`weights_only` argument was not explicitly passed to `torch.load`, forcing weights_only=False.
  checkpoint = torch.load(args.finetune, map_location='cpu')
[23:29:47.126923] Load pre-trained checkpoint from: /home/nvidia/.cache/netmambaplus-reproduction/checkpoints/fuse3_mamba.pth
[23:29:47.128190] _IncompatibleKeys(missing_keys=['head.weight'], unexpected_keys=['byte_mask_token', 'byte_decoder_pos_embed', 'byte_decoder_embed.weight', 'byte_decoder_embed.bias', 'byte_decoder_blocks.0.mixer.A_log', 'byte_decoder_blocks.0.mixer.D', 'byte_decoder_blocks.0.mixer.in_proj.weight', 'byte_decoder_blocks.0.mixer.conv1d.weight', 'byte_decoder_blocks.0.mixer.conv1d.bias', 'byte_decoder_blocks.0.mixer.x_proj.weight', 'byte_decoder_blocks.0.mixer.dt_proj.weight', 'byte_decoder_blocks.0.mixer.dt_proj.bias', 'byte_decoder_blocks.0.mixer.out_proj.weight', 'byte_decoder_blocks.0.norm.weight', 'byte_decoder_blocks.1.mixer.A_log', 'byte_decoder_blocks.1.mixer.D', 'byte_decoder_blocks.1.mixer.in_proj.weight', 'byte_decoder_blocks.1.mixer.conv1d.weight', 'byte_decoder_blocks.1.mixer.conv1d.bias', 'byte_decoder_blocks.1.mixer.x_proj.weight', 'byte_decoder_blocks.1.mixer.dt_proj.weight', 'byte_decoder_blocks.1.mixer.dt_proj.bias', 'byte_decoder_blocks.1.mixer.out_proj.weight', 'byte_decoder_blocks.1.norm.weight', 'decoder_norm_f.weight', 'byte_decoder_pred.weight', 'byte_decoder_pred.bias', 'size_decoder_pred.weight', 'size_decoder_pred.bias', 'iat_decoder_pred.weight', 'iat_decoder_pred.bias'])
[23:29:47.130936] Model = NetMamba(
  (byte_embed): StrideEmbed(
    (proj): Conv1d(1, 256, kernel_size=(4,), stride=(4,))
  )
  (size_embed): FixedCosineEmbed()
  (iat_embed): FixedCosineEmbed()
  (pos_drop): Dropout(p=0.0, inplace=False)
  (drop_path): DropPath()
  (encoder_blocks): ModuleList(
    (0-1): 2 x Block(
      (mixer): Mamba(
        (in_proj): Linear(in_features=256, out_features=1024, bias=False)
        (conv1d): Conv1d(512, 512, kernel_size=(4,), stride=(1,), padding=(3,), groups=512)
        (act): SiLU()
        (x_proj): Linear(in_features=512, out_features=48, bias=False)
        (dt_proj): Linear(in_features=16, out_features=512, bias=True)
        (out_proj): Linear(in_features=512, out_features=256, bias=False)
      )
      (norm): RMSNorm()
      (drop_path): Identity()
    )
    (2-3): 2 x Block(
      (mixer): Mamba(
        (in_proj): Linear(in_features=256, out_features=1024, bias=False)
        (conv1d): Conv1d(512, 512, kernel_size=(4,), stride=(1,), padding=(3,), groups=512)
        (act): SiLU()
        (x_proj): Linear(in_features=512, out_features=48, bias=False)
        (dt_proj): Linear(in_features=16, out_features=512, bias=True)
        (out_proj): Linear(in_features=512, out_features=256, bias=False)
      )
      (norm): RMSNorm()
      (drop_path): DropPath()
    )
  )
  (norm_f): RMSNorm()
  (head): Linear(in_features=256, out_features=6, bias=False)
)
[23:29:47.130953] number of params (M): 1.87
[23:29:47.130982] base lr: 2.00e-03
[23:29:47.130986] actual lr: 1.00e-03
[23:29:47.130990] accumulate grad iterations: 1
[23:29:47.130995] effective batch size: 128
[23:29:47.131988] criterion = CrossEntropyLoss()
[23:29:47.132003] Start training for 120 epochs
[23:29:47.132242] log_dir: /home/nvidia/netmambaplus-reproduction/runs/ciciot-ft-seed0/logs
[23:29:51.361098] Epoch: [0]  [ 0/66]  lr: 0.000000  loss: 1.7913 (1.7913)  eta: 0:04:39  time: 4.2275  data: 0.0666  max mem: 2919
[23:29:54.982960] Epoch: [0]  [20/66]  lr: 0.000015  loss: 1.7842 (1.7818)  eta: 0:00:17  time: 0.1811  data: 0.0001  max mem: 2933
[23:29:58.598620] Epoch: [0]  [40/66]  lr: 0.000030  loss: 1.7285 (1.7558)  eta: 0:00:07  time: 0.1808  data: 0.0001  max mem: 2933
[23:30:02.284502] Epoch: [0]  [60/66]  lr: 0.000045  loss: 1.6849 (1.7343)  eta: 0:00:01  time: 0.1843  data: 0.0001  max mem: 2933
[23:30:03.060266] Epoch: [0]  [65/66]  lr: 0.000049  loss: 1.6746 (1.7274)  eta: 0:00:00  time: 0.1778  data: 0.0001  max mem: 2933
[23:30:03.096891] Epoch: [0] Total time: 0:00:15 (0.2419 s / it)
[23:30:03.096954] Averaged stats: lr: 0.000049  loss: 1.6746 (1.7274)
/home/nvidia/netmambaplus-reproduction/upstream/NetMambaPlus/src/engine_mm.py:220: FutureWarning: `torch.cuda.amp.autocast(args...)` is deprecated. Please use `torch.amp.autocast('cuda', args...)` instead.
  with torch.cuda.amp.autocast():
[23:30:04.656123] Test:  [0/9]  loss: 1.5771 (1.5771)  acc1: 0.2266 (0.2266)  acc3: 1.0000 (1.0000)  eta: 0:00:14  time: 1.5578  data: 0.1114  max mem: 2933
/home/nvidia/netmambaplus-reproduction/upstream/NetMambaPlus/src/engine_mm.py:220: FutureWarning: `torch.cuda.amp.autocast(args...)` is deprecated. Please use `torch.amp.autocast('cuda', args...)` instead.
  with torch.cuda.amp.autocast():
[23:30:05.217153] Test:  [8/9]  loss: 1.6416 (1.6145)  acc1: 0.2266 (0.3115)  acc3: 0.6250 (0.6933)  eta: 0:00:00  time: 0.2354  data: 0.0125  max mem: 2933
[23:30:05.275142] Test: Total time: 0:00:02 (0.2419 s / it)
/home/nvidia/.cache/netmambaplus-reproduction/venv-gb10/lib/python3.12/site-packages/sklearn/metrics/_classification.py:1565: UndefinedMetricWarning: Precision is ill-defined and being set to 0.0 in labels with no predicted samples. Use `zero_division` parameter to control this behavior.
  _warn_prf(average, modifier, f"{metric.capitalize()} is", len(result))
/home/nvidia/.cache/netmambaplus-reproduction/venv-gb10/lib/python3.12/site-packages/sklearn/metrics/_classification.py:1565: UndefinedMetricWarning: Precision is ill-defined and being set to 0.0 in labels with no predicted samples. Use `zero_division` parameter to control this behavior.
  _warn_prf(average, modifier, f"{metric.capitalize()} is", len(result))
[23:30:05.330185] * Acc@1 0.3115 Acc@3 0.6933 loss 1.6145
[23:30:05.330203] * Pre 0.1980 Rec 0.3125 F1 0.2227
[23:30:05.365950] Accuracy of the network on test samples: 0.3115
[23:30:05.365978] F1 of the network on test samples: 0.2227
[23:30:05.365983] Max Accuracy: 0.3115
[23:30:05.365986] Max F1: 0.2227
[23:30:05.367029] log_dir: /home/nvidia/netmambaplus-reproduction/runs/ciciot-ft-seed0/logs
[23:30:05.676728] Epoch: [1]  [ 0/66]  lr: 0.000050  loss: 1.6477 (1.6477)  eta: 0:00:20  time: 0.3087  data: 0.1173  max mem: 2933
[23:30:09.379963] Epoch: [1]  [20/66]  lr: 0.000065  loss: 1.6268 (1.6303)  eta: 0:00:08  time: 0.1851  data: 0.0001  max mem: 2933
[23:30:13.118680] Epoch: [1]  [40/66]  lr: 0.000080  loss: 1.5685 (1.5993)  eta: 0:00:04  time: 0.1869  data: 0.0001  max mem: 2933
[23:30:16.827307] Epoch: [1]  [60/66]  lr: 0.000095  loss: 1.3987 (1.5341)  eta: 0:00:01  time: 0.1854  data: 0.0001  max mem: 2933
[23:30:17.582187] Epoch: [1]  [65/66]  lr: 0.000099  loss: 1.3628 (1.5130)  eta: 0:00:00  time: 0.1770  data: 0.0001  max mem: 2933
[23:30:17.643669] Epoch: [1] Total time: 0:00:12 (0.1860 s / it)
[23:30:17.643724] Averaged stats: lr: 0.000099  loss: 1.3628 (1.5130)
/home/nvidia/netmambaplus-reproduction/upstream/NetMambaPlus/src/engine_mm.py:220: FutureWarning: `torch.cuda.amp.autocast(args...)` is deprecated. Please use `torch.amp.autocast('cuda', args...)` instead.
  with torch.cuda.amp.autocast():
[23:30:17.811451] Test:  [0/9]  loss: 0.7422 (0.7422)  acc1: 0.8281 (0.8281)  acc3: 0.8516 (0.8516)  eta: 0:00:01  time: 0.1654  data: 0.1206  max mem: 2933
[23:30:18.089801] Test:  [8/9]  loss: 1.0293 (1.0932)  acc1: 0.6016 (0.5904)  acc3: 0.9219 (0.8942)  eta: 0:00:00  time: 0.0493  data: 0.0135  max mem: 2933
[23:30:18.151304] Test: Total time: 0:00:00 (0.0563 s / it)
/home/nvidia/.cache/netmambaplus-reproduction/venv-gb10/lib/python3.12/site-packages/sklearn/metrics/_classification.py:1565: UndefinedMetricWarning: Precision is ill-defined and being set to 0.0 in labels with no predicted samples. Use `zero_division` parameter to control this behavior.
  _warn_prf(average, modifier, f"{metric.capitalize()} is", len(result))
/home/nvidia/.cache/netmambaplus-reproduction/venv-gb10/lib/python3.12/site-packages/sklearn/metrics/_classification.py:1565: UndefinedMetricWarning: Precision is ill-defined and being set to 0.0 in labels with no predicted samples. Use `zero_division` parameter to control this behavior.
  _warn_prf(average, modifier, f"{metric.capitalize()} is", len(result))
[23:30:18.209359] * Acc@1 0.5904 Acc@3 0.8942 loss 1.0932
[23:30:18.209380] * Pre 0.5889 Rec 0.5913 F1 0.5789
[23:30:18.239215] Accuracy of the network on test samples: 0.5904
[23:30:18.239462] F1 of the network on test samples: 0.5789
[23:30:18.239530] Max Accuracy: 0.5904
[23:30:18.239534] Max F1: 0.5789
[23:30:18.240530] log_dir: /home/nvidia/netmambaplus-reproduction/runs/ciciot-ft-seed0/logs
[23:30:18.545998] Epoch: [2]  [ 0/66]  lr: 0.000100  loss: 1.2617 (1.2617)  eta: 0:00:20  time: 0.3044  data: 0.1101  max mem: 2933
[23:30:22.290781] Epoch: [2]  [20/66]  lr: 0.000115  loss: 1.2598 (1.2420)  eta: 0:00:08  time: 0.1872  data: 0.0001  max mem: 2933
[23:30:26.026641] Epoch: [2]  [40/66]  lr: 0.000130  loss: 1.1928 (1.2232)  eta: 0:00:04  time: 0.1868  data: 0.0001  max mem: 2933
[23:30:30.024778] Epoch: [2]  [60/66]  lr: 0.000145  loss: 1.1644 (1.2004)  eta: 0:00:01  time: 0.1999  data: 0.0001  max mem: 2933
[23:30:30.775782] Epoch: [2]  [65/66]  lr: 0.000149  loss: 1.1498 (1.2002)  eta: 0:00:00  time: 0.1908  data: 0.0001  max mem: 2933
[23:30:30.843384] Epoch: [2] Total time: 0:00:12 (0.1910 s / it)
[23:30:30.843428] Averaged stats: lr: 0.000149  loss: 1.1498 (1.2002)
/home/nvidia/netmambaplus-reproduction/upstream/NetMambaPlus/src/engine_mm.py:220: FutureWarning: `torch.cuda.amp.autocast(args...)` is deprecated. Please use `torch.amp.autocast('cuda', args...)` instead.
  with torch.cuda.amp.autocast():
[23:30:31.035984] Test:  [0/9]  loss: 0.4053 (0.4053)  acc1: 0.8828 (0.8828)  acc3: 0.9844 (0.9844)  eta: 0:00:01  time: 0.1910  data: 0.1455  max mem: 2933
[23:30:31.312346] Test:  [8/9]  loss: 1.0293 (0.9116)  acc1: 0.5234 (0.6577)  acc3: 0.9453 (0.9317)  eta: 0:00:00  time: 0.0519  data: 0.0162  max mem: 2933
[23:30:31.382444] Test: Total time: 0:00:00 (0.0598 s / it)
[23:30:31.439071] * Acc@1 0.6577 Acc@3 0.9317 loss 0.9116
[23:30:31.439108] * Pre 0.6697 Rec 0.6577 F1 0.6429
[23:30:31.468967] Accuracy of the network on test samples: 0.6577
[23:30:31.468995] F1 of the network on test samples: 0.6429
[23:30:31.469000] Max Accuracy: 0.6577
[23:30:31.469004] Max F1: 0.6429
[23:30:31.470391] log_dir: /home/nvidia/netmambaplus-reproduction/runs/ciciot-ft-seed0/logs
[23:30:31.777178] Epoch: [3]  [ 0/66]  lr: 0.000150  loss: 1.1372 (1.1372)  eta: 0:00:20  time: 0.3059  data: 0.1113  max mem: 2933
[23:30:35.518378] Epoch: [3]  [20/66]  lr: 0.000165  loss: 1.1232 (1.1280)  eta: 0:00:08  time: 0.1870  data: 0.0001  max mem: 2933
[23:30:39.277031] Epoch: [3]  [40/66]  lr: 0.000180  loss: 1.0739 (1.1051)  eta: 0:00:04  time: 0.1879  data: 0.0001  max mem: 2933
[23:30:43.017496] Epoch: [3]  [60/66]  lr: 0.000195  loss: 1.0841 (1.0956)  eta: 0:00:01  time: 0.1870  data: 0.0001  max mem: 2933
[23:30:43.778221] Epoch: [3]  [65/66]  lr: 0.000199  loss: 1.0737 (1.0844)  eta: 0:00:00  time: 0.1779  data: 0.0001  max mem: 2933
[23:30:43.840705] Epoch: [3] Total time: 0:00:12 (0.1874 s / it)
[23:30:43.840755] Averaged stats: lr: 0.000199  loss: 1.0737 (1.0844)
/home/nvidia/netmambaplus-reproduction/upstream/NetMambaPlus/src/engine_mm.py:220: FutureWarning: `torch.cuda.amp.autocast(args...)` is deprecated. Please use `torch.amp.autocast('cuda', args...)` instead.
  with torch.cuda.amp.autocast():
[23:30:44.006767] Test:  [0/9]  loss: 0.4053 (0.4053)  acc1: 0.8828 (0.8828)  acc3: 0.9844 (0.9844)  eta: 0:00:01  time: 0.1642  data: 0.1184  max mem: 2933
[23:30:44.285513] Test:  [8/9]  loss: 0.9604 (0.8255)  acc1: 0.5625 (0.6865)  acc3: 0.9844 (0.9442)  eta: 0:00:00  time: 0.0492  data: 0.0132  max mem: 2933
[23:30:44.369743] Test: Total time: 0:00:00 (0.0587 s / it)
[23:30:44.426864] * Acc@1 0.6865 Acc@3 0.9442 loss 0.8255
[23:30:44.426905] * Pre 0.7000 Rec 0.6865 F1 0.6798
[23:30:44.459576] Accuracy of the network on test samples: 0.6865
[23:30:44.459866] F1 of the network on test samples: 0.6798
[23:30:44.459951] Max Accuracy: 0.6865
[23:30:44.459963] Max F1: 0.6798
[23:30:44.461024] log_dir: /home/nvidia/netmambaplus-reproduction/runs/ciciot-ft-seed0/logs
[23:30:44.818882] Epoch: [4]  [ 0/66]  lr: 0.000200  loss: 1.0703 (1.0703)  eta: 0:00:23  time: 0.3566  data: 0.1588  max mem: 2933
[23:30:48.562639] Epoch: [4]  [20/66]  lr: 0.000215  loss: 1.0331 (1.0393)  eta: 0:00:08  time: 0.1872  data: 0.0001  max mem: 2933
[23:30:52.312917] Epoch: [4]  [40/66]  lr: 0.000230  loss: 1.0102 (1.0312)  eta: 0:00:04  time: 0.1875  data: 0.0001  max mem: 2933
[23:30:56.067750] Epoch: [4]  [60/66]  lr: 0.000245  loss: 0.9544 (1.0187)  eta: 0:00:01  time: 0.1877  data: 0.0001  max mem: 2933
[23:30:56.834873] Epoch: [4]  [65/66]  lr: 0.000249  loss: 0.9544 (1.0169)  eta: 0:00:00  time: 0.1800  data: 0.0001  max mem: 2933
[23:30:56.920274] Epoch: [4] Total time: 0:00:12 (0.1888 s / it)
[23:30:56.920463] Averaged stats: lr: 0.000249  loss: 0.9544 (1.0169)
/home/nvidia/netmambaplus-reproduction/upstream/NetMambaPlus/src/engine_mm.py:220: FutureWarning: `torch.cuda.amp.autocast(args...)` is deprecated. Please use `torch.amp.autocast('cuda', args...)` instead.
  with torch.cuda.amp.autocast():
[23:30:57.083665] Test:  [0/9]  loss: 0.4561 (0.4561)  acc1: 0.8828 (0.8828)  acc3: 0.9922 (0.9922)  eta: 0:00:01  time: 0.1613  data: 0.1163  max mem: 2933
[23:30:57.361741] Test:  [8/9]  loss: 0.9053 (0.7771)  acc1: 0.6094 (0.7183)  acc3: 0.9844 (0.9731)  eta: 0:00:00  time: 0.0488  data: 0.0130  max mem: 2933
[23:30:57.422282] Test: Total time: 0:00:00 (0.0556 s / it)
[23:30:57.478336] * Acc@1 0.7183 Acc@3 0.9731 loss 0.7771
[23:30:57.478383] * Pre 0.7534 Rec 0.7183 F1 0.7146
[23:30:57.509240] Accuracy of the network on test samples: 0.7183
[23:30:57.509272] F1 of the network on test samples: 0.7146
[23:30:57.509278] Max Accuracy: 0.7183
[23:30:57.509283] Max F1: 0.7146
[23:30:57.510629] log_dir: /home/nvidia/netmambaplus-reproduction/runs/ciciot-ft-seed0/logs
[23:30:57.860275] Epoch: [5]  [ 0/66]  lr: 0.000250  loss: 0.9299 (0.9299)  eta: 0:00:22  time: 0.3484  data: 0.1550  max mem: 2933
[23:31:01.587161] Epoch: [5]  [20/66]  lr: 0.000265  loss: 1.0197 (0.9987)  eta: 0:00:08  time: 0.1863  data: 0.0001  max mem: 2933
[23:31:05.357777] Epoch: [5]  [40/66]  lr: 0.000280  loss: 0.9747 (0.9803)  eta: 0:00:04  time: 0.1885  data: 0.0001  max mem: 2933
[23:31:09.081039] Epoch: [5]  [60/66]  lr: 0.000295  loss: 0.9560 (0.9721)  eta: 0:00:01  time: 0.1861  data: 0.0001  max mem: 2933
[23:31:09.842598] Epoch: [5]  [65/66]  lr: 0.000299  loss: 0.9501 (0.9830)  eta: 0:00:00  time: 0.1777  data: 0.0001  max mem: 2933
[23:31:09.906265] Epoch: [5] Total time: 0:00:12 (0.1878 s / it)
[23:31:09.906373] Averaged stats: lr: 0.000299  loss: 0.9501 (0.9830)
/home/nvidia/netmambaplus-reproduction/upstream/NetMambaPlus/src/engine_mm.py:220: FutureWarning: `torch.cuda.amp.autocast(args...)` is deprecated. Please use `torch.amp.autocast('cuda', args...)` instead.
  with torch.cuda.amp.autocast():
[23:31:10.072803] Test:  [0/9]  loss: 0.4688 (0.4688)  acc1: 0.8828 (0.8828)  acc3: 0.9844 (0.9844)  eta: 0:00:01  time: 0.1648  data: 0.1170  max mem: 2933
[23:31:10.353045] Test:  [8/9]  loss: 0.8481 (0.7988)  acc1: 0.7344 (0.7202)  acc3: 0.9922 (0.9769)  eta: 0:00:00  time: 0.0494  data: 0.0131  max mem: 2933
[23:31:10.416757] Test: Total time: 0:00:00 (0.0566 s / it)
[23:31:10.476979] * Acc@1 0.7202 Acc@3 0.9769 loss 0.7988
[23:31:10.477020] * Pre 0.7466 Rec 0.7202 F1 0.7150
[23:31:10.507942] Accuracy of the network on test samples: 0.7202
[23:31:10.508178] F1 of the network on test samples: 0.7150
[23:31:10.508184] Max Accuracy: 0.7202
[23:31:10.508272] Max F1: 0.7150
[23:31:10.509364] log_dir: /home/nvidia/netmambaplus-reproduction/runs/ciciot-ft-seed0/logs
[23:31:10.828903] Epoch: [6]  [ 0/66]  lr: 0.000300  loss: 0.9883 (0.9883)  eta: 0:00:21  time: 0.3182  data: 0.1217  max mem: 2933
[23:31:14.564272] Epoch: [6]  [20/66]  lr: 0.000315  loss: 1.0262 (1.0384)  eta: 0:00:08  time: 0.1867  data: 0.0001  max mem: 2933
[23:31:18.294132] Epoch: [6]  [40/66]  lr: 0.000330  loss: 1.0003 (1.0175)  eta: 0:00:04  time: 0.1865  data: 0.0001  max mem: 2933
[23:31:22.042100] Epoch: [6]  [60/66]  lr: 0.000345  loss: 0.9450 (0.9940)  eta: 0:00:01  time: 0.1874  data: 0.0001  max mem: 2933
[23:31:22.795932] Epoch: [6]  [65/66]  lr: 0.000349  loss: 0.9453 (1.0071)  eta: 0:00:00  time: 0.1779  data: 0.0001  max mem: 2933
[23:31:22.864641] Epoch: [6] Total time: 0:00:12 (0.1872 s / it)
[23:31:22.864691] Averaged stats: lr: 0.000349  loss: 0.9453 (1.0071)
/home/nvidia/netmambaplus-reproduction/upstream/NetMambaPlus/src/engine_mm.py:220: FutureWarning: `torch.cuda.amp.autocast(args...)` is deprecated. Please use `torch.amp.autocast('cuda', args...)` instead.
  with torch.cuda.amp.autocast():
[23:31:23.021036] Test:  [0/9]  loss: 0.3071 (0.3071)  acc1: 0.8984 (0.8984)  acc3: 0.9922 (0.9922)  eta: 0:00:01  time: 0.1538  data: 0.1072  max mem: 2933
[23:31:23.298140] Test:  [8/9]  loss: 0.7109 (0.6839)  acc1: 0.7266 (0.7288)  acc3: 0.9922 (0.9769)  eta: 0:00:00  time: 0.0478  data: 0.0120  max mem: 2933
[23:31:23.363730] Test: Total time: 0:00:00 (0.0553 s / it)
[23:31:23.422756] * Acc@1 0.7288 Acc@3 0.9769 loss 0.6839
[23:31:23.422793] * Pre 0.7338 Rec 0.7288 F1 0.7240
[23:31:23.465120] Accuracy of the network on test samples: 0.7288
[23:31:23.465387] F1 of the network on test samples: 0.7240
[23:31:23.465393] Max Accuracy: 0.7288
[23:31:23.465397] Max F1: 0.7240
[23:31:23.466447] log_dir: /home/nvidia/netmambaplus-reproduction/runs/ciciot-ft-seed0/logs
[23:31:23.782260] Epoch: [7]  [ 0/66]  lr: 0.000350  loss: 1.0106 (1.0106)  eta: 0:00:20  time: 0.3143  data: 0.1194  max mem: 2933
[23:31:27.519523] Epoch: [7]  [20/66]  lr: 0.000365  loss: 0.9567 (0.9698)  eta: 0:00:08  time: 0.1868  data: 0.0001  max mem: 2933
[23:31:31.263683] Epoch: [7]  [40/66]  lr: 0.000380  loss: 0.8765 (0.9342)  eta: 0:00:04  time: 0.1872  data: 0.0001  max mem: 2933
[23:31:34.976999] Epoch: [7]  [60/66]  lr: 0.000395  loss: 0.9017 (0.9237)  eta: 0:00:01  time: 0.1856  data: 0.0001  max mem: 2933
[23:31:35.733580] Epoch: [7]  [65/66]  lr: 0.000399  loss: 0.8663 (0.9162)  eta: 0:00:00  time: 0.1773  data: 0.0001  max mem: 2933
[23:31:35.797123] Epoch: [7] Total time: 0:00:12 (0.1868 s / it)
[23:31:35.797239] Averaged stats: lr: 0.000399  loss: 0.8663 (0.9162)
/home/nvidia/netmambaplus-reproduction/upstream/NetMambaPlus/src/engine_mm.py:220: FutureWarning: `torch.cuda.amp.autocast(args...)` is deprecated. Please use `torch.amp.autocast('cuda', args...)` instead.
  with torch.cuda.amp.autocast():
[23:31:35.965179] Test:  [0/9]  loss: 0.4521 (0.4521)  acc1: 0.8906 (0.8906)  acc3: 0.9297 (0.9297)  eta: 0:00:01  time: 0.1653  data: 0.1199  max mem: 2933
[23:31:36.249653] Test:  [8/9]  loss: 0.5513 (0.6341)  acc1: 0.8125 (0.7702)  acc3: 0.9844 (0.9750)  eta: 0:00:00  time: 0.0499  data: 0.0134  max mem: 2933
[23:31:36.313831] Test: Total time: 0:00:00 (0.0573 s / it)
[23:31:36.372831] * Acc@1 0.7702 Acc@3 0.9750 loss 0.6341
[23:31:36.372871] * Pre 0.7875 Rec 0.7702 F1 0.7590
[23:31:36.405634] Accuracy of the network on test samples: 0.7702
[23:31:36.405665] F1 of the network on test samples: 0.7590
[23:31:36.405672] Max Accuracy: 0.7702
[23:31:36.405678] Max F1: 0.7590
[23:31:36.407047] log_dir: /home/nvidia/netmambaplus-reproduction/runs/ciciot-ft-seed0/logs
[23:31:36.753651] Epoch: [8]  [ 0/66]  lr: 0.000400  loss: 0.8728 (0.8728)  eta: 0:00:22  time: 0.3456  data: 0.1530  max mem: 2933
[23:31:40.482368] Epoch: [8]  [20/66]  lr: 0.000415  loss: 0.8991 (0.9118)  eta: 0:00:08  time: 0.1864  data: 0.0001  max mem: 2933
[23:31:44.192149] Epoch: [8]  [40/66]  lr: 0.000430  loss: 0.8474 (0.8806)  eta: 0:00:04  time: 0.1855  data: 0.0001  max mem: 2933
[23:31:47.949187] Epoch: [8]  [60/66]  lr: 0.000445  loss: 0.8474 (0.8720)  eta: 0:00:01  time: 0.1878  data: 0.0001  max mem: 2933
[23:31:48.703150] Epoch: [8]  [65/66]  lr: 0.000449  loss: 0.8557 (0.8797)  eta: 0:00:00  time: 0.1785  data: 0.0001  max mem: 2933
[23:31:48.766971] Epoch: [8] Total time: 0:00:12 (0.1873 s / it)
[23:31:48.767016] Averaged stats: lr: 0.000449  loss: 0.8557 (0.8797)
/home/nvidia/netmambaplus-reproduction/upstream/NetMambaPlus/src/engine_mm.py:220: FutureWarning: `torch.cuda.amp.autocast(args...)` is deprecated. Please use `torch.amp.autocast('cuda', args...)` instead.
  with torch.cuda.amp.autocast():
[23:31:48.925944] Test:  [0/9]  loss: 0.3694 (0.3694)  acc1: 0.8906 (0.8906)  acc3: 0.9922 (0.9922)  eta: 0:00:01  time: 0.1572  data: 0.1114  max mem: 2933
[23:31:49.205543] Test:  [8/9]  loss: 0.5864 (0.5978)  acc1: 0.8281 (0.7913)  acc3: 0.9922 (0.9837)  eta: 0:00:00  time: 0.0485  data: 0.0125  max mem: 2933
[23:31:49.277568] Test: Total time: 0:00:00 (0.0566 s / it)
[23:31:49.336377] * Acc@1 0.7913 Acc@3 0.9837 loss 0.5978
[23:31:49.336413] * Pre 0.8021 Rec 0.7913 F1 0.7875
[23:31:49.366901] Accuracy of the network on test samples: 0.7913
[23:31:49.366930] F1 of the network on test samples: 0.7875
[23:31:49.366935] Max Accuracy: 0.7913
[23:31:49.366940] Max F1: 0.7875
[23:31:49.368342] log_dir: /home/nvidia/netmambaplus-reproduction/runs/ciciot-ft-seed0/logs
[23:31:49.686471] Epoch: [9]  [ 0/66]  lr: 0.000450  loss: 0.8352 (0.8352)  eta: 0:00:20  time: 0.3171  data: 0.1223  max mem: 2933
[23:31:53.448909] Epoch: [9]  [20/66]  lr: 0.000465  loss: 0.8795 (0.8786)  eta: 0:00:08  time: 0.1881  data: 0.0002  max mem: 2933
[23:31:57.162931] Epoch: [9]  [40/66]  lr: 0.000480  loss: 0.8397 (0.8698)  eta: 0:00:04  time: 0.1857  data: 0.0001  max mem: 2933
[23:32:00.872051] Epoch: [9]  [60/66]  lr: 0.000495  loss: 0.8505 (0.8645)  eta: 0:00:01  time: 0.1854  data: 0.0001  max mem: 2933
[23:32:01.633192] Epoch: [9]  [65/66]  lr: 0.000499  loss: 0.8505 (0.8650)  eta: 0:00:00  time: 0.1773  data: 0.0001  max mem: 2933
[23:32:01.697340] Epoch: [9] Total time: 0:00:12 (0.1868 s / it)
[23:32:01.697395] Averaged stats: lr: 0.000499  loss: 0.8505 (0.8650)
/home/nvidia/netmambaplus-reproduction/upstream/NetMambaPlus/src/engine_mm.py:220: FutureWarning: `torch.cuda.amp.autocast(args...)` is deprecated. Please use `torch.amp.autocast('cuda', args...)` instead.
  with torch.cuda.amp.autocast():
[23:32:01.897657] Test:  [0/9]  loss: 0.3132 (0.3132)  acc1: 0.8906 (0.8906)  acc3: 0.9922 (0.9922)  eta: 0:00:01  time: 0.1981  data: 0.1525  max mem: 2933
[23:32:02.174236] Test:  [8/9]  loss: 0.4348 (0.5647)  acc1: 0.8125 (0.7952)  acc3: 0.9922 (0.9846)  eta: 0:00:00  time: 0.0527  data: 0.0170  max mem: 2933
[23:32:02.240336] Test: Total time: 0:00:00 (0.0602 s / it)
[23:32:02.299529] * Acc@1 0.7952 Acc@3 0.9846 loss 0.5647
[23:32:02.299568] * Pre 0.8095 Rec 0.7952 F1 0.7871
[23:32:02.331237] Accuracy of the network on test samples: 0.7952
[23:32:02.331447] F1 of the network on test samples: 0.7871
[23:32:02.331508] Max Accuracy: 0.7952
[23:32:02.331512] Max F1: 0.7875
[23:32:02.332421] log_dir: /home/nvidia/netmambaplus-reproduction/runs/ciciot-ft-seed0/logs
[23:32:02.641492] Epoch: [10]  [ 0/66]  lr: 0.000500  loss: 0.9349 (0.9349)  eta: 0:00:20  time: 0.3081  data: 0.1146  max mem: 2933
[23:32:06.345458] Epoch: [10]  [20/66]  lr: 0.000515  loss: 0.8544 (0.8556)  eta: 0:00:08  time: 0.1852  data: 0.0001  max mem: 2933
[23:32:10.020711] Epoch: [10]  [40/66]  lr: 0.000530  loss: 0.8252 (0.8440)  eta: 0:00:04  time: 0.1837  data: 0.0001  max mem: 2933
[23:32:13.721156] Epoch: [10]  [60/66]  lr: 0.000545  loss: 0.8220 (0.8352)  eta: 0:00:01  time: 0.1850  data: 0.0001  max mem: 2933
[23:32:14.472016] Epoch: [10]  [65/66]  lr: 0.000549  loss: 0.8219 (0.8274)  eta: 0:00:00  time: 0.1757  data: 0.0001  max mem: 2933
[23:32:14.541635] Epoch: [10] Total time: 0:00:12 (0.1850 s / it)
[23:32:14.541697] Averaged stats: lr: 0.000549  loss: 0.8219 (0.8274)
/home/nvidia/netmambaplus-reproduction/upstream/NetMambaPlus/src/engine_mm.py:220: FutureWarning: `torch.cuda.amp.autocast(args...)` is deprecated. Please use `torch.amp.autocast('cuda', args...)` instead.
  with torch.cuda.amp.autocast():
[23:32:14.703698] Test:  [0/9]  loss: 0.4404 (0.4404)  acc1: 0.8984 (0.8984)  acc3: 0.9297 (0.9297)  eta: 0:00:01  time: 0.1601  data: 0.1085  max mem: 2933
[23:32:14.977926] Test:  [8/9]  loss: 0.6797 (0.5919)  acc1: 0.7578 (0.8250)  acc3: 0.9844 (0.9760)  eta: 0:00:00  time: 0.0482  data: 0.0121  max mem: 2933
[23:32:15.047032] Test: Total time: 0:00:00 (0.0560 s / it)
[23:32:15.103116] * Acc@1 0.8250 Acc@3 0.9760 loss 0.5919
[23:32:15.103150] * Pre 0.8541 Rec 0.8250 F1 0.8278
[23:32:15.133733] Accuracy of the network on test samples: 0.8250
[23:32:15.133762] F1 of the network on test samples: 0.8278
[23:32:15.133767] Max Accuracy: 0.8250
[23:32:15.133771] Max F1: 0.8278
[23:32:15.135318] log_dir: /home/nvidia/netmambaplus-reproduction/runs/ciciot-ft-seed0/logs
[23:32:15.450923] Epoch: [11]  [ 0/66]  lr: 0.000550  loss: 0.9369 (0.9369)  eta: 0:00:20  time: 0.3147  data: 0.1223  max mem: 2933
[23:32:19.134834] Epoch: [11]  [20/66]  lr: 0.000565  loss: 0.8552 (0.8420)  eta: 0:00:08  time: 0.1842  data: 0.0001  max mem: 2933
[23:32:22.790191] Epoch: [11]  [40/66]  lr: 0.000580  loss: 0.7970 (0.8300)  eta: 0:00:04  time: 0.1827  data: 0.0001  max mem: 2933
[23:32:26.473910] Epoch: [11]  [60/66]  lr: 0.000595  loss: 0.7913 (0.8208)  eta: 0:00:01  time: 0.1841  data: 0.0001  max mem: 2933
[23:32:27.228888] Epoch: [11]  [65/66]  lr: 0.000599  loss: 0.8328 (0.8313)  eta: 0:00:00  time: 0.1761  data: 0.0002  max mem: 2933
[23:32:27.299679] Epoch: [11] Total time: 0:00:12 (0.1843 s / it)
[23:32:27.299728] Averaged stats: lr: 0.000599  loss: 0.8328 (0.8313)
/home/nvidia/netmambaplus-reproduction/upstream/NetMambaPlus/src/engine_mm.py:220: FutureWarning: `torch.cuda.amp.autocast(args...)` is deprecated. Please use `torch.amp.autocast('cuda', args...)` instead.
  with torch.cuda.amp.autocast():
[23:32:27.493931] Test:  [0/9]  loss: 0.7012 (0.7012)  acc1: 0.8906 (0.8906)  acc3: 0.9219 (0.9219)  eta: 0:00:01  time: 0.1926  data: 0.1471  max mem: 2933
[23:32:27.772302] Test:  [8/9]  loss: 0.7012 (0.6350)  acc1: 0.7266 (0.8010)  acc3: 0.9844 (0.9740)  eta: 0:00:00  time: 0.0523  data: 0.0164  max mem: 2933
[23:32:27.841538] Test: Total time: 0:00:00 (0.0601 s / it)
[23:32:27.897513] * Acc@1 0.8010 Acc@3 0.9740 loss 0.6350
[23:32:27.897549] * Pre 0.8184 Rec 0.8010 F1 0.8006
[23:32:27.898422] Accuracy of the network on test samples: 0.8010
[23:32:27.898604] F1 of the network on test samples: 0.8006
[23:32:27.898608] Max Accuracy: 0.8250
[23:32:27.898612] Max F1: 0.8278
[23:32:27.899765] log_dir: /home/nvidia/netmambaplus-reproduction/runs/ciciot-ft-seed0/logs
[23:32:28.214151] Epoch: [12]  [ 0/66]  lr: 0.000600  loss: 0.8547 (0.8547)  eta: 0:00:20  time: 0.3131  data: 0.1174  max mem: 2933
[23:32:31.873647] Epoch: [12]  [20/66]  lr: 0.000615  loss: 0.9064 (0.9106)  eta: 0:00:08  time: 0.1829  data: 0.0001  max mem: 2933
[23:32:35.571684] Epoch: [12]  [40/66]  lr: 0.000630  loss: 0.8570 (0.8796)  eta: 0:00:04  time: 0.1849  data: 0.0001  max mem: 2933
[23:32:39.237612] Epoch: [12]  [60/66]  lr: 0.000645  loss: 0.8267 (0.8632)  eta: 0:00:01  time: 0.1833  data: 0.0001  max mem: 2933
[23:32:39.978687] Epoch: [12]  [65/66]  lr: 0.000649  loss: 0.8113 (0.8652)  eta: 0:00:00  time: 0.1739  data: 0.0001  max mem: 2933
[23:32:40.042175] Epoch: [12] Total time: 0:00:12 (0.1840 s / it)
[23:32:40.042222] Averaged stats: lr: 0.000649  loss: 0.8113 (0.8652)
/home/nvidia/netmambaplus-reproduction/upstream/NetMambaPlus/src/engine_mm.py:220: FutureWarning: `torch.cuda.amp.autocast(args...)` is deprecated. Please use `torch.amp.autocast('cuda', args...)` instead.
  with torch.cuda.amp.autocast():
[23:32:40.204323] Test:  [0/9]  loss: 0.3906 (0.3906)  acc1: 0.8984 (0.8984)  acc3: 0.9922 (0.9922)  eta: 0:00:01  time: 0.1602  data: 0.1124  max mem: 2933
[23:32:40.476798] Test:  [8/9]  loss: 0.3906 (0.5336)  acc1: 0.8125 (0.7971)  acc3: 0.9922 (0.9875)  eta: 0:00:00  time: 0.0480  data: 0.0125  max mem: 2933
[23:32:40.547202] Test: Total time: 0:00:00 (0.0560 s / it)
[23:32:40.602764] * Acc@1 0.7971 Acc@3 0.9875 loss 0.5336
[23:32:40.602797] * Pre 0.8120 Rec 0.7971 F1 0.7869
[23:32:40.603694] Accuracy of the network on test samples: 0.7971
[23:32:40.603705] F1 of the network on test samples: 0.7869
[23:32:40.603709] Max Accuracy: 0.8250
[23:32:40.603724] Max F1: 0.8278
[23:32:40.605182] log_dir: /home/nvidia/netmambaplus-reproduction/runs/ciciot-ft-seed0/logs
[23:32:40.944158] Epoch: [13]  [ 0/66]  lr: 0.000650  loss: 0.9447 (0.9447)  eta: 0:00:22  time: 0.3381  data: 0.1472  max mem: 2933
[23:32:44.646444] Epoch: [13]  [20/66]  lr: 0.000665  loss: 0.8539 (0.8676)  eta: 0:00:08  time: 0.1851  data: 0.0001  max mem: 2933
[23:32:48.298837] Epoch: [13]  [40/66]  lr: 0.000680  loss: 0.8348 (0.8500)  eta: 0:00:04  time: 0.1826  data: 0.0001  max mem: 2933
[23:32:52.073102] Epoch: [13]  [60/66]  lr: 0.000695  loss: 0.8099 (0.8374)  eta: 0:00:01  time: 0.1887  data: 0.0001  max mem: 2933
[23:32:52.830475] Epoch: [13]  [65/66]  lr: 0.000699  loss: 0.8217 (0.8347)  eta: 0:00:00  time: 0.1810  data: 0.0001  max mem: 2933
[23:32:52.893694] Epoch: [13] Total time: 0:00:12 (0.1862 s / it)
[23:32:52.893854] Averaged stats: lr: 0.000699  loss: 0.8217 (0.8347)
/home/nvidia/netmambaplus-reproduction/upstream/NetMambaPlus/src/engine_mm.py:220: FutureWarning: `torch.cuda.amp.autocast(args...)` is deprecated. Please use `torch.amp.autocast('cuda', args...)` instead.
  with torch.cuda.amp.autocast():
[23:32:53.053652] Test:  [0/9]  loss: 0.3877 (0.3877)  acc1: 0.8906 (0.8906)  acc3: 0.9922 (0.9922)  eta: 0:00:01  time: 0.1570  data: 0.1116  max mem: 2933
[23:32:53.328635] Test:  [8/9]  loss: 0.5327 (0.5554)  acc1: 0.8047 (0.8183)  acc3: 0.9922 (0.9846)  eta: 0:00:00  time: 0.0480  data: 0.0125  max mem: 2933
[23:32:53.391845] Test: Total time: 0:00:00 (0.0552 s / it)
[23:32:53.449160] * Acc@1 0.8183 Acc@3 0.9846 loss 0.5554
[23:32:53.449198] * Pre 0.8307 Rec 0.8183 F1 0.8184
[23:32:53.450092] Accuracy of the network on test samples: 0.8183
[23:32:53.450102] F1 of the network on test samples: 0.8184
[23:32:53.450107] Max Accuracy: 0.8250
[23:32:53.450112] Max F1: 0.8278
[23:32:53.451729] log_dir: /home/nvidia/netmambaplus-reproduction/runs/ciciot-ft-seed0/logs
[23:32:53.764643] Epoch: [14]  [ 0/66]  lr: 0.000700  loss: 0.7754 (0.7754)  eta: 0:00:20  time: 0.3119  data: 0.1177  max mem: 2933
[23:32:57.456339] Epoch: [14]  [20/66]  lr: 0.000715  loss: 0.8305 (0.8340)  eta: 0:00:08  time: 0.1846  data: 0.0001  max mem: 2933
[23:33:01.194742] Epoch: [14]  [40/66]  lr: 0.000730  loss: 0.8019 (0.8179)  eta: 0:00:04  time: 0.1869  data: 0.0001  max mem: 2933
[23:33:04.918694] Epoch: [14]  [60/66]  lr: 0.000745  loss: 0.7958 (0.8143)  eta: 0:00:01  time: 0.1862  data: 0.0001  max mem: 2933
[23:33:05.663879] Epoch: [14]  [65/66]  lr: 0.000749  loss: 0.8013 (0.8187)  eta: 0:00:00  time: 0.1771  data: 0.0001  max mem: 2933
[23:33:05.733620] Epoch: [14] Total time: 0:00:12 (0.1861 s / it)
[23:33:05.733681] Averaged stats: lr: 0.000749  loss: 0.8013 (0.8187)
/home/nvidia/netmambaplus-reproduction/upstream/NetMambaPlus/src/engine_mm.py:220: FutureWarning: `torch.cuda.amp.autocast(args...)` is deprecated. Please use `torch.amp.autocast('cuda', args...)` instead.
  with torch.cuda.amp.autocast():
[23:33:05.891452] Test:  [0/9]  loss: 0.3967 (0.3967)  acc1: 0.8906 (0.8906)  acc3: 0.9922 (0.9922)  eta: 0:00:01  time: 0.1559  data: 0.1113  max mem: 2933
[23:33:06.166423] Test:  [8/9]  loss: 0.5508 (0.5403)  acc1: 0.7969 (0.8269)  acc3: 0.9922 (0.9827)  eta: 0:00:00  time: 0.0478  data: 0.0124  max mem: 2933
[23:33:06.230141] Test: Total time: 0:00:00 (0.0550 s / it)
[23:33:06.287453] * Acc@1 0.8269 Acc@3 0.9827 loss 0.5403
[23:33:06.287486] * Pre 0.8421 Rec 0.8269 F1 0.8282
[23:33:06.326210] Accuracy of the network on test samples: 0.8269
[23:33:06.326485] F1 of the network on test samples: 0.8282
[23:33:06.326491] Max Accuracy: 0.8269
[23:33:06.326497] Max F1: 0.8282
[23:33:06.327695] log_dir: /home/nvidia/netmambaplus-reproduction/runs/ciciot-ft-seed0/logs
[23:33:06.637834] Epoch: [15]  [ 0/66]  lr: 0.000750  loss: 0.7794 (0.7794)  eta: 0:00:20  time: 0.3087  data: 0.1142  max mem: 2933
[23:33:10.370756] Epoch: [15]  [20/66]  lr: 0.000765  loss: 0.8186 (0.8439)  eta: 0:00:08  time: 0.1866  data: 0.0001  max mem: 2933
[23:33:14.263097] Epoch: [15]  [40/66]  lr: 0.000780  loss: 0.8181 (0.8310)  eta: 0:00:05  time: 0.1946  data: 0.0002  max mem: 2933
[23:33:18.243212] Epoch: [15]  [60/66]  lr: 0.000795  loss: 0.7598 (0.8106)  eta: 0:00:01  time: 0.1990  data: 0.0002  max mem: 2933
[23:33:19.046866] Epoch: [15]  [65/66]  lr: 0.000799  loss: 0.7680 (0.8020)  eta: 0:00:00  time: 0.1899  data: 0.0002  max mem: 2933
[23:33:19.119900] Epoch: [15] Total time: 0:00:12 (0.1938 s / it)
[23:33:19.119956] Averaged stats: lr: 0.000799  loss: 0.7680 (0.8020)
/home/nvidia/netmambaplus-reproduction/upstream/NetMambaPlus/src/engine_mm.py:220: FutureWarning: `torch.cuda.amp.autocast(args...)` is deprecated. Please use `torch.amp.autocast('cuda', args...)` instead.
  with torch.cuda.amp.autocast():
[23:33:19.332162] Test:  [0/9]  loss: 0.3979 (0.3979)  acc1: 0.8984 (0.8984)  acc3: 0.9922 (0.9922)  eta: 0:00:01  time: 0.2102  data: 0.1652  max mem: 2933
[23:33:19.609690] Test:  [8/9]  loss: 0.5132 (0.5122)  acc1: 0.7969 (0.8317)  acc3: 0.9844 (0.9808)  eta: 0:00:00  time: 0.0542  data: 0.0184  max mem: 2933
[23:33:19.670552] Test: Total time: 0:00:00 (0.0611 s / it)
[23:33:19.729598] * Acc@1 0.8317 Acc@3 0.9808 loss 0.5122
[23:33:19.729637] * Pre 0.8399 Rec 0.8317 F1 0.8326
[23:33:19.762632] Accuracy of the network on test samples: 0.8317
[23:33:19.763242] F1 of the network on test samples: 0.8326
[23:33:19.763259] Max Accuracy: 0.8317
[23:33:19.763265] Max F1: 0.8326
[23:33:19.764241] log_dir: /home/nvidia/netmambaplus-reproduction/runs/ciciot-ft-seed0/logs
[23:33:20.116442] Epoch: [16]  [ 0/66]  lr: 0.000800  loss: 0.7170 (0.7170)  eta: 0:00:23  time: 0.3507  data: 0.1567  max mem: 2933
[23:33:23.853834] Epoch: [16]  [20/66]  lr: 0.000815  loss: 0.7660 (0.7734)  eta: 0:00:08  time: 0.1868  data: 0.0001  max mem: 2933
[23:33:27.700738] Epoch: [16]  [40/66]  lr: 0.000830  loss: 0.8184 (0.7918)  eta: 0:00:05  time: 0.1923  data: 0.0001  max mem: 2933
[23:33:31.344852] Epoch: [16]  [60/66]  lr: 0.000845  loss: 0.7515 (0.7788)  eta: 0:00:01  time: 0.1822  data: 0.0001  max mem: 2933
[23:33:32.077264] Epoch: [16]  [65/66]  lr: 0.000849  loss: 0.7468 (0.7728)  eta: 0:00:00  time: 0.1732  data: 0.0001  max mem: 2933
[23:33:32.148703] Epoch: [16] Total time: 0:00:12 (0.1876 s / it)
[23:33:32.148753] Averaged stats: lr: 0.000849  loss: 0.7468 (0.7728)
/home/nvidia/netmambaplus-reproduction/upstream/NetMambaPlus/src/engine_mm.py:220: FutureWarning: `torch.cuda.amp.autocast(args...)` is deprecated. Please use `torch.amp.autocast('cuda', args...)` instead.
  with torch.cuda.amp.autocast():
[23:33:32.310572] Test:  [0/9]  loss: 0.3728 (0.3728)  acc1: 0.8906 (0.8906)  acc3: 0.9922 (0.9922)  eta: 0:00:01  time: 0.1602  data: 0.1141  max mem: 2933
[23:33:32.583492] Test:  [8/9]  loss: 0.3728 (0.5148)  acc1: 0.8750 (0.8202)  acc3: 0.9922 (0.9856)  eta: 0:00:00  time: 0.0481  data: 0.0127  max mem: 2933
[23:33:32.644599] Test: Total time: 0:00:00 (0.0550 s / it)
[23:33:32.702469] * Acc@1 0.8202 Acc@3 0.9856 loss 0.5148
[23:33:32.702503] * Pre 0.8277 Rec 0.8202 F1 0.8143
[23:33:32.703278] Accuracy of the network on test samples: 0.8202
[23:33:32.703736] F1 of the network on test samples: 0.8143
[23:33:32.703753] Max Accuracy: 0.8317
[23:33:32.703758] Max F1: 0.8326
[23:33:32.704733] log_dir: /home/nvidia/netmambaplus-reproduction/runs/ciciot-ft-seed0/logs
[23:33:33.043604] Epoch: [17]  [ 0/66]  lr: 0.000850  loss: 0.7257 (0.7257)  eta: 0:00:22  time: 0.3379  data: 0.1429  max mem: 2933
[23:33:36.699272] Epoch: [17]  [20/66]  lr: 0.000865  loss: 0.7765 (0.7854)  eta: 0:00:08  time: 0.1828  data: 0.0001  max mem: 2933
[23:33:40.344714] Epoch: [17]  [40/66]  lr: 0.000880  loss: 0.7552 (0.7705)  eta: 0:00:04  time: 0.1822  data: 0.0001  max mem: 2933
[23:33:43.978862] Epoch: [17]  [60/66]  lr: 0.000895  loss: 0.7892 (0.7797)  eta: 0:00:01  time: 0.1817  data: 0.0001  max mem: 2933
[23:33:44.720673] Epoch: [17]  [65/66]  lr: 0.000899  loss: 0.8251 (0.7913)  eta: 0:00:00  time: 0.1733  data: 0.0001  max mem: 2933
[23:33:44.783619] Epoch: [17] Total time: 0:00:12 (0.1830 s / it)
[23:33:44.783678] Averaged stats: lr: 0.000899  loss: 0.8251 (0.7913)
/home/nvidia/netmambaplus-reproduction/upstream/NetMambaPlus/src/engine_mm.py:220: FutureWarning: `torch.cuda.amp.autocast(args...)` is deprecated. Please use `torch.amp.autocast('cuda', args...)` instead.
  with torch.cuda.amp.autocast():
[23:33:44.975987] Test:  [0/9]  loss: 0.3640 (0.3640)  acc1: 0.8906 (0.8906)  acc3: 0.9922 (0.9922)  eta: 0:00:01  time: 0.1905  data: 0.1461  max mem: 2933
[23:33:45.251072] Test:  [8/9]  loss: 0.4834 (0.5056)  acc1: 0.8281 (0.8327)  acc3: 0.9922 (0.9846)  eta: 0:00:00  time: 0.0517  data: 0.0163  max mem: 2933
[23:33:45.310589] Test: Total time: 0:00:00 (0.0584 s / it)
[23:33:45.366302] * Acc@1 0.8327 Acc@3 0.9846 loss 0.5056
[23:33:45.366334] * Pre 0.8384 Rec 0.8327 F1 0.8300
[23:33:45.397440] Accuracy of the network on test samples: 0.8327
[23:33:45.397669] F1 of the network on test samples: 0.8300
[23:33:45.397674] Max Accuracy: 0.8327
[23:33:45.397678] Max F1: 0.8326
[23:33:45.398715] log_dir: /home/nvidia/netmambaplus-reproduction/runs/ciciot-ft-seed0/logs
[23:33:45.701703] Epoch: [18]  [ 0/66]  lr: 0.000900  loss: 0.8033 (0.8033)  eta: 0:00:19  time: 0.3019  data: 0.1115  max mem: 2933
[23:33:49.365366] Epoch: [18]  [20/66]  lr: 0.000915  loss: 0.8150 (0.8349)  eta: 0:00:08  time: 0.1832  data: 0.0001  max mem: 2933
[23:33:53.011735] Epoch: [18]  [40/66]  lr: 0.000930  loss: 0.7945 (0.8157)  eta: 0:00:04  time: 0.1823  data: 0.0001  max mem: 2933
[23:33:56.664770] Epoch: [18]  [60/66]  lr: 0.000945  loss: 0.7773 (0.8015)  eta: 0:00:01  time: 0.1826  data: 0.0001  max mem: 2933
[23:33:57.406138] Epoch: [18]  [65/66]  lr: 0.000949  loss: 0.7776 (0.8025)  eta: 0:00:00  time: 0.1741  data: 0.0001  max mem: 2933
[23:33:57.478272] Epoch: [18] Total time: 0:00:12 (0.1830 s / it)
[23:33:57.478328] Averaged stats: lr: 0.000949  loss: 0.7776 (0.8025)
/home/nvidia/netmambaplus-reproduction/upstream/NetMambaPlus/src/engine_mm.py:220: FutureWarning: `torch.cuda.amp.autocast(args...)` is deprecated. Please use `torch.amp.autocast('cuda', args...)` instead.
  with torch.cuda.amp.autocast():
[23:33:57.668417] Test:  [0/9]  loss: 0.3950 (0.3950)  acc1: 0.8828 (0.8828)  acc3: 0.9844 (0.9844)  eta: 0:00:01  time: 0.1884  data: 0.1446  max mem: 2933
[23:33:57.940303] Test:  [8/9]  loss: 0.3950 (0.4974)  acc1: 0.8750 (0.8144)  acc3: 0.9922 (0.9856)  eta: 0:00:00  time: 0.0511  data: 0.0161  max mem: 2933
[23:33:58.025173] Test: Total time: 0:00:00 (0.0607 s / it)
[23:33:58.082109] * Acc@1 0.8144 Acc@3 0.9856 loss 0.4974
[23:33:58.082146] * Pre 0.8372 Rec 0.8154 F1 0.8123
[23:33:58.082936] Accuracy of the network on test samples: 0.8144
[23:33:58.082946] F1 of the network on test samples: 0.8123
[23:33:58.082951] Max Accuracy: 0.8327
[23:33:58.082957] Max F1: 0.8326
[23:33:58.084553] log_dir: /home/nvidia/netmambaplus-reproduction/runs/ciciot-ft-seed0/logs
[23:33:58.427669] Epoch: [19]  [ 0/66]  lr: 0.000950  loss: 0.7346 (0.7346)  eta: 0:00:22  time: 0.3417  data: 0.1508  max mem: 2933
[23:34:02.086358] Epoch: [19]  [20/66]  lr: 0.000965  loss: 0.7668 (0.7827)  eta: 0:00:08  time: 0.1829  data: 0.0001  max mem: 2933
[23:34:05.731996] Epoch: [19]  [40/66]  lr: 0.000980  loss: 0.7997 (0.7918)  eta: 0:00:04  time: 0.1823  data: 0.0001  max mem: 2933
[23:34:09.384364] Epoch: [19]  [60/66]  lr: 0.000995  loss: 0.7585 (0.7832)  eta: 0:00:01  time: 0.1826  data: 0.0001  max mem: 2933
[23:34:10.123478] Epoch: [19]  [65/66]  lr: 0.000999  loss: 0.7594 (0.7845)  eta: 0:00:00  time: 0.1736  data: 0.0001  max mem: 2933
[23:34:10.194758] Epoch: [19] Total time: 0:00:12 (0.1835 s / it)
[23:34:10.194931] Averaged stats: lr: 0.000999  loss: 0.7594 (0.7845)
/home/nvidia/netmambaplus-reproduction/upstream/NetMambaPlus/src/engine_mm.py:220: FutureWarning: `torch.cuda.amp.autocast(args...)` is deprecated. Please use `torch.amp.autocast('cuda', args...)` instead.
  with torch.cuda.amp.autocast():
[23:34:10.390485] Test:  [0/9]  loss: 0.3792 (0.3792)  acc1: 0.8906 (0.8906)  acc3: 0.9922 (0.9922)  eta: 0:00:01  time: 0.1927  data: 0.1488  max mem: 2933
[23:34:10.664552] Test:  [8/9]  loss: 0.4741 (0.5161)  acc1: 0.8516 (0.8317)  acc3: 0.9844 (0.9856)  eta: 0:00:00  time: 0.0518  data: 0.0166  max mem: 2933
[23:34:10.724958] Test: Total time: 0:00:00 (0.0588 s / it)
[23:34:10.780618] * Acc@1 0.8317 Acc@3 0.9856 loss 0.5161
[23:34:10.780656] * Pre 0.8353 Rec 0.8317 F1 0.8279
[23:34:10.781490] Accuracy of the network on test samples: 0.8317
[23:34:10.781500] F1 of the network on test samples: 0.8279
[23:34:10.781505] Max Accuracy: 0.8327
[23:34:10.781509] Max F1: 0.8326
[23:34:10.783008] log_dir: /home/nvidia/netmambaplus-reproduction/runs/ciciot-ft-seed0/logs
[23:34:11.128024] Epoch: [20]  [ 0/66]  lr: 0.001000  loss: 0.7295 (0.7295)  eta: 0:00:22  time: 0.3442  data: 0.1547  max mem: 2933
[23:34:14.787628] Epoch: [20]  [20/66]  lr: 0.001000  loss: 0.7724 (0.7819)  eta: 0:00:08  time: 0.1830  data: 0.0001  max mem: 2933
[23:34:18.433775] Epoch: [20]  [40/66]  lr: 0.001000  loss: 0.7421 (0.7671)  eta: 0:00:04  time: 0.1823  data: 0.0001  max mem: 2933
[23:34:22.079855] Epoch: [20]  [60/66]  lr: 0.001000  loss: 0.7606 (0.7665)  eta: 0:00:01  time: 0.1823  data: 0.0001  max mem: 2933
[23:34:22.826716] Epoch: [20]  [65/66]  lr: 0.001000  loss: 0.7434 (0.7606)  eta: 0:00:00  time: 0.1742  data: 0.0001  max mem: 2933
[23:34:22.899100] Epoch: [20] Total time: 0:00:12 (0.1836 s / it)
[23:34:22.899337] Averaged stats: lr: 0.001000  loss: 0.7434 (0.7606)
/home/nvidia/netmambaplus-reproduction/upstream/NetMambaPlus/src/engine_mm.py:220: FutureWarning: `torch.cuda.amp.autocast(args...)` is deprecated. Please use `torch.amp.autocast('cuda', args...)` instead.
  with torch.cuda.amp.autocast():
[23:34:23.073834] Test:  [0/9]  loss: 0.3704 (0.3704)  acc1: 0.8906 (0.8906)  acc3: 0.9922 (0.9922)  eta: 0:00:01  time: 0.1730  data: 0.1284  max mem: 2933
[23:34:23.342837] Test:  [8/9]  loss: 0.3999 (0.4628)  acc1: 0.8750 (0.8327)  acc3: 0.9922 (0.9894)  eta: 0:00:00  time: 0.0491  data: 0.0143  max mem: 2933
[23:34:23.413030] Test: Total time: 0:00:00 (0.0570 s / it)
[23:34:23.468769] * Acc@1 0.8327 Acc@3 0.9894 loss 0.4628
[23:34:23.468794] * Pre 0.8465 Rec 0.8327 F1 0.8291
[23:34:23.469526] Accuracy of the network on test samples: 0.8327
[23:34:23.469534] F1 of the network on test samples: 0.8291
[23:34:23.469540] Max Accuracy: 0.8327
[23:34:23.469545] Max F1: 0.8326
[23:34:23.470971] log_dir: /home/nvidia/netmambaplus-reproduction/runs/ciciot-ft-seed0/logs
[23:34:23.814890] Epoch: [21]  [ 0/66]  lr: 0.001000  loss: 0.6759 (0.6759)  eta: 0:00:22  time: 0.3424  data: 0.1511  max mem: 2933
[23:34:27.471804] Epoch: [21]  [20/66]  lr: 0.001000  loss: 0.7697 (0.7717)  eta: 0:00:08  time: 0.1828  data: 0.0001  max mem: 2933
[23:34:31.125424] Epoch: [21]  [40/66]  lr: 0.000999  loss: 0.7401 (0.7643)  eta: 0:00:04  time: 0.1827  data: 0.0001  max mem: 2933
[23:34:34.776886] Epoch: [21]  [60/66]  lr: 0.000999  loss: 0.7723 (0.7640)  eta: 0:00:01  time: 0.1826  data: 0.0001  max mem: 2933
[23:34:35.520817] Epoch: [21]  [65/66]  lr: 0.000999  loss: 0.7695 (0.7700)  eta: 0:00:00  time: 0.1744  data: 0.0001  max mem: 2933
[23:34:35.592132] Epoch: [21] Total time: 0:00:12 (0.1837 s / it)
[23:34:35.592180] Averaged stats: lr: 0.000999  loss: 0.7695 (0.7700)
/home/nvidia/netmambaplus-reproduction/upstream/NetMambaPlus/src/engine_mm.py:220: FutureWarning: `torch.cuda.amp.autocast(args...)` is deprecated. Please use `torch.amp.autocast('cuda', args...)` instead.
  with torch.cuda.amp.autocast():
[23:34:35.751322] Test:  [0/9]  loss: 0.3687 (0.3687)  acc1: 0.8906 (0.8906)  acc3: 0.9922 (0.9922)  eta: 0:00:01  time: 0.1575  data: 0.1126  max mem: 2933
[23:34:36.023700] Test:  [8/9]  loss: 0.4292 (0.4954)  acc1: 0.8906 (0.8250)  acc3: 0.9922 (0.9875)  eta: 0:00:00  time: 0.0477  data: 0.0126  max mem: 2933
[23:34:36.083243] Test: Total time: 0:00:00 (0.0545 s / it)
[23:34:36.138888] * Acc@1 0.8250 Acc@3 0.9875 loss 0.4954
[23:34:36.138920] * Pre 0.8395 Rec 0.8250 F1 0.8202
[23:34:36.139673] Accuracy of the network on test samples: 0.8250
[23:34:36.139884] F1 of the network on test samples: 0.8202
[23:34:36.139889] Max Accuracy: 0.8327
[23:34:36.139894] Max F1: 0.8326
[23:34:36.141010] log_dir: /home/nvidia/netmambaplus-reproduction/runs/ciciot-ft-seed0/logs
[23:34:36.476831] Epoch: [22]  [ 0/66]  lr: 0.000999  loss: 0.7834 (0.7834)  eta: 0:00:22  time: 0.3350  data: 0.1428  max mem: 2933
[23:34:40.107801] Epoch: [22]  [20/66]  lr: 0.000999  loss: 0.8392 (0.8295)  eta: 0:00:08  time: 0.1815  data: 0.0001  max mem: 2933
[23:34:43.735021] Epoch: [22]  [40/66]  lr: 0.000998  loss: 0.7820 (0.8015)  eta: 0:00:04  time: 0.1813  data: 0.0001  max mem: 2933
[23:34:47.372155] Epoch: [22]  [60/66]  lr: 0.000998  loss: 0.7801 (0.7909)  eta: 0:00:01  time: 0.1818  data: 0.0001  max mem: 2933
[23:34:48.121368] Epoch: [22]  [65/66]  lr: 0.000998  loss: 0.7745 (0.7845)  eta: 0:00:00  time: 0.1737  data: 0.0001  max mem: 2933
[23:34:48.185248] Epoch: [22] Total time: 0:00:12 (0.1825 s / it)
[23:34:48.185293] Averaged stats: lr: 0.000998  loss: 0.7745 (0.7845)
/home/nvidia/netmambaplus-reproduction/upstream/NetMambaPlus/src/engine_mm.py:220: FutureWarning: `torch.cuda.amp.autocast(args...)` is deprecated. Please use `torch.amp.autocast('cuda', args...)` instead.
  with torch.cuda.amp.autocast():
[23:34:48.381155] Test:  [0/9]  loss: 0.4316 (0.4316)  acc1: 0.8906 (0.8906)  acc3: 0.9297 (0.9297)  eta: 0:00:01  time: 0.1931  data: 0.1489  max mem: 2933
[23:34:48.656010] Test:  [8/9]  loss: 0.4875 (0.4897)  acc1: 0.8281 (0.8394)  acc3: 0.9922 (0.9817)  eta: 0:00:00  time: 0.0520  data: 0.0166  max mem: 2933
[23:34:48.739788] Test: Total time: 0:00:00 (0.0615 s / it)
[23:34:48.795366] * Acc@1 0.8394 Acc@3 0.9817 loss 0.4897
[23:34:48.795405] * Pre 0.8471 Rec 0.8394 F1 0.8365
[23:34:48.825295] Accuracy of the network on test samples: 0.8394
[23:34:48.825319] F1 of the network on test samples: 0.8365
[23:34:48.825324] Max Accuracy: 0.8394
[23:34:48.825328] Max F1: 0.8365
[23:34:48.826767] log_dir: /home/nvidia/netmambaplus-reproduction/runs/ciciot-ft-seed0/logs
[23:34:49.146971] Epoch: [23]  [ 0/66]  lr: 0.000998  loss: 0.7361 (0.7361)  eta: 0:00:21  time: 0.3192  data: 0.1242  max mem: 2933
[23:34:52.835461] Epoch: [23]  [20/66]  lr: 0.000997  loss: 0.7606 (0.7666)  eta: 0:00:08  time: 0.1844  data: 0.0001  max mem: 2933
[23:34:56.853387] Epoch: [23]  [40/66]  lr: 0.000997  loss: 0.7592 (0.7633)  eta: 0:00:05  time: 0.2009  data: 0.0001  max mem: 2933
[23:35:05.771155] Epoch: [23]  [60/66]  lr: 0.000996  loss: 0.7398 (0.7585)  eta: 0:00:01  time: 0.4458  data: 0.0002  max mem: 2933
[23:35:08.313084] Epoch: [23]  [65/66]  lr: 0.000996  loss: 0.7509 (0.7574)  eta: 0:00:00  time: 0.4910  data: 0.0002  max mem: 2933
[23:35:08.479387] Epoch: [23] Total time: 0:00:19 (0.2978 s / it)
[23:35:08.479491] Averaged stats: lr: 0.000996  loss: 0.7509 (0.7574)
/home/nvidia/netmambaplus-reproduction/upstream/NetMambaPlus/src/engine_mm.py:220: FutureWarning: `torch.cuda.amp.autocast(args...)` is deprecated. Please use `torch.amp.autocast('cuda', args...)` instead.
  with torch.cuda.amp.autocast():
[23:35:08.950514] Test:  [0/9]  loss: 0.3164 (0.3164)  acc1: 0.8906 (0.8906)  acc3: 0.9922 (0.9922)  eta: 0:00:04  time: 0.4663  data: 0.3159  max mem: 2933
[23:35:09.956227] Test:  [8/9]  loss: 0.5464 (0.4891)  acc1: 0.8125 (0.8471)  acc3: 0.9922 (0.9885)  eta: 0:00:00  time: 0.1635  data: 0.0353  max mem: 2933
[23:35:10.126445] Test: Total time: 0:00:01 (0.1827 s / it)
[23:35:10.204342] * Acc@1 0.8471 Acc@3 0.9885 loss 0.4891
[23:35:10.204398] * Pre 0.8617 Rec 0.8471 F1 0.8491
[23:35:10.272270] Accuracy of the network on test samples: 0.8471
[23:35:10.272761] F1 of the network on test samples: 0.8491
[23:35:10.272794] Max Accuracy: 0.8471
[23:35:10.272806] Max F1: 0.8491
[23:35:10.275306] log_dir: /home/nvidia/netmambaplus-reproduction/runs/ciciot-ft-seed0/logs
[23:35:11.267245] Epoch: [24]  [ 0/66]  lr: 0.000996  loss: 0.7817 (0.7817)  eta: 0:01:05  time: 0.9887  data: 0.3263  max mem: 2933
[23:35:24.003647] Epoch: [24]  [20/66]  lr: 0.000995  loss: 0.7316 (0.7446)  eta: 0:00:30  time: 0.6368  data: 0.0003  max mem: 2933
[23:35:36.792519] Epoch: [24]  [40/66]  lr: 0.000995  loss: 0.7544 (0.7456)  eta: 0:00:16  time: 0.6394  data: 0.0003  max mem: 2933
[23:35:47.194778] Epoch: [24]  [60/66]  lr: 0.000994  loss: 0.7664 (0.7503)  eta: 0:00:03  time: 0.5201  data: 0.0003  max mem: 2933
[23:35:48.962281] Epoch: [24]  [65/66]  lr: 0.000994  loss: 0.7387 (0.7510)  eta: 0:00:00  time: 0.4496  data: 0.0002  max mem: 2933
[23:35:49.132942] Epoch: [24] Total time: 0:00:38 (0.5887 s / it)
[23:35:49.133109] Averaged stats: lr: 0.000994  loss: 0.7387 (0.7510)
/home/nvidia/netmambaplus-reproduction/upstream/NetMambaPlus/src/engine_mm.py:220: FutureWarning: `torch.cuda.amp.autocast(args...)` is deprecated. Please use `torch.amp.autocast('cuda', args...)` instead.
  with torch.cuda.amp.autocast():
[23:35:49.616823] Test:  [0/9]  loss: 0.3640 (0.3640)  acc1: 0.8906 (0.8906)  acc3: 0.9922 (0.9922)  eta: 0:00:04  time: 0.4780  data: 0.3309  max mem: 2933
[23:35:50.622116] Test:  [8/9]  loss: 0.3882 (0.4637)  acc1: 0.8359 (0.8423)  acc3: 0.9922 (0.9875)  eta: 0:00:00  time: 0.1647  data: 0.0370  max mem: 2933
[23:35:50.792576] Test: Total time: 0:00:01 (0.1841 s / it)
[23:35:51.857967] * Acc@1 0.8423 Acc@3 0.9875 loss 0.4637
[23:35:51.858040] * Pre 0.8510 Rec 0.8423 F1 0.8405
[23:35:51.860161] Accuracy of the network on test samples: 0.8423
[23:35:51.860439] F1 of the network on test samples: 0.8405
[23:35:51.860448] Max Accuracy: 0.8471
[23:35:51.860459] Max F1: 0.8491
[23:35:51.862568] log_dir: /home/nvidia/netmambaplus-reproduction/runs/ciciot-ft-seed0/logs
[23:35:52.847037] Epoch: [25]  [ 0/66]  lr: 0.000994  loss: 0.7187 (0.7187)  eta: 0:01:04  time: 0.9817  data: 0.3290  max mem: 2933
[23:36:05.603334] Epoch: [25]  [20/66]  lr: 0.000993  loss: 0.7600 (0.7497)  eta: 0:00:30  time: 0.6378  data: 0.0003  max mem: 2933
[23:36:18.357530] Epoch: [25]  [40/66]  lr: 0.000992  loss: 0.7236 (0.7436)  eta: 0:00:16  time: 0.6377  data: 0.0003  max mem: 2933
[23:36:30.091813] Epoch: [25]  [60/66]  lr: 0.000991  loss: 0.7470 (0.7467)  eta: 0:00:03  time: 0.5867  data: 0.0003  max mem: 2933
[23:36:32.381779] Epoch: [25]  [65/66]  lr: 0.000991  loss: 0.7470 (0.7429)  eta: 0:00:00  time: 0.5420  data: 0.0003  max mem: 2933
[23:36:32.546766] Epoch: [25] Total time: 0:00:40 (0.6164 s / it)
[23:36:32.547138] Averaged stats: lr: 0.000991  loss: 0.7470 (0.7429)
/home/nvidia/netmambaplus-reproduction/upstream/NetMambaPlus/src/engine_mm.py:220: FutureWarning: `torch.cuda.amp.autocast(args...)` is deprecated. Please use `torch.amp.autocast('cuda', args...)` instead.
  with torch.cuda.amp.autocast():
[23:36:33.066788] Test:  [0/9]  loss: 0.4314 (0.4314)  acc1: 0.8906 (0.8906)  acc3: 0.9297 (0.9297)  eta: 0:00:04  time: 0.5144  data: 0.3672  max mem: 2933
[23:36:34.069623] Test:  [8/9]  loss: 0.4314 (0.4626)  acc1: 0.8906 (0.8365)  acc3: 0.9844 (0.9817)  eta: 0:00:00  time: 0.1685  data: 0.0410  max mem: 2933
[23:36:34.235691] Test: Total time: 0:00:01 (0.1873 s / it)
[23:36:34.312340] * Acc@1 0.8365 Acc@3 0.9817 loss 0.4626
[23:36:34.312454] * Pre 0.8501 Rec 0.8365 F1 0.8343
[23:36:34.314934] Accuracy of the network on test samples: 0.8365
[23:36:34.315792] F1 of the network on test samples: 0.8343
[23:36:34.315816] Max Accuracy: 0.8471
[23:36:34.316019] Max F1: 0.8491
[23:36:34.319747] log_dir: /home/nvidia/netmambaplus-reproduction/runs/ciciot-ft-seed0/logs
[23:36:35.307105] Epoch: [26]  [ 0/66]  lr: 0.000991  loss: 0.7452 (0.7452)  eta: 0:01:04  time: 0.9842  data: 0.3397  max mem: 2933
[23:36:48.047195] Epoch: [26]  [20/66]  lr: 0.000990  loss: 0.7592 (0.7490)  eta: 0:00:30  time: 0.6369  data: 0.0003  max mem: 2933
[23:37:00.747493] Epoch: [26]  [40/66]  lr: 0.000989  loss: 0.7440 (0.7464)  eta: 0:00:16  time: 0.6349  data: 0.0003  max mem: 2933
[23:37:12.772715] Epoch: [26]  [60/66]  lr: 0.000988  loss: 0.7290 (0.7438)  eta: 0:00:03  time: 0.6012  data: 0.0003  max mem: 2933
[23:37:15.025919] Epoch: [26]  [65/66]  lr: 0.000988  loss: 0.7228 (0.7386)  eta: 0:00:00  time: 0.5568  data: 0.0002  max mem: 2933
[23:37:15.187582] Epoch: [26] Total time: 0:00:40 (0.6192 s / it)
[23:37:15.187685] Averaged stats: lr: 0.000988  loss: 0.7228 (0.7386)
/home/nvidia/netmambaplus-reproduction/upstream/NetMambaPlus/src/engine_mm.py:220: FutureWarning: `torch.cuda.amp.autocast(args...)` is deprecated. Please use `torch.amp.autocast('cuda', args...)` instead.
  with torch.cuda.amp.autocast():
[23:37:15.638386] Test:  [0/9]  loss: 0.3875 (0.3875)  acc1: 0.8984 (0.8984)  acc3: 0.9922 (0.9922)  eta: 0:00:04  time: 0.4464  data: 0.3085  max mem: 2933
[23:37:16.626371] Test:  [8/9]  loss: 0.4114 (0.4616)  acc1: 0.8125 (0.8490)  acc3: 1.0000 (0.9904)  eta: 0:00:00  time: 0.1593  data: 0.0344  max mem: 2933
[23:37:16.763968] Test: Total time: 0:00:01 (0.1749 s / it)
[23:37:16.831521] * Acc@1 0.8490 Acc@3 0.9904 loss 0.4616
[23:37:16.831575] * Pre 0.8575 Rec 0.8490 F1 0.8504
[23:37:16.900535] Accuracy of the network on test samples: 0.8490
[23:37:16.900608] F1 of the network on test samples: 0.8504
[23:37:16.900613] Max Accuracy: 0.8490
[23:37:16.900619] Max F1: 0.8504
[23:37:16.903874] log_dir: /home/nvidia/netmambaplus-reproduction/runs/ciciot-ft-seed0/logs
[23:37:17.855698] Epoch: [27]  [ 0/66]  lr: 0.000988  loss: 0.6591 (0.6591)  eta: 0:01:02  time: 0.9487  data: 0.3079  max mem: 2933
[23:37:30.415648] Epoch: [27]  [20/66]  lr: 0.000987  loss: 0.7438 (0.7268)  eta: 0:00:29  time: 0.6280  data: 0.0003  max mem: 2933
[23:37:42.954716] Epoch: [27]  [40/66]  lr: 0.000986  loss: 0.7210 (0.7266)  eta: 0:00:16  time: 0.6269  data: 0.0002  max mem: 2933
[23:37:55.059610] Epoch: [27]  [60/66]  lr: 0.000985  loss: 0.7439 (0.7323)  eta: 0:00:03  time: 0.6052  data: 0.0003  max mem: 2933
[23:37:57.232687] Epoch: [27]  [65/66]  lr: 0.000984  loss: 0.7434 (0.7329)  eta: 0:00:00  time: 0.5586  data: 0.0003  max mem: 2933
[23:37:57.389474] Epoch: [27] Total time: 0:00:40 (0.6134 s / it)
[23:37:57.389632] Averaged stats: lr: 0.000984  loss: 0.7434 (0.7329)
/home/nvidia/netmambaplus-reproduction/upstream/NetMambaPlus/src/engine_mm.py:220: FutureWarning: `torch.cuda.amp.autocast(args...)` is deprecated. Please use `torch.amp.autocast('cuda', args...)` instead.
  with torch.cuda.amp.autocast():
[23:37:57.903445] Test:  [0/9]  loss: 0.3469 (0.3469)  acc1: 0.8906 (0.8906)  acc3: 0.9922 (0.9922)  eta: 0:00:04  time: 0.5093  data: 0.3617  max mem: 2933
[23:37:58.907703] Test:  [8/9]  loss: 0.4409 (0.4703)  acc1: 0.8750 (0.8394)  acc3: 0.9922 (0.9875)  eta: 0:00:00  time: 0.1681  data: 0.0407  max mem: 2933
[23:37:59.057093] Test: Total time: 0:00:01 (0.1850 s / it)
[23:37:59.126022] * Acc@1 0.8394 Acc@3 0.9875 loss 0.4703
[23:37:59.126085] * Pre 0.8472 Rec 0.8394 F1 0.8381
[23:37:59.127848] Accuracy of the network on test samples: 0.8394
[23:37:59.127859] F1 of the network on test samples: 0.8381
[23:37:59.127865] Max Accuracy: 0.8490
[23:37:59.127870] Max F1: 0.8504
[23:37:59.131698] log_dir: /home/nvidia/netmambaplus-reproduction/runs/ciciot-ft-seed0/logs
[23:38:00.083548] Epoch: [28]  [ 0/66]  lr: 0.000984  loss: 0.7353 (0.7353)  eta: 0:01:02  time: 0.9489  data: 0.3133  max mem: 2933
[23:38:12.577145] Epoch: [28]  [20/66]  lr: 0.000983  loss: 0.7265 (0.7321)  eta: 0:00:29  time: 0.6246  data: 0.0003  max mem: 2933
[23:38:25.106839] Epoch: [28]  [40/66]  lr: 0.000982  loss: 0.7240 (0.7346)  eta: 0:00:16  time: 0.6264  data: 0.0004  max mem: 2933
[23:38:37.375009] Epoch: [28]  [60/66]  lr: 0.000981  loss: 0.7347 (0.7376)  eta: 0:00:03  time: 0.6133  data: 0.0003  max mem: 2933
[23:38:39.470185] Epoch: [28]  [65/66]  lr: 0.000980  loss: 0.7261 (0.7345)  eta: 0:00:00  time: 0.5620  data: 0.0003  max mem: 2933
[23:38:39.629566] Epoch: [28] Total time: 0:00:40 (0.6136 s / it)
[23:38:39.629815] Averaged stats: lr: 0.000980  loss: 0.7261 (0.7345)
/home/nvidia/netmambaplus-reproduction/upstream/NetMambaPlus/src/engine_mm.py:220: FutureWarning: `torch.cuda.amp.autocast(args...)` is deprecated. Please use `torch.amp.autocast('cuda', args...)` instead.
  with torch.cuda.amp.autocast():
[23:38:40.093112] Test:  [0/9]  loss: 0.3362 (0.3362)  acc1: 0.8906 (0.8906)  acc3: 0.9922 (0.9922)  eta: 0:00:04  time: 0.4595  data: 0.3141  max mem: 2933
[23:38:41.086515] Test:  [8/9]  loss: 0.5215 (0.4649)  acc1: 0.8047 (0.8452)  acc3: 0.9922 (0.9875)  eta: 0:00:00  time: 0.1614  data: 0.0350  max mem: 2933
[23:38:41.231989] Test: Total time: 0:00:01 (0.1778 s / it)
[23:38:41.300368] * Acc@1 0.8452 Acc@3 0.9875 loss 0.4649
[23:38:41.300410] * Pre 0.8639 Rec 0.8452 F1 0.8471
[23:38:41.302772] Accuracy of the network on test samples: 0.8452
[23:38:41.302783] F1 of the network on test samples: 0.8471
[23:38:41.302787] Max Accuracy: 0.8490
[23:38:41.302792] Max F1: 0.8504
[23:38:41.307015] log_dir: /home/nvidia/netmambaplus-reproduction/runs/ciciot-ft-seed0/logs
[23:38:42.295520] Epoch: [29]  [ 0/66]  lr: 0.000980  loss: 0.7273 (0.7273)  eta: 0:01:05  time: 0.9853  data: 0.3505  max mem: 2933
[23:38:55.168552] Epoch: [29]  [20/66]  lr: 0.000979  loss: 0.7380 (0.7384)  eta: 0:00:30  time: 0.6436  data: 0.0003  max mem: 2933
[23:39:08.118034] Epoch: [29]  [40/66]  lr: 0.000977  loss: 0.7080 (0.7331)  eta: 0:00:16  time: 0.6474  data: 0.0003  max mem: 2933
[23:39:20.255256] Epoch: [29]  [60/66]  lr: 0.000976  loss: 0.7234 (0.7295)  eta: 0:00:03  time: 0.6068  data: 0.0003  max mem: 2933
[23:39:22.397254] Epoch: [29]  [65/66]  lr: 0.000976  loss: 0.7352 (0.7257)  eta: 0:00:00  time: 0.5583  data: 0.0003  max mem: 2933
[23:39:22.560618] Epoch: [29] Total time: 0:00:41 (0.6251 s / it)
[23:39:22.560790] Averaged stats: lr: 0.000976  loss: 0.7352 (0.7257)
/home/nvidia/netmambaplus-reproduction/upstream/NetMambaPlus/src/engine_mm.py:220: FutureWarning: `torch.cuda.amp.autocast(args...)` is deprecated. Please use `torch.amp.autocast('cuda', args...)` instead.
  with torch.cuda.amp.autocast():
[23:39:23.017434] Test:  [0/9]  loss: 0.3721 (0.3721)  acc1: 0.8906 (0.8906)  acc3: 0.9922 (0.9922)  eta: 0:00:04  time: 0.4516  data: 0.3090  max mem: 2933
[23:39:23.997610] Test:  [8/9]  loss: 0.4392 (0.4503)  acc1: 0.8359 (0.8490)  acc3: 0.9922 (0.9894)  eta: 0:00:00  time: 0.1590  data: 0.0344  max mem: 2933
[23:39:24.145400] Test: Total time: 0:00:01 (0.1758 s / it)
[23:39:24.214674] * Acc@1 0.8490 Acc@3 0.9894 loss 0.4503
[23:39:24.214765] * Pre 0.8606 Rec 0.8490 F1 0.8508
[23:39:24.217160] Accuracy of the network on test samples: 0.8490
[23:39:24.217174] F1 of the network on test samples: 0.8508
[23:39:24.217184] Max Accuracy: 0.8490
[23:39:24.217194] Max F1: 0.8508
[23:39:24.222156] log_dir: /home/nvidia/netmambaplus-reproduction/runs/ciciot-ft-seed0/logs
[23:39:25.154190] Epoch: [30]  [ 0/66]  lr: 0.000976  loss: 0.7885 (0.7885)  eta: 0:01:01  time: 0.9294  data: 0.2950  max mem: 2933
[23:39:37.648824] Epoch: [30]  [20/66]  lr: 0.000974  loss: 0.7404 (0.7434)  eta: 0:00:29  time: 0.6247  data: 0.0002  max mem: 2933
[23:39:50.102120] Epoch: [30]  [40/66]  lr: 0.000973  loss: 0.7317 (0.7340)  eta: 0:00:16  time: 0.6226  data: 0.0002  max mem: 2933
[23:40:02.303215] Epoch: [30]  [60/66]  lr: 0.000971  loss: 0.7291 (0.7309)  eta: 0:00:03  time: 0.6100  data: 0.0003  max mem: 2933
[23:40:04.604667] Epoch: [30]  [65/66]  lr: 0.000971  loss: 0.7254 (0.7393)  eta: 0:00:00  time: 0.5695  data: 0.0003  max mem: 2933
[23:40:04.773614] Epoch: [30] Total time: 0:00:40 (0.6144 s / it)
[23:40:04.773885] Averaged stats: lr: 0.000971  loss: 0.7254 (0.7393)
/home/nvidia/netmambaplus-reproduction/upstream/NetMambaPlus/src/engine_mm.py:220: FutureWarning: `torch.cuda.amp.autocast(args...)` is deprecated. Please use `torch.amp.autocast('cuda', args...)` instead.
  with torch.cuda.amp.autocast():
[23:40:05.259070] Test:  [0/9]  loss: 0.3420 (0.3420)  acc1: 0.8906 (0.8906)  acc3: 0.9922 (0.9922)  eta: 0:00:04  time: 0.4810  data: 0.3293  max mem: 2933
[23:40:06.250847] Test:  [8/9]  loss: 0.4185 (0.4744)  acc1: 0.8438 (0.8471)  acc3: 0.9922 (0.9933)  eta: 0:00:00  time: 0.1635  data: 0.0367  max mem: 2933
[23:40:06.413398] Test: Total time: 0:00:01 (0.1819 s / it)
[23:40:06.484764] * Acc@1 0.8471 Acc@3 0.9933 loss 0.4744
[23:40:06.484828] * Pre 0.8689 Rec 0.8471 F1 0.8492
[23:40:06.487366] Accuracy of the network on test samples: 0.8471
[23:40:06.488436] F1 of the network on test samples: 0.8492
[23:40:06.488513] Max Accuracy: 0.8490
[23:40:06.488523] Max F1: 0.8508
[23:40:06.491951] log_dir: /home/nvidia/netmambaplus-reproduction/runs/ciciot-ft-seed0/logs
[23:40:07.445372] Epoch: [31]  [ 0/66]  lr: 0.000970  loss: 0.7130 (0.7130)  eta: 0:01:02  time: 0.9495  data: 0.3133  max mem: 2933
[23:40:20.173917] Epoch: [31]  [20/66]  lr: 0.000969  loss: 0.7289 (0.7422)  eta: 0:00:29  time: 0.6363  data: 0.0003  max mem: 2933
[23:40:32.870607] Epoch: [31]  [40/66]  lr: 0.000967  loss: 0.7218 (0.7364)  eta: 0:00:16  time: 0.6348  data: 0.0003  max mem: 2933
[23:40:45.241516] Epoch: [31]  [60/66]  lr: 0.000965  loss: 0.7336 (0.7378)  eta: 0:00:03  time: 0.6185  data: 0.0003  max mem: 2933
[23:40:47.637237] Epoch: [31]  [65/66]  lr: 0.000965  loss: 0.7426 (0.7554)  eta: 0:00:00  time: 0.5789  data: 0.0003  max mem: 2933
[23:40:47.799168] Epoch: [31] Total time: 0:00:41 (0.6259 s / it)
[23:40:47.799288] Averaged stats: lr: 0.000965  loss: 0.7426 (0.7554)
/home/nvidia/netmambaplus-reproduction/upstream/NetMambaPlus/src/engine_mm.py:220: FutureWarning: `torch.cuda.amp.autocast(args...)` is deprecated. Please use `torch.amp.autocast('cuda', args...)` instead.
  with torch.cuda.amp.autocast():
[23:40:48.293926] Test:  [0/9]  loss: 0.2876 (0.2876)  acc1: 0.8828 (0.8828)  acc3: 0.9922 (0.9922)  eta: 0:00:04  time: 0.4886  data: 0.3409  max mem: 2933
[23:40:49.291950] Test:  [8/9]  loss: 0.5210 (0.4940)  acc1: 0.8438 (0.8442)  acc3: 0.9922 (0.9885)  eta: 0:00:00  time: 0.1651  data: 0.0380  max mem: 2933
[23:40:49.442368] Test: Total time: 0:00:01 (0.1822 s / it)
[23:40:49.512750] * Acc@1 0.8442 Acc@3 0.9885 loss 0.4940
[23:40:49.512814] * Pre 0.8641 Rec 0.8442 F1 0.8459
[23:40:49.515022] Accuracy of the network on test samples: 0.8442
[23:40:49.515035] F1 of the network on test samples: 0.8459
[23:40:49.515641] Max Accuracy: 0.8490
[23:40:49.515652] Max F1: 0.8508
[23:40:49.519807] log_dir: /home/nvidia/netmambaplus-reproduction/runs/ciciot-ft-seed0/logs
[23:40:50.514615] Epoch: [32]  [ 0/66]  lr: 0.000965  loss: 0.7489 (0.7489)  eta: 0:01:05  time: 0.9912  data: 0.3451  max mem: 2933
[23:41:03.258755] Epoch: [32]  [20/66]  lr: 0.000963  loss: 0.8192 (0.8146)  eta: 0:00:30  time: 0.6371  data: 0.0003  max mem: 2933
[23:41:16.044540] Epoch: [32]  [40/66]  lr: 0.000961  loss: 0.7474 (0.7901)  eta: 0:00:16  time: 0.6392  data: 0.0003  max mem: 2933
[23:41:28.453225] Epoch: [32]  [60/66]  lr: 0.000959  loss: 0.7392 (0.7750)  eta: 0:00:03  time: 0.6204  data: 0.0003  max mem: 2933
[23:41:30.787528] Epoch: [32]  [65/66]  lr: 0.000959  loss: 0.7509 (0.7795)  eta: 0:00:00  time: 0.5764  data: 0.0003  max mem: 2933
[23:41:30.923396] Epoch: [32] Total time: 0:00:41 (0.6273 s / it)
[23:41:30.923471] Averaged stats: lr: 0.000959  loss: 0.7509 (0.7795)
/home/nvidia/netmambaplus-reproduction/upstream/NetMambaPlus/src/engine_mm.py:220: FutureWarning: `torch.cuda.amp.autocast(args...)` is deprecated. Please use `torch.amp.autocast('cuda', args...)` instead.
  with torch.cuda.amp.autocast():
[23:41:31.355569] Test:  [0/9]  loss: 0.3691 (0.3691)  acc1: 0.8828 (0.8828)  acc3: 0.9922 (0.9922)  eta: 0:00:03  time: 0.4278  data: 0.3246  max mem: 2933
[23:41:32.325707] Test:  [8/9]  loss: 0.5073 (0.4920)  acc1: 0.8281 (0.8394)  acc3: 0.9922 (0.9904)  eta: 0:00:00  time: 0.1553  data: 0.0362  max mem: 2933
[23:41:32.477130] Test: Total time: 0:00:01 (0.1725 s / it)
[23:41:32.545639] * Acc@1 0.8394 Acc@3 0.9904 loss 0.4920
[23:41:32.545702] * Pre 0.8622 Rec 0.8394 F1 0.8410
[23:41:32.547678] Accuracy of the network on test samples: 0.8394
[23:41:32.548080] F1 of the network on test samples: 0.8410
[23:41:32.548087] Max Accuracy: 0.8490
[23:41:32.548093] Max F1: 0.8508
[23:41:32.550560] log_dir: /home/nvidia/netmambaplus-reproduction/runs/ciciot-ft-seed0/logs
[23:41:33.506772] Epoch: [33]  [ 0/66]  lr: 0.000959  loss: 0.7599 (0.7599)  eta: 0:01:03  time: 0.9546  data: 0.3195  max mem: 2933
[23:41:46.311926] Epoch: [33]  [20/66]  lr: 0.000957  loss: 0.7601 (0.7716)  eta: 0:00:30  time: 0.6402  data: 0.0003  max mem: 2933
[23:41:58.999952] Epoch: [33]  [40/66]  lr: 0.000955  loss: 0.7479 (0.7639)  eta: 0:00:16  time: 0.6343  data: 0.0003  max mem: 2933
[23:42:11.232156] Epoch: [33]  [60/66]  lr: 0.000953  loss: 0.7383 (0.7552)  eta: 0:00:03  time: 0.6116  data: 0.0003  max mem: 2933
[23:42:13.555481] Epoch: [33]  [65/66]  lr: 0.000953  loss: 0.7187 (0.7532)  eta: 0:00:00  time: 0.5693  data: 0.0003  max mem: 2933
[23:42:13.689716] Epoch: [33] Total time: 0:00:41 (0.6233 s / it)
[23:42:13.689874] Averaged stats: lr: 0.000953  loss: 0.7187 (0.7532)
/home/nvidia/netmambaplus-reproduction/upstream/NetMambaPlus/src/engine_mm.py:220: FutureWarning: `torch.cuda.amp.autocast(args...)` is deprecated. Please use `torch.amp.autocast('cuda', args...)` instead.
  with torch.cuda.amp.autocast():
[23:42:14.104696] Test:  [0/9]  loss: 0.4363 (0.4363)  acc1: 0.8906 (0.8906)  acc3: 0.9922 (0.9922)  eta: 0:00:03  time: 0.4102  data: 0.3106  max mem: 2933
[23:42:15.071546] Test:  [8/9]  loss: 0.4363 (0.4699)  acc1: 0.8828 (0.8413)  acc3: 0.9922 (0.9894)  eta: 0:00:00  time: 0.1529  data: 0.0346  max mem: 2933
[23:42:15.213673] Test: Total time: 0:00:01 (0.1691 s / it)
[23:42:15.280685] * Acc@1 0.8413 Acc@3 0.9894 loss 0.4699
[23:42:15.280740] * Pre 0.8510 Rec 0.8423 F1 0.8410
[23:42:15.283036] Accuracy of the network on test samples: 0.8413
[23:42:15.283757] F1 of the network on test samples: 0.8410
[23:42:15.283784] Max Accuracy: 0.8490
[23:42:15.283916] Max F1: 0.8508
[23:42:15.287208] log_dir: /home/nvidia/netmambaplus-reproduction/runs/ciciot-ft-seed0/logs
[23:42:16.227168] Epoch: [34]  [ 0/66]  lr: 0.000952  loss: 0.7286 (0.7286)  eta: 0:01:01  time: 0.9364  data: 0.3050  max mem: 2933
[23:42:28.748832] Epoch: [34]  [20/66]  lr: 0.000950  loss: 0.7233 (0.7398)  eta: 0:00:29  time: 0.6260  data: 0.0003  max mem: 2933
[23:42:41.291304] Epoch: [34]  [40/66]  lr: 0.000948  loss: 0.7243 (0.7304)  eta: 0:00:16  time: 0.6271  data: 0.0002  max mem: 2933
[23:42:53.482291] Epoch: [34]  [60/66]  lr: 0.000946  loss: 0.7386 (0.7338)  eta: 0:00:03  time: 0.6095  data: 0.0003  max mem: 2933
[23:42:55.805668] Epoch: [34]  [65/66]  lr: 0.000946  loss: 0.7459 (0.7433)  eta: 0:00:00  time: 0.5700  data: 0.0003  max mem: 2933
[23:42:55.926684] Epoch: [34] Total time: 0:00:40 (0.6157 s / it)
[23:42:55.927087] Averaged stats: lr: 0.000946  loss: 0.7459 (0.7433)
/home/nvidia/netmambaplus-reproduction/upstream/NetMambaPlus/src/engine_mm.py:220: FutureWarning: `torch.cuda.amp.autocast(args...)` is deprecated. Please use `torch.amp.autocast('cuda', args...)` instead.
  with torch.cuda.amp.autocast():
[23:42:56.295300] Test:  [0/9]  loss: 0.3706 (0.3706)  acc1: 0.8828 (0.8828)  acc3: 0.9922 (0.9922)  eta: 0:00:03  time: 0.3646  data: 0.2575  max mem: 2933
[23:42:57.189231] Test:  [8/9]  loss: 0.4822 (0.4665)  acc1: 0.8125 (0.8510)  acc3: 0.9922 (0.9885)  eta: 0:00:00  time: 0.1398  data: 0.0287  max mem: 2933
[23:42:57.360862] Test: Total time: 0:00:01 (0.1591 s / it)
[23:42:57.429057] * Acc@1 0.8510 Acc@3 0.9885 loss 0.4665
[23:42:57.429105] * Pre 0.8630 Rec 0.8510 F1 0.8527
[23:42:57.504892] Accuracy of the network on test samples: 0.8510
[23:42:57.504933] F1 of the network on test samples: 0.8527
[23:42:57.505580] Max Accuracy: 0.8510
[23:42:57.505589] Max F1: 0.8527
[23:42:57.508514] log_dir: /home/nvidia/netmambaplus-reproduction/runs/ciciot-ft-seed0/logs
[23:42:58.478538] Epoch: [35]  [ 0/66]  lr: 0.000946  loss: 0.7694 (0.7694)  eta: 0:01:03  time: 0.9667  data: 0.3189  max mem: 2933
[23:43:11.018476] Epoch: [35]  [20/66]  lr: 0.000943  loss: 0.8093 (0.8071)  eta: 0:00:29  time: 0.6270  data: 0.0003  max mem: 2933
[23:43:23.517910] Epoch: [35]  [40/66]  lr: 0.000941  loss: 0.7381 (0.7777)  eta: 0:00:16  time: 0.6249  data: 0.0002  max mem: 2933
[23:43:35.614905] Epoch: [35]  [60/66]  lr: 0.000939  loss: 0.7335 (0.7628)  eta: 0:00:03  time: 0.6048  data: 0.0003  max mem: 2933
[23:43:37.960934] Epoch: [35]  [65/66]  lr: 0.000938  loss: 0.7146 (0.7536)  eta: 0:00:00  time: 0.5714  data: 0.0003  max mem: 2933
[23:43:38.100146] Epoch: [35] Total time: 0:00:40 (0.6150 s / it)
[23:43:38.100319] Averaged stats: lr: 0.000938  loss: 0.7146 (0.7536)
/home/nvidia/netmambaplus-reproduction/upstream/NetMambaPlus/src/engine_mm.py:220: FutureWarning: `torch.cuda.amp.autocast(args...)` is deprecated. Please use `torch.amp.autocast('cuda', args...)` instead.
  with torch.cuda.amp.autocast():
[23:43:38.483594] Test:  [0/9]  loss: 0.4207 (0.4207)  acc1: 0.8906 (0.8906)  acc3: 0.9297 (0.9297)  eta: 0:00:03  time: 0.3791  data: 0.2770  max mem: 2933
[23:43:39.394100] Test:  [8/9]  loss: 0.5039 (0.4854)  acc1: 0.8125 (0.8442)  acc3: 0.9922 (0.9808)  eta: 0:00:00  time: 0.1432  data: 0.0309  max mem: 2933
[23:43:39.553706] Test: Total time: 0:00:01 (0.1613 s / it)
[23:43:39.621372] * Acc@1 0.8442 Acc@3 0.9808 loss 0.4854
[23:43:39.621443] * Pre 0.8563 Rec 0.8442 F1 0.8461
[23:43:39.623875] Accuracy of the network on test samples: 0.8442
[23:43:39.623888] F1 of the network on test samples: 0.8461
[23:43:39.623893] Max Accuracy: 0.8510
[23:43:39.623902] Max F1: 0.8527
[23:43:39.628022] log_dir: /home/nvidia/netmambaplus-reproduction/runs/ciciot-ft-seed0/logs
[23:43:40.588647] Epoch: [36]  [ 0/66]  lr: 0.000938  loss: 0.7383 (0.7383)  eta: 0:01:03  time: 0.9589  data: 0.3340  max mem: 2933
[23:43:53.079333] Epoch: [36]  [20/66]  lr: 0.000936  loss: 0.7412 (0.7523)  eta: 0:00:29  time: 0.6245  data: 0.0002  max mem: 2933
[23:44:05.545886] Epoch: [36]  [40/66]  lr: 0.000934  loss: 0.7180 (0.7323)  eta: 0:00:16  time: 0.6232  data: 0.0003  max mem: 2933
[23:44:17.645968] Epoch: [36]  [60/66]  lr: 0.000931  loss: 0.7221 (0.7332)  eta: 0:00:03  time: 0.6049  data: 0.0002  max mem: 2933
[23:44:19.962333] Epoch: [36]  [65/66]  lr: 0.000931  loss: 0.7185 (0.7551)  eta: 0:00:00  time: 0.5729  data: 0.0003  max mem: 2933
[23:44:20.084266] Epoch: [36] Total time: 0:00:40 (0.6130 s / it)
[23:44:20.084467] Averaged stats: lr: 0.000931  loss: 0.7185 (0.7551)
/home/nvidia/netmambaplus-reproduction/upstream/NetMambaPlus/src/engine_mm.py:220: FutureWarning: `torch.cuda.amp.autocast(args...)` is deprecated. Please use `torch.amp.autocast('cuda', args...)` instead.
  with torch.cuda.amp.autocast():
[23:44:20.424794] Test:  [0/9]  loss: 0.4263 (0.4263)  acc1: 0.8906 (0.8906)  acc3: 0.9922 (0.9922)  eta: 0:00:03  time: 0.3361  data: 0.2352  max mem: 2933
[23:44:21.285474] Test:  [8/9]  loss: 0.4033 (0.4669)  acc1: 0.8828 (0.8433)  acc3: 0.9922 (0.9885)  eta: 0:00:00  time: 0.1329  data: 0.0263  max mem: 2933
[23:44:21.448234] Test: Total time: 0:00:01 (0.1513 s / it)
[23:44:21.515368] * Acc@1 0.8433 Acc@3 0.9885 loss 0.4669
[23:44:21.515454] * Pre 0.8521 Rec 0.8433 F1 0.8390
[23:44:21.517213] Accuracy of the network on test samples: 0.8433
[23:44:21.517236] F1 of the network on test samples: 0.8390
[23:44:21.517249] Max Accuracy: 0.8510
[23:44:21.517256] Max F1: 0.8527
[23:44:21.521005] log_dir: /home/nvidia/netmambaplus-reproduction/runs/ciciot-ft-seed0/logs
[23:44:22.539746] Epoch: [37]  [ 0/66]  lr: 0.000930  loss: 0.7121 (0.7121)  eta: 0:01:07  time: 1.0153  data: 0.3671  max mem: 2933
[23:44:35.011677] Epoch: [37]  [20/66]  lr: 0.000928  loss: 0.7850 (0.7716)  eta: 0:00:29  time: 0.6236  data: 0.0002  max mem: 2933
[23:44:47.497044] Epoch: [37]  [40/66]  lr: 0.000926  loss: 0.7355 (0.7629)  eta: 0:00:16  time: 0.6242  data: 0.0003  max mem: 2933
[23:44:59.642369] Epoch: [37]  [60/66]  lr: 0.000923  loss: 0.7300 (0.7566)  eta: 0:00:03  time: 0.6072  data: 0.0002  max mem: 2933
[23:45:02.029849] Epoch: [37]  [65/66]  lr: 0.000922  loss: 0.7453 (0.7524)  eta: 0:00:00  time: 0.5799  data: 0.0003  max mem: 2933
[23:45:02.160745] Epoch: [37] Total time: 0:00:40 (0.6158 s / it)
[23:45:02.161032] Averaged stats: lr: 0.000922  loss: 0.7453 (0.7524)
/home/nvidia/netmambaplus-reproduction/upstream/NetMambaPlus/src/engine_mm.py:220: FutureWarning: `torch.cuda.amp.autocast(args...)` is deprecated. Please use `torch.amp.autocast('cuda', args...)` instead.
  with torch.cuda.amp.autocast():
[23:45:02.548655] Test:  [0/9]  loss: 0.3506 (0.3506)  acc1: 0.8828 (0.8828)  acc3: 1.0000 (1.0000)  eta: 0:00:03  time: 0.3782  data: 0.2691  max mem: 2933
[23:45:03.393295] Test:  [8/9]  loss: 0.4175 (0.4442)  acc1: 0.8281 (0.8442)  acc3: 0.9922 (0.9904)  eta: 0:00:00  time: 0.1358  data: 0.0301  max mem: 2933
[23:45:03.557909] Test: Total time: 0:00:01 (0.1549 s / it)
[23:45:03.632449] * Acc@1 0.8442 Acc@3 0.9904 loss 0.4442
[23:45:03.632572] * Pre 0.8537 Rec 0.8442 F1 0.8454
[23:45:03.635266] Accuracy of the network on test samples: 0.8442
[23:45:03.635288] F1 of the network on test samples: 0.8454
[23:45:03.635298] Max Accuracy: 0.8510
[23:45:03.635302] Max F1: 0.8527
[23:45:03.640157] log_dir: /home/nvidia/netmambaplus-reproduction/runs/ciciot-ft-seed0/logs
[23:45:04.646941] Epoch: [38]  [ 0/66]  lr: 0.000922  loss: 0.7685 (0.7685)  eta: 0:01:06  time: 1.0034  data: 0.3431  max mem: 2933
[23:45:17.312002] Epoch: [38]  [20/66]  lr: 0.000920  loss: 0.7161 (0.7259)  eta: 0:00:29  time: 0.6332  data: 0.0003  max mem: 2933
[23:45:30.105981] Epoch: [38]  [40/66]  lr: 0.000917  loss: 0.7358 (0.7301)  eta: 0:00:16  time: 0.6397  data: 0.0003  max mem: 2933
[23:45:42.432377] Epoch: [38]  [60/66]  lr: 0.000914  loss: 0.7358 (0.7352)  eta: 0:00:03  time: 0.6162  data: 0.0002  max mem: 2933
[23:45:44.818664] Epoch: [38]  [65/66]  lr: 0.000914  loss: 0.7201 (0.7277)  eta: 0:00:00  time: 0.5972  data: 0.0003  max mem: 2933
[23:45:44.941145] Epoch: [38] Total time: 0:00:41 (0.6258 s / it)
[23:45:44.941303] Averaged stats: lr: 0.000914  loss: 0.7201 (0.7277)
/home/nvidia/netmambaplus-reproduction/upstream/NetMambaPlus/src/engine_mm.py:220: FutureWarning: `torch.cuda.amp.autocast(args...)` is deprecated. Please use `torch.amp.autocast('cuda', args...)` instead.
  with torch.cuda.amp.autocast():
[23:45:45.374956] Test:  [0/9]  loss: 0.2964 (0.2964)  acc1: 0.8906 (0.8906)  acc3: 1.0000 (1.0000)  eta: 0:00:03  time: 0.4293  data: 0.2874  max mem: 2933
[23:45:46.187335] Test:  [8/9]  loss: 0.4094 (0.4504)  acc1: 0.8672 (0.8529)  acc3: 1.0000 (0.9904)  eta: 0:00:00  time: 0.1379  data: 0.0321  max mem: 2933
[23:45:46.340482] Test: Total time: 0:00:01 (0.1552 s / it)
[23:45:46.414291] * Acc@1 0.8529 Acc@3 0.9904 loss 0.4504
[23:45:46.414367] * Pre 0.8588 Rec 0.8529 F1 0.8537
[23:45:46.485093] Accuracy of the network on test samples: 0.8529
[23:45:46.485875] F1 of the network on test samples: 0.8537
[23:45:46.485889] Max Accuracy: 0.8529
[23:45:46.485898] Max F1: 0.8537
[23:45:46.489341] log_dir: /home/nvidia/netmambaplus-reproduction/runs/ciciot-ft-seed0/logs
[23:45:47.513680] Epoch: [39]  [ 0/66]  lr: 0.000914  loss: 0.7211 (0.7211)  eta: 0:01:07  time: 1.0214  data: 0.3608  max mem: 2933
[23:46:00.283611] Epoch: [39]  [20/66]  lr: 0.000911  loss: 0.7047 (0.7191)  eta: 0:00:30  time: 0.6384  data: 0.0003  max mem: 2933
[23:46:13.051310] Epoch: [39]  [40/66]  lr: 0.000908  loss: 0.7097 (0.7153)  eta: 0:00:16  time: 0.6383  data: 0.0003  max mem: 2933
[23:46:25.435375] Epoch: [39]  [60/66]  lr: 0.000905  loss: 0.7368 (0.7231)  eta: 0:00:03  time: 0.6191  data: 0.0003  max mem: 2933
[23:46:27.809186] Epoch: [39]  [65/66]  lr: 0.000905  loss: 0.7476 (0.7273)  eta: 0:00:00  time: 0.5978  data: 0.0003  max mem: 2933
[23:46:27.936538] Epoch: [39] Total time: 0:00:41 (0.6280 s / it)
[23:46:27.936619] Averaged stats: lr: 0.000905  loss: 0.7476 (0.7273)
/home/nvidia/netmambaplus-reproduction/upstream/NetMambaPlus/src/engine_mm.py:220: FutureWarning: `torch.cuda.amp.autocast(args...)` is deprecated. Please use `torch.amp.autocast('cuda', args...)` instead.
  with torch.cuda.amp.autocast():
[23:46:28.375974] Test:  [0/9]  loss: 0.4011 (0.4011)  acc1: 0.8828 (0.8828)  acc3: 0.9922 (0.9922)  eta: 0:00:03  time: 0.4346  data: 0.2940  max mem: 2933
[23:46:29.176589] Test:  [8/9]  loss: 0.4609 (0.4530)  acc1: 0.8125 (0.8442)  acc3: 0.9922 (0.9913)  eta: 0:00:00  time: 0.1372  data: 0.0328  max mem: 2933
[23:46:29.332669] Test: Total time: 0:00:01 (0.1549 s / it)
[23:46:29.408770] * Acc@1 0.8442 Acc@3 0.9913 loss 0.4530
[23:46:29.408835] * Pre 0.8566 Rec 0.8442 F1 0.8457
[23:46:29.410728] Accuracy of the network on test samples: 0.8442
[23:46:29.410742] F1 of the network on test samples: 0.8457
[23:46:29.410748] Max Accuracy: 0.8529
[23:46:29.410754] Max F1: 0.8537
[23:46:29.414530] log_dir: /home/nvidia/netmambaplus-reproduction/runs/ciciot-ft-seed0/logs
[23:46:30.410924] Epoch: [40]  [ 0/66]  lr: 0.000905  loss: 0.6960 (0.6960)  eta: 0:01:05  time: 0.9937  data: 0.3330  max mem: 2933
[23:46:43.072366] Epoch: [40]  [20/66]  lr: 0.000902  loss: 0.7441 (0.7537)  eta: 0:00:29  time: 0.6330  data: 0.0003  max mem: 2933
[23:46:55.783128] Epoch: [40]  [40/66]  lr: 0.000899  loss: 0.7040 (0.7326)  eta: 0:00:16  time: 0.6355  data: 0.0003  max mem: 2933
[23:47:08.093913] Epoch: [40]  [60/66]  lr: 0.000896  loss: 0.7174 (0.7262)  eta: 0:00:03  time: 0.6155  data: 0.0003  max mem: 2933
[23:47:10.481040] Epoch: [40]  [65/66]  lr: 0.000895  loss: 0.7143 (0.7232)  eta: 0:00:00  time: 0.5941  data: 0.0003  max mem: 2933
[23:47:10.618775] Epoch: [40] Total time: 0:00:41 (0.6243 s / it)
[23:47:10.618992] Averaged stats: lr: 0.000895  loss: 0.7143 (0.7232)
/home/nvidia/netmambaplus-reproduction/upstream/NetMambaPlus/src/engine_mm.py:220: FutureWarning: `torch.cuda.amp.autocast(args...)` is deprecated. Please use `torch.amp.autocast('cuda', args...)` instead.
  with torch.cuda.amp.autocast():
[23:47:11.038132] Test:  [0/9]  loss: 0.3586 (0.3586)  acc1: 0.8828 (0.8828)  acc3: 0.9922 (0.9922)  eta: 0:00:03  time: 0.4156  data: 0.2733  max mem: 2933
[23:47:11.822010] Test:  [8/9]  loss: 0.4255 (0.4574)  acc1: 0.8672 (0.8423)  acc3: 0.9922 (0.9865)  eta: 0:00:00  time: 0.1332  data: 0.0305  max mem: 2933
[23:47:11.981740] Test: Total time: 0:00:01 (0.1512 s / it)
[23:47:12.049255] * Acc@1 0.8423 Acc@3 0.9865 loss 0.4574
[23:47:12.049369] * Pre 0.8491 Rec 0.8423 F1 0.8384
[23:47:12.051640] Accuracy of the network on test samples: 0.8423
[23:47:12.051656] F1 of the network on test samples: 0.8384
[23:47:12.051666] Max Accuracy: 0.8529
[23:47:12.051677] Max F1: 0.8537
[23:47:12.056287] log_dir: /home/nvidia/netmambaplus-reproduction/runs/ciciot-ft-seed0/logs
[23:47:13.019353] Epoch: [41]  [ 0/66]  lr: 0.000895  loss: 0.7699 (0.7699)  eta: 0:01:03  time: 0.9599  data: 0.3331  max mem: 2933
[23:47:25.556043] Epoch: [41]  [20/66]  lr: 0.000892  loss: 0.7213 (0.7193)  eta: 0:00:29  time: 0.6268  data: 0.0003  max mem: 2933
[23:47:37.954526] Epoch: [41]  [40/66]  lr: 0.000889  loss: 0.6960 (0.7125)  eta: 0:00:16  time: 0.6199  data: 0.0003  max mem: 2933
[23:47:50.318196] Epoch: [41]  [60/66]  lr: 0.000886  loss: 0.6994 (0.7131)  eta: 0:00:03  time: 0.6181  data: 0.0002  max mem: 2933
[23:47:52.685432] Epoch: [41]  [65/66]  lr: 0.000886  loss: 0.6881 (0.7114)  eta: 0:00:00  time: 0.5894  data: 0.0002  max mem: 2933
[23:47:52.810100] Epoch: [41] Total time: 0:00:40 (0.6175 s / it)
[23:47:52.810224] Averaged stats: lr: 0.000886  loss: 0.6881 (0.7114)
/home/nvidia/netmambaplus-reproduction/upstream/NetMambaPlus/src/engine_mm.py:220: FutureWarning: `torch.cuda.amp.autocast(args...)` is deprecated. Please use `torch.amp.autocast('cuda', args...)` instead.
  with torch.cuda.amp.autocast():
[23:47:53.202958] Test:  [0/9]  loss: 0.3799 (0.3799)  acc1: 0.8828 (0.8828)  acc3: 0.9922 (0.9922)  eta: 0:00:03  time: 0.3889  data: 0.2544  max mem: 2933
[23:47:53.977810] Test:  [8/9]  loss: 0.4741 (0.4616)  acc1: 0.8516 (0.8490)  acc3: 0.9922 (0.9875)  eta: 0:00:00  time: 0.1292  data: 0.0284  max mem: 2933
[23:47:54.137588] Test: Total time: 0:00:01 (0.1473 s / it)
[23:47:54.206293] * Acc@1 0.8490 Acc@3 0.9875 loss 0.4616
[23:47:54.206366] * Pre 0.8629 Rec 0.8490 F1 0.8505
[23:47:54.208888] Accuracy of the network on test samples: 0.8490
[23:47:54.210046] F1 of the network on test samples: 0.8505
[23:47:54.210080] Max Accuracy: 0.8529
[23:47:54.210087] Max F1: 0.8537
[23:47:54.212856] log_dir: /home/nvidia/netmambaplus-reproduction/runs/ciciot-ft-seed0/logs
[23:47:55.152806] Epoch: [42]  [ 0/66]  lr: 0.000885  loss: 0.6493 (0.6493)  eta: 0:01:01  time: 0.9378  data: 0.3027  max mem: 2933
[23:48:07.692441] Epoch: [42]  [20/66]  lr: 0.000882  loss: 0.7041 (0.7013)  eta: 0:00:29  time: 0.6269  data: 0.0003  max mem: 2933
[23:48:20.111249] Epoch: [42]  [40/66]  lr: 0.000879  loss: 0.7154 (0.7144)  eta: 0:00:16  time: 0.6209  data: 0.0003  max mem: 2933
[23:48:32.420634] Epoch: [42]  [60/66]  lr: 0.000876  loss: 0.7024 (0.7178)  eta: 0:00:03  time: 0.6154  data: 0.0003  max mem: 2933
[23:48:34.927407] Epoch: [42]  [65/66]  lr: 0.000875  loss: 0.7003 (0.7139)  eta: 0:00:00  time: 0.5946  data: 0.0003  max mem: 2933
[23:48:35.094399] Epoch: [42] Total time: 0:00:40 (0.6194 s / it)
[23:48:35.094503] Averaged stats: lr: 0.000875  loss: 0.7003 (0.7139)
/home/nvidia/netmambaplus-reproduction/upstream/NetMambaPlus/src/engine_mm.py:220: FutureWarning: `torch.cuda.amp.autocast(args...)` is deprecated. Please use `torch.amp.autocast('cuda', args...)` instead.
  with torch.cuda.amp.autocast():
[23:48:35.511745] Test:  [0/9]  loss: 0.3477 (0.3477)  acc1: 0.8828 (0.8828)  acc3: 0.9922 (0.9922)  eta: 0:00:03  time: 0.4084  data: 0.2682  max mem: 2933
[23:48:36.377548] Test:  [8/9]  loss: 0.3906 (0.4455)  acc1: 0.8203 (0.8481)  acc3: 0.9922 (0.9865)  eta: 0:00:00  time: 0.1415  data: 0.0299  max mem: 2933
[23:48:36.540536] Test: Total time: 0:00:01 (0.1603 s / it)
[23:48:36.611608] * Acc@1 0.8481 Acc@3 0.9865 loss 0.4455
[23:48:36.611718] * Pre 0.8593 Rec 0.8481 F1 0.8496
[23:48:36.614461] Accuracy of the network on test samples: 0.8481
[23:48:36.614471] F1 of the network on test samples: 0.8496
[23:48:36.614476] Max Accuracy: 0.8529
[23:48:36.614481] Max F1: 0.8537
[23:48:36.618094] log_dir: /home/nvidia/netmambaplus-reproduction/runs/ciciot-ft-seed0/logs
[23:48:37.596644] Epoch: [43]  [ 0/66]  lr: 0.000875  loss: 0.6541 (0.6541)  eta: 0:01:04  time: 0.9758  data: 0.3445  max mem: 2933
[23:48:50.079625] Epoch: [43]  [20/66]  lr: 0.000872  loss: 0.7116 (0.7134)  eta: 0:00:29  time: 0.6241  data: 0.0003  max mem: 2933
[23:49:02.175139] Epoch: [43]  [40/66]  lr: 0.000869  loss: 0.7116 (0.7159)  eta: 0:00:16  time: 0.6047  data: 0.0002  max mem: 2933
[23:49:14.656144] Epoch: [43]  [60/66]  lr: 0.000866  loss: 0.7215 (0.7177)  eta: 0:00:03  time: 0.6240  data: 0.0002  max mem: 2933
[23:49:17.175911] Epoch: [43]  [65/66]  lr: 0.000865  loss: 0.7134 (0.7157)  eta: 0:00:00  time: 0.5939  data: 0.0002  max mem: 2933
[23:49:17.344886] Epoch: [43] Total time: 0:00:40 (0.6171 s / it)
[23:49:17.345090] Averaged stats: lr: 0.000865  loss: 0.7134 (0.7157)
/home/nvidia/netmambaplus-reproduction/upstream/NetMambaPlus/src/engine_mm.py:220: FutureWarning: `torch.cuda.amp.autocast(args...)` is deprecated. Please use `torch.amp.autocast('cuda', args...)` instead.
  with torch.cuda.amp.autocast():
[23:49:17.815674] Test:  [0/9]  loss: 0.4368 (0.4368)  acc1: 0.8828 (0.8828)  acc3: 0.9922 (0.9922)  eta: 0:00:04  time: 0.4664  data: 0.3263  max mem: 2933
[23:49:18.713991] Test:  [8/9]  loss: 0.4045 (0.4396)  acc1: 0.8750 (0.8481)  acc3: 0.9922 (0.9894)  eta: 0:00:00  time: 0.1516  data: 0.0363  max mem: 2933
[23:49:18.884012] Test: Total time: 0:00:01 (0.1706 s / it)
[23:49:18.953897] * Acc@1 0.8481 Acc@3 0.9894 loss 0.4396
[23:49:18.953993] * Pre 0.8569 Rec 0.8481 F1 0.8457
[23:49:18.956931] Accuracy of the network on test samples: 0.8481
[23:49:18.956950] F1 of the network on test samples: 0.8457
[23:49:18.956964] Max Accuracy: 0.8529
[23:49:18.956976] Max F1: 0.8537
[23:49:18.961189] log_dir: /home/nvidia/netmambaplus-reproduction/runs/ciciot-ft-seed0/logs
[23:49:19.904486] Epoch: [44]  [ 0/66]  lr: 0.000865  loss: 0.7115 (0.7115)  eta: 0:01:02  time: 0.9398  data: 0.3139  max mem: 2933
[23:49:32.390080] Epoch: [44]  [20/66]  lr: 0.000861  loss: 0.7110 (0.7284)  eta: 0:00:29  time: 0.6242  data: 0.0002  max mem: 2933
[23:49:44.413475] Epoch: [44]  [40/66]  lr: 0.000858  loss: 0.7620 (0.7421)  eta: 0:00:16  time: 0.6011  data: 0.0002  max mem: 2933
[23:49:56.874100] Epoch: [44]  [60/66]  lr: 0.000855  loss: 0.6948 (0.7301)  eta: 0:00:03  time: 0.6230  data: 0.0002  max mem: 2933
[23:49:59.385007] Epoch: [44]  [65/66]  lr: 0.000854  loss: 0.6979 (0.7304)  eta: 0:00:00  time: 0.5935  data: 0.0002  max mem: 2933
[23:49:59.536143] Epoch: [44] Total time: 0:00:40 (0.6148 s / it)
[23:49:59.536273] Averaged stats: lr: 0.000854  loss: 0.6979 (0.7304)
/home/nvidia/netmambaplus-reproduction/upstream/NetMambaPlus/src/engine_mm.py:220: FutureWarning: `torch.cuda.amp.autocast(args...)` is deprecated. Please use `torch.amp.autocast('cuda', args...)` instead.
  with torch.cuda.amp.autocast():
[23:49:59.998991] Test:  [0/9]  loss: 0.3762 (0.3762)  acc1: 0.8828 (0.8828)  acc3: 0.9844 (0.9844)  eta: 0:00:04  time: 0.4577  data: 0.3205  max mem: 2933
[23:50:00.959420] Test:  [8/9]  loss: 0.4517 (0.4586)  acc1: 0.8594 (0.8529)  acc3: 0.9844 (0.9875)  eta: 0:00:00  time: 0.1575  data: 0.0358  max mem: 2933
[23:50:01.126575] Test: Total time: 0:00:01 (0.1764 s / it)
[23:50:01.201552] * Acc@1 0.8529 Acc@3 0.9875 loss 0.4586
[23:50:01.201668] * Pre 0.8612 Rec 0.8529 F1 0.8520
[23:50:01.204059] Accuracy of the network on test samples: 0.8529
[23:50:01.204720] F1 of the network on test samples: 0.8520
[23:50:01.204750] Max Accuracy: 0.8529
[23:50:01.204768] Max F1: 0.8537
[23:50:01.208309] log_dir: /home/nvidia/netmambaplus-reproduction/runs/ciciot-ft-seed0/logs
[23:50:02.189212] Epoch: [45]  [ 0/66]  lr: 0.000854  loss: 0.6787 (0.6787)  eta: 0:01:04  time: 0.9779  data: 0.3287  max mem: 2933
[23:50:14.939251] Epoch: [45]  [20/66]  lr: 0.000850  loss: 0.7005 (0.7146)  eta: 0:00:30  time: 0.6374  data: 0.0003  max mem: 2933
[23:50:27.463163] Epoch: [45]  [40/66]  lr: 0.000847  loss: 0.7081 (0.7135)  eta: 0:00:16  time: 0.6261  data: 0.0003  max mem: 2933
[23:50:40.279477] Epoch: [45]  [60/66]  lr: 0.000843  loss: 0.7068 (0.7151)  eta: 0:00:03  time: 0.6408  data: 0.0003  max mem: 2933
[23:50:42.843804] Epoch: [45]  [65/66]  lr: 0.000843  loss: 0.7061 (0.7168)  eta: 0:00:00  time: 0.6072  data: 0.0003  max mem: 2933
[23:50:42.985911] Epoch: [45] Total time: 0:00:41 (0.6330 s / it)
[23:50:42.986102] Averaged stats: lr: 0.000843  loss: 0.7061 (0.7168)
/home/nvidia/netmambaplus-reproduction/upstream/NetMambaPlus/src/engine_mm.py:220: FutureWarning: `torch.cuda.amp.autocast(args...)` is deprecated. Please use `torch.amp.autocast('cuda', args...)` instead.
  with torch.cuda.amp.autocast():
[23:50:43.485502] Test:  [0/9]  loss: 0.3560 (0.3560)  acc1: 0.8906 (0.8906)  acc3: 0.9844 (0.9844)  eta: 0:00:04  time: 0.4933  data: 0.3511  max mem: 2933
[23:50:44.440977] Test:  [8/9]  loss: 0.4529 (0.4569)  acc1: 0.8359 (0.8548)  acc3: 0.9844 (0.9846)  eta: 0:00:00  time: 0.1609  data: 0.0392  max mem: 2933
[23:50:44.604599] Test: Total time: 0:00:01 (0.1797 s / it)
[23:50:44.675613] * Acc@1 0.8548 Acc@3 0.9846 loss 0.4569
[23:50:44.675700] * Pre 0.8627 Rec 0.8548 F1 0.8557
[23:50:44.760049] Accuracy of the network on test samples: 0.8548
[23:50:44.760701] F1 of the network on test samples: 0.8557
[23:50:44.760716] Max Accuracy: 0.8548
[23:50:44.760868] Max F1: 0.8557
[23:50:44.763244] log_dir: /home/nvidia/netmambaplus-reproduction/runs/ciciot-ft-seed0/logs
[23:50:45.760791] Epoch: [46]  [ 0/66]  lr: 0.000842  loss: 0.7199 (0.7199)  eta: 0:01:05  time: 0.9948  data: 0.3348  max mem: 2933
[23:50:58.447616] Epoch: [46]  [20/66]  lr: 0.000839  loss: 0.7063 (0.7319)  eta: 0:00:29  time: 0.6343  data: 0.0003  max mem: 2933
[23:51:10.821963] Epoch: [46]  [40/66]  lr: 0.000835  loss: 0.6932 (0.7175)  eta: 0:00:16  time: 0.6187  data: 0.0003  max mem: 2933
[23:51:23.572272] Epoch: [46]  [60/66]  lr: 0.000832  loss: 0.7176 (0.7165)  eta: 0:00:03  time: 0.6374  data: 0.0003  max mem: 2933
[23:51:26.157512] Epoch: [46]  [65/66]  lr: 0.000831  loss: 0.7149 (0.7112)  eta: 0:00:00  time: 0.6080  data: 0.0003  max mem: 2933
[23:51:26.319974] Epoch: [46] Total time: 0:00:41 (0.6296 s / it)
[23:51:26.320060] Averaged stats: lr: 0.000831  loss: 0.7149 (0.7112)
/home/nvidia/netmambaplus-reproduction/upstream/NetMambaPlus/src/engine_mm.py:220: FutureWarning: `torch.cuda.amp.autocast(args...)` is deprecated. Please use `torch.amp.autocast('cuda', args...)` instead.
  with torch.cuda.amp.autocast():
[23:51:26.776587] Test:  [0/9]  loss: 0.3848 (0.3848)  acc1: 0.8828 (0.8828)  acc3: 0.9922 (0.9922)  eta: 0:00:04  time: 0.4523  data: 0.3437  max mem: 2933
[23:51:27.751444] Test:  [8/9]  loss: 0.4067 (0.4451)  acc1: 0.8672 (0.8433)  acc3: 0.9922 (0.9885)  eta: 0:00:00  time: 0.1585  data: 0.0384  max mem: 2933
[23:51:27.890461] Test: Total time: 0:00:01 (0.1742 s / it)
[23:51:27.964770] * Acc@1 0.8433 Acc@3 0.9885 loss 0.4451
[23:51:27.964817] * Pre 0.8500 Rec 0.8433 F1 0.8412
[23:51:27.966743] Accuracy of the network on test samples: 0.8433
[23:51:27.967529] F1 of the network on test samples: 0.8412
[23:51:27.967828] Max Accuracy: 0.8548
[23:51:27.967903] Max F1: 0.8557
[23:51:27.971785] log_dir: /home/nvidia/netmambaplus-reproduction/runs/ciciot-ft-seed0/logs
[23:51:28.953829] Epoch: [47]  [ 0/66]  lr: 0.000831  loss: 0.7279 (0.7279)  eta: 0:01:04  time: 0.9791  data: 0.3458  max mem: 2933
[23:51:41.757780] Epoch: [47]  [20/66]  lr: 0.000827  loss: 0.7343 (0.7340)  eta: 0:00:30  time: 0.6401  data: 0.0004  max mem: 2933
[23:51:54.182561] Epoch: [47]  [40/66]  lr: 0.000824  loss: 0.6869 (0.7153)  eta: 0:00:16  time: 0.6212  data: 0.0003  max mem: 2933
[23:52:06.945698] Epoch: [47]  [60/66]  lr: 0.000820  loss: 0.6855 (0.7114)  eta: 0:00:03  time: 0.6381  data: 0.0003  max mem: 2933
[23:52:09.501673] Epoch: [47]  [65/66]  lr: 0.000819  loss: 0.6951 (0.7109)  eta: 0:00:00  time: 0.6064  data: 0.0003  max mem: 2933
[23:52:09.680461] Epoch: [47] Total time: 0:00:41 (0.6319 s / it)
[23:52:09.680711] Averaged stats: lr: 0.000819  loss: 0.6951 (0.7109)
/home/nvidia/netmambaplus-reproduction/upstream/NetMambaPlus/src/engine_mm.py:220: FutureWarning: `torch.cuda.amp.autocast(args...)` is deprecated. Please use `torch.amp.autocast('cuda', args...)` instead.
  with torch.cuda.amp.autocast():
[23:52:10.091965] Test:  [0/9]  loss: 0.3901 (0.3901)  acc1: 0.8828 (0.8828)  acc3: 0.9922 (0.9922)  eta: 0:00:03  time: 0.4072  data: 0.3023  max mem: 2933
[23:52:11.017952] Test:  [8/9]  loss: 0.4500 (0.4677)  acc1: 0.8438 (0.8500)  acc3: 0.9922 (0.9865)  eta: 0:00:00  time: 0.1481  data: 0.0338  max mem: 2933
[23:52:11.138612] Test: Total time: 0:00:01 (0.1618 s / it)
[23:52:11.207629] * Acc@1 0.8500 Acc@3 0.9865 loss 0.4677
[23:52:11.207790] * Pre 0.8586 Rec 0.8500 F1 0.8507
[23:52:11.210142] Accuracy of the network on test samples: 0.8500
[23:52:11.210152] F1 of the network on test samples: 0.8507
[23:52:11.210159] Max Accuracy: 0.8548
[23:52:11.210165] Max F1: 0.8557
[23:52:11.213822] log_dir: /home/nvidia/netmambaplus-reproduction/runs/ciciot-ft-seed0/logs
[23:52:12.148784] Epoch: [48]  [ 0/66]  lr: 0.000819  loss: 0.7265 (0.7265)  eta: 0:01:01  time: 0.9324  data: 0.3303  max mem: 2933
[23:52:24.742987] Epoch: [48]  [20/66]  lr: 0.000815  loss: 0.7185 (0.7194)  eta: 0:00:29  time: 0.6296  data: 0.0003  max mem: 2933
[23:52:36.959599] Epoch: [48]  [40/66]  lr: 0.000812  loss: 0.7158 (0.7156)  eta: 0:00:16  time: 0.6108  data: 0.0003  max mem: 2933
[23:52:49.595514] Epoch: [48]  [60/66]  lr: 0.000808  loss: 0.7137 (0.7190)  eta: 0:00:03  time: 0.6317  data: 0.0003  max mem: 2933
[23:52:52.148613] Epoch: [48]  [65/66]  lr: 0.000807  loss: 0.7110 (0.7251)  eta: 0:00:00  time: 0.6016  data: 0.0003  max mem: 2933
[23:52:52.307222] Epoch: [48] Total time: 0:00:41 (0.6226 s / it)
[23:52:52.307345] Averaged stats: lr: 0.000807  loss: 0.7110 (0.7251)
/home/nvidia/netmambaplus-reproduction/upstream/NetMambaPlus/src/engine_mm.py:220: FutureWarning: `torch.cuda.amp.autocast(args...)` is deprecated. Please use `torch.amp.autocast('cuda', args...)` instead.
  with torch.cuda.amp.autocast():
[23:52:52.718129] Test:  [0/9]  loss: 0.4463 (0.4463)  acc1: 0.8906 (0.8906)  acc3: 0.9844 (0.9844)  eta: 0:00:03  time: 0.4049  data: 0.3043  max mem: 2933
[23:52:53.655090] Test:  [8/9]  loss: 0.4612 (0.4597)  acc1: 0.8125 (0.8519)  acc3: 0.9844 (0.9837)  eta: 0:00:00  time: 0.1490  data: 0.0339  max mem: 2933
[23:52:53.776698] Test: Total time: 0:00:01 (0.1629 s / it)
[23:52:53.842054] * Acc@1 0.8519 Acc@3 0.9837 loss 0.4597
[23:52:53.842107] * Pre 0.8682 Rec 0.8519 F1 0.8542
[23:52:53.843948] Accuracy of the network on test samples: 0.8519
[23:52:53.843957] F1 of the network on test samples: 0.8542
[23:52:53.843963] Max Accuracy: 0.8548
[23:52:53.843968] Max F1: 0.8557
[23:52:53.848513] log_dir: /home/nvidia/netmambaplus-reproduction/runs/ciciot-ft-seed0/logs
[23:52:54.785133] Epoch: [49]  [ 0/66]  lr: 0.000807  loss: 0.8176 (0.8176)  eta: 0:01:01  time: 0.9348  data: 0.3346  max mem: 2933
[23:53:07.395840] Epoch: [49]  [20/66]  lr: 0.000803  loss: 0.7249 (0.7334)  eta: 0:00:29  time: 0.6305  data: 0.0003  max mem: 2933
[23:53:19.558492] Epoch: [49]  [40/66]  lr: 0.000799  loss: 0.7075 (0.7235)  eta: 0:00:16  time: 0.6081  data: 0.0002  max mem: 2933
[23:53:32.241153] Epoch: [49]  [60/66]  lr: 0.000795  loss: 0.6864 (0.7187)  eta: 0:00:03  time: 0.6341  data: 0.0003  max mem: 2933
[23:53:34.785838] Epoch: [49]  [65/66]  lr: 0.000794  loss: 0.7005 (0.7146)  eta: 0:00:00  time: 0.6022  data: 0.0003  max mem: 2933
[23:53:34.931070] Epoch: [49] Total time: 0:00:41 (0.6225 s / it)
[23:53:34.931233] Averaged stats: lr: 0.000794  loss: 0.7005 (0.7146)
/home/nvidia/netmambaplus-reproduction/upstream/NetMambaPlus/src/engine_mm.py:220: FutureWarning: `torch.cuda.amp.autocast(args...)` is deprecated. Please use `torch.amp.autocast('cuda', args...)` instead.
  with torch.cuda.amp.autocast():
[23:53:35.402325] Test:  [0/9]  loss: 0.3176 (0.3176)  acc1: 0.8828 (0.8828)  acc3: 0.9922 (0.9922)  eta: 0:00:04  time: 0.4668  data: 0.3218  max mem: 2933
[23:53:36.227039] Test:  [8/9]  loss: 0.3555 (0.4540)  acc1: 0.8438 (0.8529)  acc3: 0.9844 (0.9846)  eta: 0:00:00  time: 0.1434  data: 0.0359  max mem: 2933
[23:53:36.355208] Test: Total time: 0:00:01 (0.1579 s / it)
[23:53:37.326937] * Acc@1 0.8529 Acc@3 0.9846 loss 0.4540
[23:53:37.327018] * Pre 0.8642 Rec 0.8529 F1 0.8518
[23:53:37.328945] Accuracy of the network on test samples: 0.8529
[23:53:37.328959] F1 of the network on test samples: 0.8518
[23:53:37.328967] Max Accuracy: 0.8548
[23:53:37.328977] Max F1: 0.8557
[23:53:37.332173] log_dir: /home/nvidia/netmambaplus-reproduction/runs/ciciot-ft-seed0/logs
[23:53:38.127238] Epoch: [50]  [ 0/66]  lr: 0.000794  loss: 0.7011 (0.7011)  eta: 0:00:52  time: 0.7921  data: 0.3328  max mem: 2933
[23:53:50.461805] Epoch: [50]  [20/66]  lr: 0.000790  loss: 0.6911 (0.7080)  eta: 0:00:28  time: 0.6167  data: 0.0003  max mem: 2933
[23:54:02.780716] Epoch: [50]  [40/66]  lr: 0.000786  loss: 0.7118 (0.7130)  eta: 0:00:16  time: 0.6159  data: 0.0002  max mem: 2933
[23:54:15.272797] Epoch: [50]  [60/66]  lr: 0.000782  loss: 0.6872 (0.7100)  eta: 0:00:03  time: 0.6246  data: 0.0002  max mem: 2933
[23:54:17.787242] Epoch: [50]  [65/66]  lr: 0.000781  loss: 0.6996 (0.7076)  eta: 0:00:00  time: 0.5945  data: 0.0002  max mem: 2933
[23:54:17.946014] Epoch: [50] Total time: 0:00:40 (0.6154 s / it)
[23:54:17.946352] Averaged stats: lr: 0.000781  loss: 0.6996 (0.7076)
/home/nvidia/netmambaplus-reproduction/upstream/NetMambaPlus/src/engine_mm.py:220: FutureWarning: `torch.cuda.amp.autocast(args...)` is deprecated. Please use `torch.amp.autocast('cuda', args...)` instead.
  with torch.cuda.amp.autocast():
[23:54:18.428175] Test:  [0/9]  loss: 0.3059 (0.3059)  acc1: 0.8828 (0.8828)  acc3: 0.9844 (0.9844)  eta: 0:00:04  time: 0.4756  data: 0.3289  max mem: 2933
[23:54:19.259431] Test:  [8/9]  loss: 0.4319 (0.4457)  acc1: 0.8203 (0.8548)  acc3: 0.9844 (0.9846)  eta: 0:00:00  time: 0.1452  data: 0.0367  max mem: 2933
[23:54:19.377697] Test: Total time: 0:00:01 (0.1588 s / it)
[23:54:19.443927] * Acc@1 0.8548 Acc@3 0.9846 loss 0.4457
[23:54:19.443971] * Pre 0.8614 Rec 0.8548 F1 0.8557
[23:54:19.445068] Accuracy of the network on test samples: 0.8548
[23:54:19.445079] F1 of the network on test samples: 0.8557
[23:54:19.445084] Max Accuracy: 0.8548
[23:54:19.445089] Max F1: 0.8557
[23:54:19.448743] log_dir: /home/nvidia/netmambaplus-reproduction/runs/ciciot-ft-seed0/logs
[23:54:20.163146] Epoch: [51]  [ 0/66]  lr: 0.000781  loss: 0.6559 (0.6559)  eta: 0:00:46  time: 0.7109  data: 0.2306  max mem: 2933
[23:54:32.487974] Epoch: [51]  [20/66]  lr: 0.000777  loss: 0.7096 (0.7083)  eta: 0:00:28  time: 0.6162  data: 0.0002  max mem: 2933
[23:54:44.971978] Epoch: [51]  [40/66]  lr: 0.000773  loss: 0.7331 (0.7211)  eta: 0:00:16  time: 0.6241  data: 0.0003  max mem: 2933
[23:54:57.627563] Epoch: [51]  [60/66]  lr: 0.000769  loss: 0.7058 (0.7153)  eta: 0:00:03  time: 0.6327  data: 0.0003  max mem: 2933
[23:55:00.172145] Epoch: [51]  [65/66]  lr: 0.000768  loss: 0.7132 (0.7112)  eta: 0:00:00  time: 0.6040  data: 0.0003  max mem: 2933
[23:55:00.319446] Epoch: [51] Total time: 0:00:40 (0.6193 s / it)
[23:55:00.319853] Averaged stats: lr: 0.000768  loss: 0.7132 (0.7112)
/home/nvidia/netmambaplus-reproduction/upstream/NetMambaPlus/src/engine_mm.py:220: FutureWarning: `torch.cuda.amp.autocast(args...)` is deprecated. Please use `torch.amp.autocast('cuda', args...)` instead.
  with torch.cuda.amp.autocast():
[23:55:00.809120] Test:  [0/9]  loss: 0.3801 (0.3801)  acc1: 0.8828 (0.8828)  acc3: 0.9922 (0.9922)  eta: 0:00:04  time: 0.4852  data: 0.3311  max mem: 2933
[23:55:01.651966] Test:  [8/9]  loss: 0.4036 (0.4490)  acc1: 0.8125 (0.8490)  acc3: 0.9922 (0.9885)  eta: 0:00:00  time: 0.1475  data: 0.0370  max mem: 2933
[23:55:01.768794] Test: Total time: 0:00:01 (0.1607 s / it)
[23:55:01.846020] * Acc@1 0.8490 Acc@3 0.9885 loss 0.4490
[23:55:01.846121] * Pre 0.8560 Rec 0.8490 F1 0.8498
[23:55:01.848855] Accuracy of the network on test samples: 0.8490
[23:55:01.848915] F1 of the network on test samples: 0.8498
[23:55:01.848926] Max Accuracy: 0.8548
[23:55:01.848938] Max F1: 0.8557
[23:55:01.852993] log_dir: /home/nvidia/netmambaplus-reproduction/runs/ciciot-ft-seed0/logs
[23:55:02.734882] Epoch: [52]  [ 0/66]  lr: 0.000768  loss: 0.6550 (0.6550)  eta: 0:00:57  time: 0.8779  data: 0.3071  max mem: 2933
[23:55:15.378657] Epoch: [52]  [20/66]  lr: 0.000764  loss: 0.6967 (0.7011)  eta: 0:00:29  time: 0.6321  data: 0.0005  max mem: 2933
[23:55:28.652209] Epoch: [52]  [40/66]  lr: 0.000760  loss: 0.6966 (0.6993)  eta: 0:00:16  time: 0.6636  data: 0.0006  max mem: 2933
[23:55:41.573027] Epoch: [52]  [60/66]  lr: 0.000756  loss: 0.7187 (0.7058)  eta: 0:00:03  time: 0.6460  data: 0.0003  max mem: 2933
[23:55:44.160332] Epoch: [52]  [65/66]  lr: 0.000755  loss: 0.7220 (0.7195)  eta: 0:00:00  time: 0.6095  data: 0.0003  max mem: 2933
[23:55:44.324855] Epoch: [52] Total time: 0:00:42 (0.6435 s / it)
[23:55:44.324969] Averaged stats: lr: 0.000755  loss: 0.7220 (0.7195)
/home/nvidia/netmambaplus-reproduction/upstream/NetMambaPlus/src/engine_mm.py:220: FutureWarning: `torch.cuda.amp.autocast(args...)` is deprecated. Please use `torch.amp.autocast('cuda', args...)` instead.
  with torch.cuda.amp.autocast():
[23:55:44.831718] Test:  [0/9]  loss: 0.3892 (0.3892)  acc1: 0.8828 (0.8828)  acc3: 0.9922 (0.9922)  eta: 0:00:04  time: 0.5025  data: 0.3548  max mem: 2933
[23:55:45.742241] Test:  [8/9]  loss: 0.4226 (0.4747)  acc1: 0.8281 (0.8510)  acc3: 0.9922 (0.9885)  eta: 0:00:00  time: 0.1569  data: 0.0396  max mem: 2933
[23:55:45.903369] Test: Total time: 0:00:01 (0.1751 s / it)
[23:55:45.983628] * Acc@1 0.8510 Acc@3 0.9885 loss 0.4747
[23:55:45.983681] * Pre 0.8594 Rec 0.8510 F1 0.8517
[23:55:45.984954] Accuracy of the network on test samples: 0.8510
[23:55:45.985305] F1 of the network on test samples: 0.8517
[23:55:45.985316] Max Accuracy: 0.8548
[23:55:45.985328] Max F1: 0.8557
[23:55:45.988404] log_dir: /home/nvidia/netmambaplus-reproduction/runs/ciciot-ft-seed0/logs
[23:55:46.876446] Epoch: [53]  [ 0/66]  lr: 0.000755  loss: 0.7921 (0.7921)  eta: 0:00:58  time: 0.8851  data: 0.2520  max mem: 2933
[23:55:59.028905] Epoch: [53]  [20/66]  lr: 0.000751  loss: 0.7222 (0.7258)  eta: 0:00:28  time: 0.6075  data: 0.0004  max mem: 2933
[23:56:11.872161] Epoch: [53]  [40/66]  lr: 0.000747  loss: 0.7240 (0.7227)  eta: 0:00:16  time: 0.6421  data: 0.0004  max mem: 2933
[23:56:24.659805] Epoch: [53]  [60/66]  lr: 0.000742  loss: 0.6939 (0.7147)  eta: 0:00:03  time: 0.6393  data: 0.0003  max mem: 2933
[23:56:27.270977] Epoch: [53]  [65/66]  lr: 0.000741  loss: 0.6955 (0.7082)  eta: 0:00:00  time: 0.6106  data: 0.0003  max mem: 2933
[23:56:27.422116] Epoch: [53] Total time: 0:00:41 (0.6278 s / it)
[23:56:27.422402] Averaged stats: lr: 0.000741  loss: 0.6955 (0.7082)
/home/nvidia/netmambaplus-reproduction/upstream/NetMambaPlus/src/engine_mm.py:220: FutureWarning: `torch.cuda.amp.autocast(args...)` is deprecated. Please use `torch.amp.autocast('cuda', args...)` instead.
  with torch.cuda.amp.autocast():
[23:56:27.893523] Test:  [0/9]  loss: 0.3799 (0.3799)  acc1: 0.8828 (0.8828)  acc3: 0.9922 (0.9922)  eta: 0:00:04  time: 0.4665  data: 0.3203  max mem: 2933
[23:56:28.900206] Test:  [8/9]  loss: 0.4282 (0.4602)  acc1: 0.8125 (0.8510)  acc3: 0.9922 (0.9817)  eta: 0:00:00  time: 0.1636  data: 0.0358  max mem: 2933
[23:56:29.042642] Test: Total time: 0:00:01 (0.1798 s / it)
[23:56:29.114787] * Acc@1 0.8510 Acc@3 0.9817 loss 0.4602
[23:56:29.114853] * Pre 0.8570 Rec 0.8510 F1 0.8516
[23:56:29.117018] Accuracy of the network on test samples: 0.8510
[23:56:29.117651] F1 of the network on test samples: 0.8516
[23:56:29.117661] Max Accuracy: 0.8548
[23:56:29.117687] Max F1: 0.8557
[23:56:29.121818] log_dir: /home/nvidia/netmambaplus-reproduction/runs/ciciot-ft-seed0/logs
[23:56:30.090493] Epoch: [54]  [ 0/66]  lr: 0.000741  loss: 0.6488 (0.6488)  eta: 0:01:03  time: 0.9650  data: 0.3492  max mem: 2933
[23:56:42.328856] Epoch: [54]  [20/66]  lr: 0.000737  loss: 0.6981 (0.6928)  eta: 0:00:28  time: 0.6119  data: 0.0003  max mem: 2933
[23:56:55.143735] Epoch: [54]  [40/66]  lr: 0.000733  loss: 0.7110 (0.7048)  eta: 0:00:16  time: 0.6407  data: 0.0003  max mem: 2933
[23:57:07.862404] Epoch: [54]  [60/66]  lr: 0.000729  loss: 0.7160 (0.7063)  eta: 0:00:03  time: 0.6359  data: 0.0003  max mem: 2933
[23:57:10.434251] Epoch: [54]  [65/66]  lr: 0.000727  loss: 0.7160 (0.7089)  eta: 0:00:00  time: 0.6052  data: 0.0003  max mem: 2933
[23:57:10.590856] Epoch: [54] Total time: 0:00:41 (0.6283 s / it)
[23:57:10.591057] Averaged stats: lr: 0.000727  loss: 0.7160 (0.7089)
/home/nvidia/netmambaplus-reproduction/upstream/NetMambaPlus/src/engine_mm.py:220: FutureWarning: `torch.cuda.amp.autocast(args...)` is deprecated. Please use `torch.amp.autocast('cuda', args...)` instead.
  with torch.cuda.amp.autocast():
[23:57:11.044960] Test:  [0/9]  loss: 0.3962 (0.3962)  acc1: 0.8828 (0.8828)  acc3: 0.9922 (0.9922)  eta: 0:00:04  time: 0.4494  data: 0.2998  max mem: 2933
[23:57:12.028682] Test:  [8/9]  loss: 0.4326 (0.4514)  acc1: 0.8125 (0.8433)  acc3: 0.9922 (0.9827)  eta: 0:00:00  time: 0.1592  data: 0.0335  max mem: 2933
[23:57:12.187744] Test: Total time: 0:00:01 (0.1771 s / it)
[23:57:12.261108] * Acc@1 0.8433 Acc@3 0.9827 loss 0.4514
[23:57:12.261238] * Pre 0.8473 Rec 0.8433 F1 0.8434
[23:57:12.263512] Accuracy of the network on test samples: 0.8433
[23:57:12.263530] F1 of the network on test samples: 0.8434
[23:57:12.263538] Max Accuracy: 0.8548
[23:57:12.263543] Max F1: 0.8557
[23:57:12.267843] log_dir: /home/nvidia/netmambaplus-reproduction/runs/ciciot-ft-seed0/logs
[23:57:13.122530] Epoch: [55]  [ 0/66]  lr: 0.000727  loss: 0.7649 (0.7649)  eta: 0:00:56  time: 0.8516  data: 0.2927  max mem: 2933
[23:57:25.105417] Epoch: [55]  [20/66]  lr: 0.000723  loss: 0.7037 (0.7126)  eta: 0:00:28  time: 0.5991  data: 0.0003  max mem: 2933
[23:57:37.730873] Epoch: [55]  [40/66]  lr: 0.000719  loss: 0.7154 (0.7183)  eta: 0:00:16  time: 0.6312  data: 0.0003  max mem: 2933
[23:57:50.358944] Epoch: [55]  [60/66]  lr: 0.000714  loss: 0.6971 (0.7103)  eta: 0:00:03  time: 0.6313  data: 0.0003  max mem: 2933
[23:57:52.939955] Epoch: [55]  [65/66]  lr: 0.000713  loss: 0.7026 (0.7136)  eta: 0:00:00  time: 0.6033  data: 0.0003  max mem: 2933
[23:57:53.105112] Epoch: [55] Total time: 0:00:40 (0.6187 s / it)
[23:57:53.105424] Averaged stats: lr: 0.000713  loss: 0.7026 (0.7136)
/home/nvidia/netmambaplus-reproduction/upstream/NetMambaPlus/src/engine_mm.py:220: FutureWarning: `torch.cuda.amp.autocast(args...)` is deprecated. Please use `torch.amp.autocast('cuda', args...)` instead.
  with torch.cuda.amp.autocast():
[23:57:53.567333] Test:  [0/9]  loss: 0.3940 (0.3940)  acc1: 0.8828 (0.8828)  acc3: 0.9922 (0.9922)  eta: 0:00:04  time: 0.4570  data: 0.3136  max mem: 2933
[23:57:54.560730] Test:  [8/9]  loss: 0.4553 (0.4649)  acc1: 0.8359 (0.8510)  acc3: 0.9922 (0.9875)  eta: 0:00:00  time: 0.1611  data: 0.0350  max mem: 2933
[23:57:54.705831] Test: Total time: 0:00:01 (0.1775 s / it)
[23:57:54.773812] * Acc@1 0.8510 Acc@3 0.9875 loss 0.4649
[23:57:54.773894] * Pre 0.8600 Rec 0.8510 F1 0.8519
[23:57:54.775697] Accuracy of the network on test samples: 0.8510
[23:57:54.775708] F1 of the network on test samples: 0.8519
[23:57:54.775714] Max Accuracy: 0.8548
[23:57:54.775718] Max F1: 0.8557
[23:57:54.780291] log_dir: /home/nvidia/netmambaplus-reproduction/runs/ciciot-ft-seed0/logs
[23:57:55.638363] Epoch: [56]  [ 0/66]  lr: 0.000713  loss: 0.7227 (0.7227)  eta: 0:00:56  time: 0.8555  data: 0.3148  max mem: 2933
[23:58:07.665828] Epoch: [56]  [20/66]  lr: 0.000709  loss: 0.6895 (0.7156)  eta: 0:00:28  time: 0.6013  data: 0.0003  max mem: 2933
[23:58:20.279009] Epoch: [56]  [40/66]  lr: 0.000705  loss: 0.7075 (0.7155)  eta: 0:00:16  time: 0.6306  data: 0.0003  max mem: 2933
[23:58:32.864377] Epoch: [56]  [60/66]  lr: 0.000700  loss: 0.7010 (0.7127)  eta: 0:00:03  time: 0.6292  data: 0.0003  max mem: 2933
[23:58:35.436749] Epoch: [56]  [65/66]  lr: 0.000699  loss: 0.6975 (0.7060)  eta: 0:00:00  time: 0.6009  data: 0.0004  max mem: 2933
[23:58:35.588072] Epoch: [56] Total time: 0:00:40 (0.6183 s / it)
[23:58:35.588251] Averaged stats: lr: 0.000699  loss: 0.6975 (0.7060)
/home/nvidia/netmambaplus-reproduction/upstream/NetMambaPlus/src/engine_mm.py:220: FutureWarning: `torch.cuda.amp.autocast(args...)` is deprecated. Please use `torch.amp.autocast('cuda', args...)` instead.
  with torch.cuda.amp.autocast():
[23:58:36.057507] Test:  [0/9]  loss: 0.3838 (0.3838)  acc1: 0.8828 (0.8828)  acc3: 0.9922 (0.9922)  eta: 0:00:04  time: 0.4612  data: 0.3152  max mem: 2933
[23:58:37.064073] Test:  [8/9]  loss: 0.3838 (0.4368)  acc1: 0.8750 (0.8481)  acc3: 0.9922 (0.9875)  eta: 0:00:00  time: 0.1630  data: 0.0352  max mem: 2933
[23:58:37.218806] Test: Total time: 0:00:01 (0.1809 s / it)
[23:58:37.289461] * Acc@1 0.8481 Acc@3 0.9875 loss 0.4368
[23:58:37.289517] * Pre 0.8588 Rec 0.8481 F1 0.8467
[23:58:37.291636] Accuracy of the network on test samples: 0.8481
[23:58:37.291654] F1 of the network on test samples: 0.8467
[23:58:37.291661] Max Accuracy: 0.8548
[23:58:37.291671] Max F1: 0.8557
[23:58:37.296252] log_dir: /home/nvidia/netmambaplus-reproduction/runs/ciciot-ft-seed0/logs
[23:58:38.127355] Epoch: [57]  [ 0/66]  lr: 0.000699  loss: 0.7032 (0.7032)  eta: 0:00:54  time: 0.8276  data: 0.2975  max mem: 2933
[23:58:50.009849] Epoch: [57]  [20/66]  lr: 0.000695  loss: 0.7096 (0.7163)  eta: 0:00:27  time: 0.5941  data: 0.0003  max mem: 2933
[23:59:02.512117] Epoch: [57]  [40/66]  lr: 0.000690  loss: 0.6937 (0.7042)  eta: 0:00:15  time: 0.6250  data: 0.0003  max mem: 2933
[23:59:15.004090] Epoch: [57]  [60/66]  lr: 0.000686  loss: 0.6945 (0.7015)  eta: 0:00:03  time: 0.6246  data: 0.0002  max mem: 2933
[23:59:17.533506] Epoch: [57]  [65/66]  lr: 0.000685  loss: 0.6945 (0.6991)  eta: 0:00:00  time: 0.5958  data: 0.0002  max mem: 2933
[23:59:17.691774] Epoch: [57] Total time: 0:00:40 (0.6121 s / it)
[23:59:17.691925] Averaged stats: lr: 0.000685  loss: 0.6945 (0.6991)
/home/nvidia/netmambaplus-reproduction/upstream/NetMambaPlus/src/engine_mm.py:220: FutureWarning: `torch.cuda.amp.autocast(args...)` is deprecated. Please use `torch.amp.autocast('cuda', args...)` instead.
  with torch.cuda.amp.autocast():
[23:59:18.157833] Test:  [0/9]  loss: 0.3877 (0.3877)  acc1: 0.8828 (0.8828)  acc3: 0.9922 (0.9922)  eta: 0:00:04  time: 0.4613  data: 0.3105  max mem: 2933
[23:59:19.162173] Test:  [8/9]  loss: 0.3877 (0.4330)  acc1: 0.8516 (0.8635)  acc3: 0.9922 (0.9827)  eta: 0:00:00  time: 0.1628  data: 0.0346  max mem: 2933
[23:59:19.320094] Test: Total time: 0:00:01 (0.1806 s / it)
[23:59:19.393153] * Acc@1 0.8635 Acc@3 0.9827 loss 0.4330
[23:59:19.393235] * Pre 0.8702 Rec 0.8635 F1 0.8643
[23:59:19.483930] Accuracy of the network on test samples: 0.8635
[23:59:19.484512] F1 of the network on test samples: 0.8643
[23:59:19.484525] Max Accuracy: 0.8635
[23:59:19.484535] Max F1: 0.8643
[23:59:19.487211] log_dir: /home/nvidia/netmambaplus-reproduction/runs/ciciot-ft-seed0/logs
[23:59:20.289922] Epoch: [58]  [ 0/66]  lr: 0.000684  loss: 0.7567 (0.7567)  eta: 0:00:52  time: 0.8013  data: 0.2904  max mem: 2933
[23:59:32.184719] Epoch: [58]  [20/66]  lr: 0.000680  loss: 0.6954 (0.7017)  eta: 0:00:27  time: 0.5947  data: 0.0003  max mem: 2933
[23:59:44.676803] Epoch: [58]  [40/66]  lr: 0.000676  loss: 0.6892 (0.7048)  eta: 0:00:15  time: 0.6246  data: 0.0003  max mem: 2933
[23:59:57.203833] Epoch: [58]  [60/66]  lr: 0.000671  loss: 0.7139 (0.7066)  eta: 0:00:03  time: 0.6263  data: 0.0002  max mem: 2933
[23:59:59.731742] Epoch: [58]  [65/66]  lr: 0.000670  loss: 0.7176 (0.7073)  eta: 0:00:00  time: 0.5963  data: 0.0003  max mem: 2933
[23:59:59.890933] Epoch: [58] Total time: 0:00:40 (0.6122 s / it)
[23:59:59.891063] Averaged stats: lr: 0.000670  loss: 0.7176 (0.7073)
/home/nvidia/netmambaplus-reproduction/upstream/NetMambaPlus/src/engine_mm.py:220: FutureWarning: `torch.cuda.amp.autocast(args...)` is deprecated. Please use `torch.amp.autocast('cuda', args...)` instead.
  with torch.cuda.amp.autocast():
[00:00:00.382960] Test:  [0/9]  loss: 0.3713 (0.3713)  acc1: 0.8828 (0.8828)  acc3: 0.9922 (0.9922)  eta: 0:00:04  time: 0.4869  data: 0.3229  max mem: 2933
[00:00:01.388648] Test:  [8/9]  loss: 0.3713 (0.4532)  acc1: 0.8750 (0.8490)  acc3: 0.9844 (0.9827)  eta: 0:00:00  time: 0.1658  data: 0.0361  max mem: 2933
[00:00:01.550210] Test: Total time: 0:00:01 (0.1841 s / it)
[00:00:01.628424] * Acc@1 0.8490 Acc@3 0.9827 loss 0.4532
[00:00:01.628491] * Pre 0.8606 Rec 0.8490 F1 0.8470
[00:00:01.630839] Accuracy of the network on test samples: 0.8490
[00:00:01.631644] F1 of the network on test samples: 0.8470
[00:00:01.631903] Max Accuracy: 0.8635
[00:00:01.631934] Max F1: 0.8643
[00:00:01.635241] log_dir: /home/nvidia/netmambaplus-reproduction/runs/ciciot-ft-seed0/logs
[00:00:02.464722] Epoch: [59]  [ 0/66]  lr: 0.000670  loss: 0.8653 (0.8653)  eta: 0:00:54  time: 0.8273  data: 0.3346  max mem: 2933
[00:00:14.659296] Epoch: [59]  [20/66]  lr: 0.000665  loss: 0.7164 (0.7293)  eta: 0:00:28  time: 0.6097  data: 0.0004  max mem: 2933
[00:00:27.474416] Epoch: [59]  [40/66]  lr: 0.000661  loss: 0.7178 (0.7216)  eta: 0:00:16  time: 0.6406  data: 0.0003  max mem: 2933
[00:00:40.444362] Epoch: [59]  [60/66]  lr: 0.000656  loss: 0.7105 (0.7175)  eta: 0:00:03  time: 0.6484  data: 0.0004  max mem: 2933
[00:00:43.033468] Epoch: [59]  [65/66]  lr: 0.000655  loss: 0.7105 (0.7229)  eta: 0:00:00  time: 0.6176  data: 0.0004  max mem: 2933
[00:00:43.205650] Epoch: [59] Total time: 0:00:41 (0.6299 s / it)
[00:00:43.205723] Averaged stats: lr: 0.000655  loss: 0.7105 (0.7229)
/home/nvidia/netmambaplus-reproduction/upstream/NetMambaPlus/src/engine_mm.py:220: FutureWarning: `torch.cuda.amp.autocast(args...)` is deprecated. Please use `torch.amp.autocast('cuda', args...)` instead.
  with torch.cuda.amp.autocast():
[00:00:43.729248] Test:  [0/9]  loss: 0.3950 (0.3950)  acc1: 0.8828 (0.8828)  acc3: 0.9922 (0.9922)  eta: 0:00:04  time: 0.5169  data: 0.3725  max mem: 2933
[00:00:44.731018] Test:  [8/9]  loss: 0.3992 (0.4742)  acc1: 0.8594 (0.8375)  acc3: 0.9922 (0.9798)  eta: 0:00:00  time: 0.1687  data: 0.0415  max mem: 2933
[00:00:44.889070] Test: Total time: 0:00:01 (0.1866 s / it)
[00:00:44.957822] * Acc@1 0.8375 Acc@3 0.9798 loss 0.4742
[00:00:44.957890] * Pre 0.8459 Rec 0.8375 F1 0.8361
[00:00:44.959872] Accuracy of the network on test samples: 0.8375
[00:00:44.960504] F1 of the network on test samples: 0.8361
[00:00:44.960532] Max Accuracy: 0.8635
[00:00:44.960666] Max F1: 0.8643
[00:00:44.963990] log_dir: /home/nvidia/netmambaplus-reproduction/runs/ciciot-ft-seed0/logs
[00:00:45.785187] Epoch: [60]  [ 0/66]  lr: 0.000655  loss: 0.7787 (0.7787)  eta: 0:00:53  time: 0.8178  data: 0.3269  max mem: 2933
[00:00:58.216429] Epoch: [60]  [20/66]  lr: 0.000650  loss: 0.7044 (0.7214)  eta: 0:00:29  time: 0.6215  data: 0.0006  max mem: 2933
[00:01:11.611943] Epoch: [60]  [40/66]  lr: 0.000646  loss: 0.7145 (0.7181)  eta: 0:00:16  time: 0.6697  data: 0.0009  max mem: 2933
[00:01:24.418572] Epoch: [60]  [60/66]  lr: 0.000641  loss: 0.6957 (0.7111)  eta: 0:00:03  time: 0.6403  data: 0.0004  max mem: 2933
[00:01:27.003012] Epoch: [60]  [65/66]  lr: 0.000640  loss: 0.6813 (0.7064)  eta: 0:00:00  time: 0.6076  data: 0.0003  max mem: 2933
[00:01:27.155529] Epoch: [60] Total time: 0:00:42 (0.6393 s / it)
[00:01:27.155745] Averaged stats: lr: 0.000640  loss: 0.6813 (0.7064)
/home/nvidia/netmambaplus-reproduction/upstream/NetMambaPlus/src/engine_mm.py:220: FutureWarning: `torch.cuda.amp.autocast(args...)` is deprecated. Please use `torch.amp.autocast('cuda', args...)` instead.
  with torch.cuda.amp.autocast():
[00:01:27.659186] Test:  [0/9]  loss: 0.4207 (0.4207)  acc1: 0.8828 (0.8828)  acc3: 0.9922 (0.9922)  eta: 0:00:04  time: 0.4953  data: 0.3476  max mem: 2933
[00:01:28.662436] Test:  [8/9]  loss: 0.4214 (0.4533)  acc1: 0.8438 (0.8519)  acc3: 0.9922 (0.9827)  eta: 0:00:00  time: 0.1664  data: 0.0388  max mem: 2933
[00:01:28.811393] Test: Total time: 0:00:01 (0.1837 s / it)
[00:01:28.882288] * Acc@1 0.8519 Acc@3 0.9827 loss 0.4533
[00:01:28.882420] * Pre 0.8565 Rec 0.8510 F1 0.8504
[00:01:28.885097] Accuracy of the network on test samples: 0.8519
[00:01:28.885685] F1 of the network on test samples: 0.8504
[00:01:28.885727] Max Accuracy: 0.8635
[00:01:28.885755] Max F1: 0.8643
[00:01:28.889688] log_dir: /home/nvidia/netmambaplus-reproduction/runs/ciciot-ft-seed0/logs
[00:01:29.812586] Epoch: [61]  [ 0/66]  lr: 0.000640  loss: 0.7209 (0.7209)  eta: 0:01:00  time: 0.9202  data: 0.3140  max mem: 2933
[00:01:41.799447] Epoch: [61]  [20/66]  lr: 0.000635  loss: 0.6969 (0.7002)  eta: 0:00:28  time: 0.5993  data: 0.0003  max mem: 2933
[00:01:54.585017] Epoch: [61]  [40/66]  lr: 0.000631  loss: 0.6803 (0.6961)  eta: 0:00:16  time: 0.6392  data: 0.0003  max mem: 2933
[00:02:07.283834] Epoch: [61]  [60/66]  lr: 0.000626  loss: 0.6772 (0.6916)  eta: 0:00:03  time: 0.6349  data: 0.0003  max mem: 2933
[00:02:09.875809] Epoch: [61]  [65/66]  lr: 0.000625  loss: 0.6791 (0.6917)  eta: 0:00:00  time: 0.6060  data: 0.0003  max mem: 2933
[00:02:10.047083] Epoch: [61] Total time: 0:00:41 (0.6236 s / it)
[00:02:10.047219] Averaged stats: lr: 0.000625  loss: 0.6791 (0.6917)
/home/nvidia/netmambaplus-reproduction/upstream/NetMambaPlus/src/engine_mm.py:220: FutureWarning: `torch.cuda.amp.autocast(args...)` is deprecated. Please use `torch.amp.autocast('cuda', args...)` instead.
  with torch.cuda.amp.autocast():
[00:02:10.546885] Test:  [0/9]  loss: 0.3823 (0.3823)  acc1: 0.8828 (0.8828)  acc3: 0.9922 (0.9922)  eta: 0:00:04  time: 0.4947  data: 0.3497  max mem: 2933
[00:02:11.530700] Test:  [8/9]  loss: 0.4500 (0.4498)  acc1: 0.8359 (0.8538)  acc3: 0.9922 (0.9904)  eta: 0:00:00  time: 0.1642  data: 0.0390  max mem: 2933
[00:02:11.687891] Test: Total time: 0:00:01 (0.1820 s / it)
[00:02:11.757892] * Acc@1 0.8538 Acc@3 0.9904 loss 0.4498
[00:02:11.757966] * Pre 0.8696 Rec 0.8538 F1 0.8557
[00:02:11.760130] Accuracy of the network on test samples: 0.8538
[00:02:11.760149] F1 of the network on test samples: 0.8557
[00:02:11.760154] Max Accuracy: 0.8635
[00:02:11.760160] Max F1: 0.8643
[00:02:11.764151] log_dir: /home/nvidia/netmambaplus-reproduction/runs/ciciot-ft-seed0/logs
[00:02:12.651529] Epoch: [62]  [ 0/66]  lr: 0.000625  loss: 0.6496 (0.6496)  eta: 0:00:58  time: 0.8837  data: 0.2972  max mem: 2933
[00:02:24.443930] Epoch: [62]  [20/66]  lr: 0.000620  loss: 0.6761 (0.6940)  eta: 0:00:27  time: 0.5896  data: 0.0003  max mem: 2933
[00:02:37.004091] Epoch: [62]  [40/66]  lr: 0.000615  loss: 0.6674 (0.6821)  eta: 0:00:16  time: 0.6279  data: 0.0003  max mem: 2933
[00:02:49.540420] Epoch: [62]  [60/66]  lr: 0.000611  loss: 0.7122 (0.6930)  eta: 0:00:03  time: 0.6268  data: 0.0002  max mem: 2933
[00:02:52.087281] Epoch: [62]  [65/66]  lr: 0.000610  loss: 0.6995 (0.6878)  eta: 0:00:00  time: 0.5980  data: 0.0002  max mem: 2933
[00:02:52.239243] Epoch: [62] Total time: 0:00:40 (0.6133 s / it)
[00:02:52.239355] Averaged stats: lr: 0.000610  loss: 0.6995 (0.6878)
/home/nvidia/netmambaplus-reproduction/upstream/NetMambaPlus/src/engine_mm.py:220: FutureWarning: `torch.cuda.amp.autocast(args...)` is deprecated. Please use `torch.amp.autocast('cuda', args...)` instead.
  with torch.cuda.amp.autocast():
[00:02:52.714885] Test:  [0/9]  loss: 0.3569 (0.3569)  acc1: 0.8828 (0.8828)  acc3: 0.9922 (0.9922)  eta: 0:00:04  time: 0.4709  data: 0.3250  max mem: 2933
[00:02:53.707098] Test:  [8/9]  loss: 0.3994 (0.4325)  acc1: 0.8438 (0.8519)  acc3: 0.9922 (0.9846)  eta: 0:00:00  time: 0.1625  data: 0.0363  max mem: 2933
[00:02:53.858539] Test: Total time: 0:00:01 (0.1796 s / it)
[00:02:53.926758] * Acc@1 0.8519 Acc@3 0.9846 loss 0.4325
[00:02:53.926818] * Pre 0.8615 Rec 0.8519 F1 0.8529
[00:02:53.929489] Accuracy of the network on test samples: 0.8519
[00:02:53.929505] F1 of the network on test samples: 0.8529
[00:02:53.929515] Max Accuracy: 0.8635
[00:02:53.929522] Max F1: 0.8643
[00:02:53.933653] log_dir: /home/nvidia/netmambaplus-reproduction/runs/ciciot-ft-seed0/logs
[00:02:54.892021] Epoch: [63]  [ 0/66]  lr: 0.000609  loss: 0.6546 (0.6546)  eta: 0:01:03  time: 0.9553  data: 0.3113  max mem: 2933
[00:03:07.336434] Epoch: [63]  [20/66]  lr: 0.000605  loss: 0.6811 (0.6755)  eta: 0:00:29  time: 0.6222  data: 0.0002  max mem: 2933
[00:03:19.889016] Epoch: [63]  [40/66]  lr: 0.000600  loss: 0.7044 (0.6834)  eta: 0:00:16  time: 0.6276  data: 0.0002  max mem: 2933
[00:03:32.422002] Epoch: [63]  [60/66]  lr: 0.000595  loss: 0.6938 (0.6881)  eta: 0:00:03  time: 0.6266  data: 0.0003  max mem: 2933
[00:03:34.922363] Epoch: [63]  [65/66]  lr: 0.000594  loss: 0.6838 (0.6829)  eta: 0:00:00  time: 0.5953  data: 0.0003  max mem: 2933
[00:03:35.082279] Epoch: [63] Total time: 0:00:41 (0.6235 s / it)
[00:03:35.082440] Averaged stats: lr: 0.000594  loss: 0.6838 (0.6829)
/home/nvidia/netmambaplus-reproduction/upstream/NetMambaPlus/src/engine_mm.py:220: FutureWarning: `torch.cuda.amp.autocast(args...)` is deprecated. Please use `torch.amp.autocast('cuda', args...)` instead.
  with torch.cuda.amp.autocast():
[00:03:35.505537] Test:  [0/9]  loss: 0.3318 (0.3318)  acc1: 0.8828 (0.8828)  acc3: 0.9922 (0.9922)  eta: 0:00:03  time: 0.4155  data: 0.2763  max mem: 2933
[00:03:36.503196] Test:  [8/9]  loss: 0.3828 (0.4342)  acc1: 0.8750 (0.8587)  acc3: 0.9922 (0.9827)  eta: 0:00:00  time: 0.1569  data: 0.0308  max mem: 2933
[00:03:36.664363] Test: Total time: 0:00:01 (0.1755 s / it)
[00:03:36.732157] * Acc@1 0.8587 Acc@3 0.9827 loss 0.4342
[00:03:36.732258] * Pre 0.8637 Rec 0.8587 F1 0.8579
[00:03:36.734182] Accuracy of the network on test samples: 0.8587
[00:03:36.734193] F1 of the network on test samples: 0.8579
[00:03:36.734201] Max Accuracy: 0.8635
[00:03:36.734208] Max F1: 0.8643
[00:03:36.737639] log_dir: /home/nvidia/netmambaplus-reproduction/runs/ciciot-ft-seed0/logs
[00:03:37.663572] Epoch: [64]  [ 0/66]  lr: 0.000594  loss: 0.7595 (0.7595)  eta: 0:01:00  time: 0.9230  data: 0.2945  max mem: 2933
[00:03:48.913627] Epoch: [64]  [20/66]  lr: 0.000589  loss: 0.6734 (0.6864)  eta: 0:00:26  time: 0.5624  data: 0.0003  max mem: 2933
[00:04:01.388985] Epoch: [64]  [40/66]  lr: 0.000585  loss: 0.6737 (0.6885)  eta: 0:00:15  time: 0.6237  data: 0.0003  max mem: 2933
[00:04:13.832603] Epoch: [64]  [60/66]  lr: 0.000580  loss: 0.6902 (0.6852)  eta: 0:00:03  time: 0.6221  data: 0.0003  max mem: 2933
[00:04:16.343594] Epoch: [64]  [65/66]  lr: 0.000579  loss: 0.6931 (0.6803)  eta: 0:00:00  time: 0.5912  data: 0.0003  max mem: 2933
[00:04:16.499695] Epoch: [64] Total time: 0:00:39 (0.6025 s / it)
[00:04:16.500185] Averaged stats: lr: 0.000579  loss: 0.6931 (0.6803)
/home/nvidia/netmambaplus-reproduction/upstream/NetMambaPlus/src/engine_mm.py:220: FutureWarning: `torch.cuda.amp.autocast(args...)` is deprecated. Please use `torch.amp.autocast('cuda', args...)` instead.
  with torch.cuda.amp.autocast():
[00:04:16.973132] Test:  [0/9]  loss: 0.3772 (0.3772)  acc1: 0.8828 (0.8828)  acc3: 0.9922 (0.9922)  eta: 0:00:04  time: 0.4686  data: 0.3303  max mem: 2933
[00:04:17.956278] Test:  [8/9]  loss: 0.3772 (0.4272)  acc1: 0.8750 (0.8587)  acc3: 0.9922 (0.9827)  eta: 0:00:00  time: 0.1612  data: 0.0368  max mem: 2933
[00:04:18.109992] Test: Total time: 0:00:01 (0.1786 s / it)
[00:04:18.176550] * Acc@1 0.8587 Acc@3 0.9827 loss 0.4272
[00:04:18.176643] * Pre 0.8680 Rec 0.8587 F1 0.8575
[00:04:18.179385] Accuracy of the network on test samples: 0.8587
[00:04:18.180483] F1 of the network on test samples: 0.8575
[00:04:18.180533] Max Accuracy: 0.8635
[00:04:18.180541] Max F1: 0.8643
[00:04:18.183860] log_dir: /home/nvidia/netmambaplus-reproduction/runs/ciciot-ft-seed0/logs
[00:04:19.148368] Epoch: [65]  [ 0/66]  lr: 0.000579  loss: 0.5777 (0.5777)  eta: 0:01:03  time: 0.9618  data: 0.3249  max mem: 2933
[00:04:30.909971] Epoch: [65]  [20/66]  lr: 0.000574  loss: 0.6758 (0.6751)  eta: 0:00:27  time: 0.5880  data: 0.0002  max mem: 2933
[00:04:43.381440] Epoch: [65]  [40/66]  lr: 0.000569  loss: 0.6731 (0.6731)  eta: 0:00:15  time: 0.6235  data: 0.0002  max mem: 2933
[00:04:55.824954] Epoch: [65]  [60/66]  lr: 0.000565  loss: 0.6955 (0.6785)  eta: 0:00:03  time: 0.6221  data: 0.0002  max mem: 2933
[00:04:58.338244] Epoch: [65]  [65/66]  lr: 0.000563  loss: 0.6955 (0.6777)  eta: 0:00:00  time: 0.5909  data: 0.0002  max mem: 2933
[00:04:58.487515] Epoch: [65] Total time: 0:00:40 (0.6107 s / it)
[00:04:58.488040] Averaged stats: lr: 0.000563  loss: 0.6955 (0.6777)
/home/nvidia/netmambaplus-reproduction/upstream/NetMambaPlus/src/engine_mm.py:220: FutureWarning: `torch.cuda.amp.autocast(args...)` is deprecated. Please use `torch.amp.autocast('cuda', args...)` instead.
  with torch.cuda.amp.autocast():
[00:04:58.969574] Test:  [0/9]  loss: 0.3630 (0.3630)  acc1: 0.8828 (0.8828)  acc3: 0.9922 (0.9922)  eta: 0:00:04  time: 0.4773  data: 0.3328  max mem: 2933
[00:04:59.950405] Test:  [8/9]  loss: 0.4050 (0.4262)  acc1: 0.8516 (0.8644)  acc3: 0.9922 (0.9904)  eta: 0:00:00  time: 0.1619  data: 0.0371  max mem: 2933
[00:05:00.097340] Test: Total time: 0:00:01 (0.1785 s / it)
[00:05:00.171778] * Acc@1 0.8644 Acc@3 0.9904 loss 0.4262
[00:05:00.171865] * Pre 0.8712 Rec 0.8644 F1 0.8654
[00:05:00.275602] Accuracy of the network on test samples: 0.8644
[00:05:00.276258] F1 of the network on test samples: 0.8654
[00:05:00.276293] Max Accuracy: 0.8644
[00:05:00.276424] Max F1: 0.8654
[00:05:00.279488] log_dir: /home/nvidia/netmambaplus-reproduction/runs/ciciot-ft-seed0/logs
[00:05:01.218605] Epoch: [66]  [ 0/66]  lr: 0.000563  loss: 0.6379 (0.6379)  eta: 0:01:01  time: 0.9363  data: 0.2942  max mem: 2933
[00:05:12.833569] Epoch: [66]  [20/66]  lr: 0.000558  loss: 0.6803 (0.6827)  eta: 0:00:27  time: 0.5807  data: 0.0003  max mem: 2933
[00:05:25.575185] Epoch: [66]  [40/66]  lr: 0.000554  loss: 0.6718 (0.6748)  eta: 0:00:16  time: 0.6370  data: 0.0003  max mem: 2933
[00:05:38.304651] Epoch: [66]  [60/66]  lr: 0.000549  loss: 0.6662 (0.6782)  eta: 0:00:03  time: 0.6364  data: 0.0003  max mem: 2933
[00:05:40.898724] Epoch: [66]  [65/66]  lr: 0.000548  loss: 0.6693 (0.6746)  eta: 0:00:00  time: 0.6082  data: 0.0003  max mem: 2933
[00:05:41.063815] Epoch: [66] Total time: 0:00:40 (0.6179 s / it)
[00:05:41.064146] Averaged stats: lr: 0.000548  loss: 0.6693 (0.6746)
/home/nvidia/netmambaplus-reproduction/upstream/NetMambaPlus/src/engine_mm.py:220: FutureWarning: `torch.cuda.amp.autocast(args...)` is deprecated. Please use `torch.amp.autocast('cuda', args...)` instead.
  with torch.cuda.amp.autocast():
[00:05:41.565142] Test:  [0/9]  loss: 0.4009 (0.4009)  acc1: 0.8828 (0.8828)  acc3: 0.9922 (0.9922)  eta: 0:00:04  time: 0.4968  data: 0.3441  max mem: 2933
[00:05:42.583177] Test:  [8/9]  loss: 0.4009 (0.4280)  acc1: 0.8672 (0.8615)  acc3: 0.9922 (0.9827)  eta: 0:00:00  time: 0.1682  data: 0.0384  max mem: 2933
[00:05:42.743359] Test: Total time: 0:00:01 (0.1863 s / it)
[00:05:42.811858] * Acc@1 0.8615 Acc@3 0.9827 loss 0.4280
[00:05:42.811917] * Pre 0.8659 Rec 0.8615 F1 0.8620
[00:05:42.813913] Accuracy of the network on test samples: 0.8615
[00:05:42.813931] F1 of the network on test samples: 0.8620
[00:05:42.813938] Max Accuracy: 0.8644
[00:05:42.813945] Max F1: 0.8654
[00:05:42.816985] log_dir: /home/nvidia/netmambaplus-reproduction/runs/ciciot-ft-seed0/logs
[00:05:43.804868] Epoch: [67]  [ 0/66]  lr: 0.000548  loss: 0.6768 (0.6768)  eta: 0:01:04  time: 0.9845  data: 0.3466  max mem: 2933
[00:05:54.896889] Epoch: [67]  [20/66]  lr: 0.000543  loss: 0.6589 (0.6618)  eta: 0:00:26  time: 0.5545  data: 0.0003  max mem: 2933
[00:06:07.667825] Epoch: [67]  [40/66]  lr: 0.000538  loss: 0.6808 (0.6784)  eta: 0:00:15  time: 0.6385  data: 0.0003  max mem: 2933
[00:06:20.428224] Epoch: [67]  [60/66]  lr: 0.000533  loss: 0.6854 (0.6824)  eta: 0:00:03  time: 0.6380  data: 0.0003  max mem: 2933
[00:06:23.050167] Epoch: [67]  [65/66]  lr: 0.000532  loss: 0.6854 (0.6838)  eta: 0:00:00  time: 0.6110  data: 0.0003  max mem: 2933
[00:06:23.217857] Epoch: [67] Total time: 0:00:40 (0.6121 s / it)
[00:06:23.218039] Averaged stats: lr: 0.000532  loss: 0.6854 (0.6838)
/home/nvidia/netmambaplus-reproduction/upstream/NetMambaPlus/src/engine_mm.py:220: FutureWarning: `torch.cuda.amp.autocast(args...)` is deprecated. Please use `torch.amp.autocast('cuda', args...)` instead.
  with torch.cuda.amp.autocast():
[00:06:23.684709] Test:  [0/9]  loss: 0.3413 (0.3413)  acc1: 0.8828 (0.8828)  acc3: 0.9922 (0.9922)  eta: 0:00:04  time: 0.4617  data: 0.3159  max mem: 2933
[00:06:24.686496] Test:  [8/9]  loss: 0.3455 (0.4279)  acc1: 0.8750 (0.8596)  acc3: 0.9922 (0.9837)  eta: 0:00:00  time: 0.1625  data: 0.0352  max mem: 2933
[00:06:24.847392] Test: Total time: 0:00:01 (0.1807 s / it)
[00:06:24.918904] * Acc@1 0.8596 Acc@3 0.9837 loss 0.4279
[00:06:24.919026] * Pre 0.8717 Rec 0.8596 F1 0.8592
[00:06:24.921706] Accuracy of the network on test samples: 0.8596
[00:06:24.921721] F1 of the network on test samples: 0.8592
[00:06:24.922305] Max Accuracy: 0.8644
[00:06:24.922314] Max F1: 0.8654
[00:06:24.925748] log_dir: /home/nvidia/netmambaplus-reproduction/runs/ciciot-ft-seed0/logs
[00:06:25.926221] Epoch: [68]  [ 0/66]  lr: 0.000532  loss: 0.6641 (0.6641)  eta: 0:01:05  time: 0.9976  data: 0.3425  max mem: 2933
[00:06:37.867521] Epoch: [68]  [20/66]  lr: 0.000527  loss: 0.7001 (0.7029)  eta: 0:00:28  time: 0.5970  data: 0.0002  max mem: 2933
[00:06:50.678663] Epoch: [68]  [40/66]  lr: 0.000522  loss: 0.6974 (0.6993)  eta: 0:00:16  time: 0.6405  data: 0.0003  max mem: 2933
[00:07:03.351878] Epoch: [68]  [60/66]  lr: 0.000518  loss: 0.6560 (0.6861)  eta: 0:00:03  time: 0.6336  data: 0.0003  max mem: 2933
[00:07:05.929548] Epoch: [68]  [65/66]  lr: 0.000516  loss: 0.6578 (0.6856)  eta: 0:00:00  time: 0.6048  data: 0.0003  max mem: 2933
[00:07:06.091178] Epoch: [68] Total time: 0:00:41 (0.6237 s / it)
[00:07:06.091650] Averaged stats: lr: 0.000516  loss: 0.6578 (0.6856)
/home/nvidia/netmambaplus-reproduction/upstream/NetMambaPlus/src/engine_mm.py:220: FutureWarning: `torch.cuda.amp.autocast(args...)` is deprecated. Please use `torch.amp.autocast('cuda', args...)` instead.
  with torch.cuda.amp.autocast():
[00:07:06.548792] Test:  [0/9]  loss: 0.3730 (0.3730)  acc1: 0.8828 (0.8828)  acc3: 0.9844 (0.9844)  eta: 0:00:04  time: 0.4517  data: 0.3039  max mem: 2933
[00:07:07.543848] Test:  [8/9]  loss: 0.3730 (0.4110)  acc1: 0.8828 (0.8606)  acc3: 0.9844 (0.9837)  eta: 0:00:00  time: 0.1607  data: 0.0339  max mem: 2933
[00:07:07.699236] Test: Total time: 0:00:01 (0.1783 s / it)
[00:07:07.768091] * Acc@1 0.8606 Acc@3 0.9837 loss 0.4110
[00:07:07.768188] * Pre 0.8655 Rec 0.8596 F1 0.8594
[00:07:07.770418] Accuracy of the network on test samples: 0.8606
[00:07:07.771582] F1 of the network on test samples: 0.8594
[00:07:07.771619] Max Accuracy: 0.8644
[00:07:07.771629] Max F1: 0.8654
[00:07:07.774189] log_dir: /home/nvidia/netmambaplus-reproduction/runs/ciciot-ft-seed0/logs
[00:07:08.726962] Epoch: [69]  [ 0/66]  lr: 0.000516  loss: 0.6085 (0.6085)  eta: 0:01:02  time: 0.9497  data: 0.3102  max mem: 2933
[00:07:20.371397] Epoch: [69]  [20/66]  lr: 0.000511  loss: 0.6701 (0.6746)  eta: 0:00:27  time: 0.5822  data: 0.0002  max mem: 2933
[00:07:32.924008] Epoch: [69]  [40/66]  lr: 0.000507  loss: 0.7125 (0.6909)  eta: 0:00:15  time: 0.6276  data: 0.0003  max mem: 2933
[00:07:45.496387] Epoch: [69]  [60/66]  lr: 0.000502  loss: 0.6856 (0.6889)  eta: 0:00:03  time: 0.6285  data: 0.0003  max mem: 2933
[00:07:48.031983] Epoch: [69]  [65/66]  lr: 0.000501  loss: 0.6854 (0.6960)  eta: 0:00:00  time: 0.5987  data: 0.0003  max mem: 2933
[00:07:48.177441] Epoch: [69] Total time: 0:00:40 (0.6122 s / it)
[00:07:48.177644] Averaged stats: lr: 0.000501  loss: 0.6854 (0.6960)
/home/nvidia/netmambaplus-reproduction/upstream/NetMambaPlus/src/engine_mm.py:220: FutureWarning: `torch.cuda.amp.autocast(args...)` is deprecated. Please use `torch.amp.autocast('cuda', args...)` instead.
  with torch.cuda.amp.autocast():
[00:07:48.638586] Test:  [0/9]  loss: 0.3857 (0.3857)  acc1: 0.8828 (0.8828)  acc3: 0.9766 (0.9766)  eta: 0:00:04  time: 0.4522  data: 0.3090  max mem: 2933
[00:07:49.635995] Test:  [8/9]  loss: 0.3857 (0.4363)  acc1: 0.8750 (0.8587)  acc3: 0.9922 (0.9827)  eta: 0:00:00  time: 0.1610  data: 0.0345  max mem: 2933
[00:07:49.789874] Test: Total time: 0:00:01 (0.1788 s / it)
[00:07:49.859215] * Acc@1 0.8587 Acc@3 0.9827 loss 0.4363
[00:07:49.859283] * Pre 0.8697 Rec 0.8587 F1 0.8577
[00:07:49.861360] Accuracy of the network on test samples: 0.8587
[00:07:49.861860] F1 of the network on test samples: 0.8577
[00:07:49.861875] Max Accuracy: 0.8644
[00:07:49.862069] Max F1: 0.8654
[00:07:49.865390] log_dir: /home/nvidia/netmambaplus-reproduction/runs/ciciot-ft-seed0/logs
[00:07:50.817216] Epoch: [70]  [ 0/66]  lr: 0.000501  loss: 0.7185 (0.7185)  eta: 0:01:02  time: 0.9492  data: 0.3181  max mem: 2933
[00:08:02.370519] Epoch: [70]  [20/66]  lr: 0.000496  loss: 0.7077 (0.7083)  eta: 0:00:27  time: 0.5776  data: 0.0002  max mem: 2933
[00:08:14.946937] Epoch: [70]  [40/66]  lr: 0.000491  loss: 0.6812 (0.6934)  eta: 0:00:15  time: 0.6288  data: 0.0003  max mem: 2933
[00:08:27.501731] Epoch: [70]  [60/66]  lr: 0.000486  loss: 0.6930 (0.6946)  eta: 0:00:03  time: 0.6277  data: 0.0004  max mem: 2933
[00:08:30.049992] Epoch: [70]  [65/66]  lr: 0.000485  loss: 0.6924 (0.6876)  eta: 0:00:00  time: 0.5987  data: 0.0003  max mem: 2933
[00:08:30.201874] Epoch: [70] Total time: 0:00:40 (0.6112 s / it)
[00:08:30.202009] Averaged stats: lr: 0.000485  loss: 0.6924 (0.6876)
/home/nvidia/netmambaplus-reproduction/upstream/NetMambaPlus/src/engine_mm.py:220: FutureWarning: `torch.cuda.amp.autocast(args...)` is deprecated. Please use `torch.amp.autocast('cuda', args...)` instead.
  with torch.cuda.amp.autocast():
[00:08:30.663975] Test:  [0/9]  loss: 0.3635 (0.3635)  acc1: 0.8828 (0.8828)  acc3: 0.9844 (0.9844)  eta: 0:00:04  time: 0.4566  data: 0.3117  max mem: 2933
[00:08:31.651971] Test:  [8/9]  loss: 0.3635 (0.4337)  acc1: 0.8750 (0.8587)  acc3: 0.9844 (0.9837)  eta: 0:00:00  time: 0.1604  data: 0.0348  max mem: 2933
[00:08:31.806138] Test: Total time: 0:00:01 (0.1779 s / it)
[00:08:31.875310] * Acc@1 0.8587 Acc@3 0.9837 loss 0.4337
[00:08:31.875369] * Pre 0.8687 Rec 0.8577 F1 0.8566
[00:08:31.877589] Accuracy of the network on test samples: 0.8587
[00:08:31.877615] F1 of the network on test samples: 0.8566
[00:08:31.877625] Max Accuracy: 0.8644
[00:08:31.877634] Max F1: 0.8654
[00:08:31.882126] log_dir: /home/nvidia/netmambaplus-reproduction/runs/ciciot-ft-seed0/logs
[00:08:32.814364] Epoch: [71]  [ 0/66]  lr: 0.000485  loss: 0.6979 (0.6979)  eta: 0:01:01  time: 0.9281  data: 0.2927  max mem: 2933
[00:08:44.557898] Epoch: [71]  [20/66]  lr: 0.000480  loss: 0.6987 (0.6941)  eta: 0:00:27  time: 0.5871  data: 0.0003  max mem: 2933
[00:08:57.015857] Epoch: [71]  [40/66]  lr: 0.000475  loss: 0.6876 (0.6951)  eta: 0:00:15  time: 0.6228  data: 0.0002  max mem: 2933
[00:09:09.470099] Epoch: [71]  [60/66]  lr: 0.000471  loss: 0.6592 (0.6868)  eta: 0:00:03  time: 0.6226  data: 0.0003  max mem: 2933
[00:09:11.980631] Epoch: [71]  [65/66]  lr: 0.000469  loss: 0.6592 (0.6899)  eta: 0:00:00  time: 0.5928  data: 0.0003  max mem: 2933
[00:09:12.150027] Epoch: [71] Total time: 0:00:40 (0.6101 s / it)
[00:09:12.150128] Averaged stats: lr: 0.000469  loss: 0.6592 (0.6899)
/home/nvidia/netmambaplus-reproduction/upstream/NetMambaPlus/src/engine_mm.py:220: FutureWarning: `torch.cuda.amp.autocast(args...)` is deprecated. Please use `torch.amp.autocast('cuda', args...)` instead.
  with torch.cuda.amp.autocast():
[00:09:12.644567] Test:  [0/9]  loss: 0.3450 (0.3450)  acc1: 0.8828 (0.8828)  acc3: 0.9844 (0.9844)  eta: 0:00:04  time: 0.4894  data: 0.3461  max mem: 2933
[00:09:13.633191] Test:  [8/9]  loss: 0.3691 (0.4260)  acc1: 0.8750 (0.8654)  acc3: 0.9844 (0.9856)  eta: 0:00:00  time: 0.1642  data: 0.0386  max mem: 2933
[00:09:13.787629] Test: Total time: 0:00:01 (0.1817 s / it)
[00:09:13.855360] * Acc@1 0.8654 Acc@3 0.9856 loss 0.4260
[00:09:13.855421] * Pre 0.8718 Rec 0.8654 F1 0.8663
[00:09:13.918321] Accuracy of the network on test samples: 0.8654
[00:09:13.919133] F1 of the network on test samples: 0.8663
[00:09:13.919144] Max Accuracy: 0.8654
[00:09:13.919167] Max F1: 0.8663
[00:09:13.921306] log_dir: /home/nvidia/netmambaplus-reproduction/runs/ciciot-ft-seed0/logs
[00:09:14.853046] Epoch: [72]  [ 0/66]  lr: 0.000469  loss: 0.6038 (0.6038)  eta: 0:01:01  time: 0.9280  data: 0.2899  max mem: 2933
[00:09:26.509417] Epoch: [72]  [20/66]  lr: 0.000464  loss: 0.6927 (0.6779)  eta: 0:00:27  time: 0.5828  data: 0.0002  max mem: 2933
[00:09:38.967028] Epoch: [72]  [40/66]  lr: 0.000460  loss: 0.6858 (0.6844)  eta: 0:00:15  time: 0.6228  data: 0.0003  max mem: 2933
[00:09:51.430871] Epoch: [72]  [60/66]  lr: 0.000455  loss: 0.6870 (0.6876)  eta: 0:00:03  time: 0.6231  data: 0.0003  max mem: 2933
[00:09:53.959017] Epoch: [72]  [65/66]  lr: 0.000454  loss: 0.6703 (0.6846)  eta: 0:00:00  time: 0.5931  data: 0.0003  max mem: 2933
[00:09:54.117475] Epoch: [72] Total time: 0:00:40 (0.6090 s / it)
[00:09:54.117814] Averaged stats: lr: 0.000454  loss: 0.6703 (0.6846)
/home/nvidia/netmambaplus-reproduction/upstream/NetMambaPlus/src/engine_mm.py:220: FutureWarning: `torch.cuda.amp.autocast(args...)` is deprecated. Please use `torch.amp.autocast('cuda', args...)` instead.
  with torch.cuda.amp.autocast():
[00:09:54.608548] Test:  [0/9]  loss: 0.4160 (0.4160)  acc1: 0.8828 (0.8828)  acc3: 0.9922 (0.9922)  eta: 0:00:04  time: 0.4857  data: 0.3371  max mem: 2933
[00:09:55.589386] Test:  [8/9]  loss: 0.3958 (0.4316)  acc1: 0.8750 (0.8548)  acc3: 0.9922 (0.9846)  eta: 0:00:00  time: 0.1629  data: 0.0376  max mem: 2933
[00:09:55.742246] Test: Total time: 0:00:01 (0.1801 s / it)
[00:09:55.810362] * Acc@1 0.8548 Acc@3 0.9846 loss 0.4316
[00:09:55.810452] * Pre 0.8601 Rec 0.8538 F1 0.8537
[00:09:55.812559] Accuracy of the network on test samples: 0.8548
[00:09:55.812568] F1 of the network on test samples: 0.8537
[00:09:55.812578] Max Accuracy: 0.8654
[00:09:55.812586] Max F1: 0.8663
[00:09:55.815933] log_dir: /home/nvidia/netmambaplus-reproduction/runs/ciciot-ft-seed0/logs
[00:09:56.663154] Epoch: [73]  [ 0/66]  lr: 0.000453  loss: 0.6619 (0.6619)  eta: 0:00:55  time: 0.8438  data: 0.2826  max mem: 2933
[00:10:08.527751] Epoch: [73]  [20/66]  lr: 0.000449  loss: 0.6773 (0.6873)  eta: 0:00:27  time: 0.5932  data: 0.0003  max mem: 2933
[00:10:21.174072] Epoch: [73]  [40/66]  lr: 0.000444  loss: 0.6730 (0.6829)  eta: 0:00:16  time: 0.6322  data: 0.0003  max mem: 2933
[00:10:33.878042] Epoch: [73]  [60/66]  lr: 0.000439  loss: 0.6722 (0.6814)  eta: 0:00:03  time: 0.6352  data: 0.0003  max mem: 2933
[00:10:36.437638] Epoch: [73]  [65/66]  lr: 0.000438  loss: 0.6722 (0.6821)  eta: 0:00:00  time: 0.6041  data: 0.0003  max mem: 2933
[00:10:36.592225] Epoch: [73] Total time: 0:00:40 (0.6178 s / it)
[00:10:36.592600] Averaged stats: lr: 0.000438  loss: 0.6722 (0.6821)
/home/nvidia/netmambaplus-reproduction/upstream/NetMambaPlus/src/engine_mm.py:220: FutureWarning: `torch.cuda.amp.autocast(args...)` is deprecated. Please use `torch.amp.autocast('cuda', args...)` instead.
  with torch.cuda.amp.autocast():
[00:10:37.052910] Test:  [0/9]  loss: 0.3916 (0.3916)  acc1: 0.8828 (0.8828)  acc3: 0.9922 (0.9922)  eta: 0:00:04  time: 0.4557  data: 0.3112  max mem: 2933
[00:10:38.051671] Test:  [8/9]  loss: 0.3936 (0.4347)  acc1: 0.8516 (0.8596)  acc3: 0.9922 (0.9846)  eta: 0:00:00  time: 0.1615  data: 0.0347  max mem: 2933
[00:10:38.203617] Test: Total time: 0:00:01 (0.1787 s / it)
[00:10:38.281198] * Acc@1 0.8596 Acc@3 0.9846 loss 0.4347
[00:10:38.281308] * Pre 0.8685 Rec 0.8596 F1 0.8607
[00:10:38.283473] Accuracy of the network on test samples: 0.8596
[00:10:38.284065] F1 of the network on test samples: 0.8607
[00:10:38.284075] Max Accuracy: 0.8654
[00:10:38.284083] Max F1: 0.8663
[00:10:38.287255] log_dir: /home/nvidia/netmambaplus-reproduction/runs/ciciot-ft-seed0/logs
[00:10:39.172101] Epoch: [74]  [ 0/66]  lr: 0.000438  loss: 0.5819 (0.5819)  eta: 0:00:58  time: 0.8825  data: 0.3236  max mem: 2933
[00:10:51.447806] Epoch: [74]  [20/66]  lr: 0.000433  loss: 0.6767 (0.6775)  eta: 0:00:28  time: 0.6137  data: 0.0004  max mem: 2933
[00:11:04.178809] Epoch: [74]  [40/66]  lr: 0.000428  loss: 0.6537 (0.6697)  eta: 0:00:16  time: 0.6365  data: 0.0004  max mem: 2933
[00:11:16.947576] Epoch: [74]  [60/66]  lr: 0.000424  loss: 0.6518 (0.6686)  eta: 0:00:03  time: 0.6384  data: 0.0003  max mem: 2933
[00:11:19.514318] Epoch: [74]  [65/66]  lr: 0.000423  loss: 0.6695 (0.6693)  eta: 0:00:00  time: 0.6057  data: 0.0003  max mem: 2933
[00:11:19.677811] Epoch: [74] Total time: 0:00:41 (0.6271 s / it)
[00:11:19.677938] Averaged stats: lr: 0.000423  loss: 0.6695 (0.6693)
/home/nvidia/netmambaplus-reproduction/upstream/NetMambaPlus/src/engine_mm.py:220: FutureWarning: `torch.cuda.amp.autocast(args...)` is deprecated. Please use `torch.amp.autocast('cuda', args...)` instead.
  with torch.cuda.amp.autocast():
[00:11:20.137365] Test:  [0/9]  loss: 0.3599 (0.3599)  acc1: 0.8828 (0.8828)  acc3: 0.9844 (0.9844)  eta: 0:00:04  time: 0.4510  data: 0.3067  max mem: 2933
[00:11:21.141940] Test:  [8/9]  loss: 0.3599 (0.4065)  acc1: 0.8828 (0.8606)  acc3: 0.9922 (0.9856)  eta: 0:00:00  time: 0.1616  data: 0.0343  max mem: 2933
[00:11:21.304339] Test: Total time: 0:00:01 (0.1803 s / it)
[00:11:22.335535] * Acc@1 0.8606 Acc@3 0.9856 loss 0.4065
[00:11:22.335617] * Pre 0.8682 Rec 0.8606 F1 0.8602
[00:11:22.337660] Accuracy of the network on test samples: 0.8606
[00:11:22.337679] F1 of the network on test samples: 0.8602
[00:11:22.337691] Max Accuracy: 0.8654
[00:11:22.337701] Max F1: 0.8663
[00:11:22.340971] log_dir: /home/nvidia/netmambaplus-reproduction/runs/ciciot-ft-seed0/logs
[00:11:23.243532] Epoch: [75]  [ 0/66]  lr: 0.000422  loss: 0.6244 (0.6244)  eta: 0:00:59  time: 0.8976  data: 0.2685  max mem: 2933
[00:11:34.925853] Epoch: [75]  [20/66]  lr: 0.000418  loss: 0.6639 (0.6710)  eta: 0:00:27  time: 0.5841  data: 0.0003  max mem: 2933
[00:11:47.629017] Epoch: [75]  [40/66]  lr: 0.000413  loss: 0.6538 (0.6626)  eta: 0:00:16  time: 0.6351  data: 0.0003  max mem: 2933
[00:12:00.430215] Epoch: [75]  [60/66]  lr: 0.000408  loss: 0.6663 (0.6641)  eta: 0:00:03  time: 0.6400  data: 0.0003  max mem: 2933
[00:12:02.988738] Epoch: [75]  [65/66]  lr: 0.000407  loss: 0.6716 (0.6813)  eta: 0:00:00  time: 0.6071  data: 0.0002  max mem: 2933
[00:12:03.139814] Epoch: [75] Total time: 0:00:40 (0.6182 s / it)
[00:12:03.139923] Averaged stats: lr: 0.000407  loss: 0.6716 (0.6813)
/home/nvidia/netmambaplus-reproduction/upstream/NetMambaPlus/src/engine_mm.py:220: FutureWarning: `torch.cuda.amp.autocast(args...)` is deprecated. Please use `torch.amp.autocast('cuda', args...)` instead.
  with torch.cuda.amp.autocast():
[00:12:03.620138] Test:  [0/9]  loss: 0.3562 (0.3562)  acc1: 0.8828 (0.8828)  acc3: 0.9922 (0.9922)  eta: 0:00:04  time: 0.4765  data: 0.3290  max mem: 2933
[00:12:04.460812] Test:  [8/9]  loss: 0.3562 (0.4134)  acc1: 0.8828 (0.8558)  acc3: 0.9922 (0.9875)  eta: 0:00:00  time: 0.1463  data: 0.0367  max mem: 2933
[00:12:04.571025] Test: Total time: 0:00:01 (0.1588 s / it)
[00:12:04.638654] * Acc@1 0.8558 Acc@3 0.9875 loss 0.4134
[00:12:04.638702] * Pre 0.8585 Rec 0.8558 F1 0.8546
[00:12:04.639962] Accuracy of the network on test samples: 0.8558
[00:12:04.639974] F1 of the network on test samples: 0.8546
[00:12:04.639979] Max Accuracy: 0.8654
[00:12:04.639985] Max F1: 0.8663
[00:12:04.643542] log_dir: /home/nvidia/netmambaplus-reproduction/runs/ciciot-ft-seed0/logs
[00:12:05.488906] Epoch: [76]  [ 0/66]  lr: 0.000407  loss: 0.6346 (0.6346)  eta: 0:00:55  time: 0.8418  data: 0.2462  max mem: 2933
[00:12:17.653779] Epoch: [76]  [20/66]  lr: 0.000402  loss: 0.6996 (0.6852)  eta: 0:00:28  time: 0.6082  data: 0.0003  max mem: 2933
[00:12:30.337707] Epoch: [76]  [40/66]  lr: 0.000398  loss: 0.6402 (0.6712)  eta: 0:00:16  time: 0.6341  data: 0.0004  max mem: 2933
[00:12:42.997884] Epoch: [76]  [60/66]  lr: 0.000393  loss: 0.6706 (0.6686)  eta: 0:00:03  time: 0.6330  data: 0.0004  max mem: 2933
[00:12:45.521443] Epoch: [76]  [65/66]  lr: 0.000392  loss: 0.6373 (0.6697)  eta: 0:00:00  time: 0.6008  data: 0.0003  max mem: 2933
[00:12:45.675515] Epoch: [76] Total time: 0:00:41 (0.6217 s / it)
[00:12:45.675795] Averaged stats: lr: 0.000392  loss: 0.6373 (0.6697)
/home/nvidia/netmambaplus-reproduction/upstream/NetMambaPlus/src/engine_mm.py:220: FutureWarning: `torch.cuda.amp.autocast(args...)` is deprecated. Please use `torch.amp.autocast('cuda', args...)` instead.
  with torch.cuda.amp.autocast():
[00:12:46.150910] Test:  [0/9]  loss: 0.3564 (0.3564)  acc1: 0.8906 (0.8906)  acc3: 0.9922 (0.9922)  eta: 0:00:04  time: 0.4710  data: 0.3298  max mem: 2933
[00:12:46.998406] Test:  [8/9]  loss: 0.4080 (0.4047)  acc1: 0.8516 (0.8625)  acc3: 0.9922 (0.9875)  eta: 0:00:00  time: 0.1464  data: 0.0369  max mem: 2933
[00:12:47.113823] Test: Total time: 0:00:01 (0.1596 s / it)
[00:12:47.180648] * Acc@1 0.8625 Acc@3 0.9875 loss 0.4047
[00:12:47.180730] * Pre 0.8721 Rec 0.8625 F1 0.8641
[00:12:47.182952] Accuracy of the network on test samples: 0.8625
[00:12:47.182969] F1 of the network on test samples: 0.8641
[00:12:47.182978] Max Accuracy: 0.8654
[00:12:47.182984] Max F1: 0.8663
[00:12:47.186950] log_dir: /home/nvidia/netmambaplus-reproduction/runs/ciciot-ft-seed0/logs
[00:12:47.930706] Epoch: [77]  [ 0/66]  lr: 0.000392  loss: 0.5820 (0.5820)  eta: 0:00:48  time: 0.7401  data: 0.2390  max mem: 2933
[00:13:00.039165] Epoch: [77]  [20/66]  lr: 0.000387  loss: 0.6543 (0.6586)  eta: 0:00:28  time: 0.6054  data: 0.0003  max mem: 2933
[00:13:12.598513] Epoch: [77]  [40/66]  lr: 0.000382  loss: 0.6521 (0.6551)  eta: 0:00:16  time: 0.6279  data: 0.0003  max mem: 2933
[00:13:25.202621] Epoch: [77]  [60/66]  lr: 0.000378  loss: 0.6506 (0.6558)  eta: 0:00:03  time: 0.6302  data: 0.0003  max mem: 2933
[00:13:27.696775] Epoch: [77]  [65/66]  lr: 0.000377  loss: 0.6556 (0.6595)  eta: 0:00:00  time: 0.5966  data: 0.0003  max mem: 2933
[00:13:27.849474] Epoch: [77] Total time: 0:00:40 (0.6161 s / it)
[00:13:27.849647] Averaged stats: lr: 0.000377  loss: 0.6556 (0.6595)
/home/nvidia/netmambaplus-reproduction/upstream/NetMambaPlus/src/engine_mm.py:220: FutureWarning: `torch.cuda.amp.autocast(args...)` is deprecated. Please use `torch.amp.autocast('cuda', args...)` instead.
  with torch.cuda.amp.autocast():
[00:13:28.281374] Test:  [0/9]  loss: 0.3589 (0.3589)  acc1: 0.8906 (0.8906)  acc3: 0.9922 (0.9922)  eta: 0:00:03  time: 0.4280  data: 0.3240  max mem: 2933
[00:13:29.206336] Test:  [8/9]  loss: 0.3711 (0.3986)  acc1: 0.8750 (0.8548)  acc3: 0.9922 (0.9913)  eta: 0:00:00  time: 0.1503  data: 0.0361  max mem: 2933
[00:13:29.330979] Test: Total time: 0:00:01 (0.1643 s / it)
[00:13:29.398207] * Acc@1 0.8548 Acc@3 0.9913 loss 0.3986
[00:13:29.398271] * Pre 0.8631 Rec 0.8548 F1 0.8546
[00:13:29.400330] Accuracy of the network on test samples: 0.8548
[00:13:29.400727] F1 of the network on test samples: 0.8546
[00:13:29.400801] Max Accuracy: 0.8654
[00:13:29.400806] Max F1: 0.8663
[00:13:29.405722] log_dir: /home/nvidia/netmambaplus-reproduction/runs/ciciot-ft-seed0/logs
[00:13:30.321664] Epoch: [78]  [ 0/66]  lr: 0.000376  loss: 0.6325 (0.6325)  eta: 0:01:00  time: 0.9141  data: 0.3063  max mem: 2933
[00:13:42.410824] Epoch: [78]  [20/66]  lr: 0.000372  loss: 0.6589 (0.6709)  eta: 0:00:28  time: 0.6044  data: 0.0003  max mem: 2933
[00:13:54.941508] Epoch: [78]  [40/66]  lr: 0.000367  loss: 0.6365 (0.6605)  eta: 0:00:16  time: 0.6265  data: 0.0003  max mem: 2933
[00:14:07.371884] Epoch: [78]  [60/66]  lr: 0.000363  loss: 0.6397 (0.6588)  eta: 0:00:03  time: 0.6215  data: 0.0002  max mem: 2933
[00:14:09.879739] Epoch: [78]  [65/66]  lr: 0.000361  loss: 0.6414 (0.6553)  eta: 0:00:00  time: 0.5919  data: 0.0002  max mem: 2933
[00:14:10.041507] Epoch: [78] Total time: 0:00:40 (0.6157 s / it)
[00:14:10.041782] Averaged stats: lr: 0.000361  loss: 0.6414 (0.6553)
/home/nvidia/netmambaplus-reproduction/upstream/NetMambaPlus/src/engine_mm.py:220: FutureWarning: `torch.cuda.amp.autocast(args...)` is deprecated. Please use `torch.amp.autocast('cuda', args...)` instead.
  with torch.cuda.amp.autocast():
[00:14:10.471221] Test:  [0/9]  loss: 0.3818 (0.3818)  acc1: 0.8906 (0.8906)  acc3: 0.9922 (0.9922)  eta: 0:00:03  time: 0.4254  data: 0.2830  max mem: 2933
[00:14:11.369788] Test:  [8/9]  loss: 0.3818 (0.3926)  acc1: 0.8750 (0.8635)  acc3: 0.9922 (0.9865)  eta: 0:00:00  time: 0.1470  data: 0.0316  max mem: 2933
[00:14:11.505899] Test: Total time: 0:00:01 (0.1624 s / it)
[00:14:11.575214] * Acc@1 0.8635 Acc@3 0.9865 loss 0.3926
[00:14:11.575337] * Pre 0.8679 Rec 0.8635 F1 0.8640
[00:14:11.578357] Accuracy of the network on test samples: 0.8635
[00:14:11.578877] F1 of the network on test samples: 0.8640
[00:14:11.578884] Max Accuracy: 0.8654
[00:14:11.578889] Max F1: 0.8663
[00:14:11.581993] log_dir: /home/nvidia/netmambaplus-reproduction/runs/ciciot-ft-seed0/logs
[00:14:12.456350] Epoch: [79]  [ 0/66]  lr: 0.000361  loss: 0.5803 (0.5803)  eta: 0:00:57  time: 0.8715  data: 0.2364  max mem: 2933
[00:14:24.515699] Epoch: [79]  [20/66]  lr: 0.000357  loss: 0.6445 (0.6478)  eta: 0:00:28  time: 0.6029  data: 0.0003  max mem: 2933
[00:14:36.991020] Epoch: [79]  [40/66]  lr: 0.000352  loss: 0.6584 (0.6542)  eta: 0:00:16  time: 0.6237  data: 0.0003  max mem: 2933
[00:14:49.445802] Epoch: [79]  [60/66]  lr: 0.000348  loss: 0.6278 (0.6491)  eta: 0:00:03  time: 0.6227  data: 0.0003  max mem: 2933
[00:14:51.847748] Epoch: [79]  [65/66]  lr: 0.000346  loss: 0.6556 (0.6583)  eta: 0:00:00  time: 0.5868  data: 0.0003  max mem: 2933
[00:14:51.964185] Epoch: [79] Total time: 0:00:40 (0.6119 s / it)
[00:14:51.964369] Averaged stats: lr: 0.000346  loss: 0.6556 (0.6583)
/home/nvidia/netmambaplus-reproduction/upstream/NetMambaPlus/src/engine_mm.py:220: FutureWarning: `torch.cuda.amp.autocast(args...)` is deprecated. Please use `torch.amp.autocast('cuda', args...)` instead.
  with torch.cuda.amp.autocast():
[00:14:52.333705] Test:  [0/9]  loss: 0.3396 (0.3396)  acc1: 0.8906 (0.8906)  acc3: 0.9922 (0.9922)  eta: 0:00:03  time: 0.3653  data: 0.2258  max mem: 2933
[00:14:53.182524] Test:  [8/9]  loss: 0.3550 (0.3921)  acc1: 0.8906 (0.8596)  acc3: 0.9922 (0.9904)  eta: 0:00:00  time: 0.1348  data: 0.0252  max mem: 2933
[00:14:53.308922] Test: Total time: 0:00:01 (0.1492 s / it)
[00:14:53.377458] * Acc@1 0.8596 Acc@3 0.9904 loss 0.3921
[00:14:53.377549] * Pre 0.8672 Rec 0.8596 F1 0.8596
[00:14:53.380038] Accuracy of the network on test samples: 0.8596
[00:14:53.380606] F1 of the network on test samples: 0.8596
[00:14:53.380615] Max Accuracy: 0.8654
[00:14:53.380621] Max F1: 0.8663
[00:14:53.384321] log_dir: /home/nvidia/netmambaplus-reproduction/runs/ciciot-ft-seed0/logs
[00:14:54.319888] Epoch: [80]  [ 0/66]  lr: 0.000346  loss: 0.6137 (0.6137)  eta: 0:01:01  time: 0.9328  data: 0.2987  max mem: 2933
[00:15:06.525391] Epoch: [80]  [20/66]  lr: 0.000342  loss: 0.6429 (0.6429)  eta: 0:00:28  time: 0.6102  data: 0.0003  max mem: 2933
[00:15:19.272336] Epoch: [80]  [40/66]  lr: 0.000337  loss: 0.6493 (0.6458)  eta: 0:00:16  time: 0.6373  data: 0.0003  max mem: 2933
[00:15:32.024199] Epoch: [80]  [60/66]  lr: 0.000333  loss: 0.6431 (0.6481)  eta: 0:00:03  time: 0.6376  data: 0.0003  max mem: 2933
[00:15:34.403048] Epoch: [80]  [65/66]  lr: 0.000332  loss: 0.6395 (0.6492)  eta: 0:00:00  time: 0.5955  data: 0.0003  max mem: 2933
[00:15:34.526760] Epoch: [80] Total time: 0:00:41 (0.6234 s / it)
[00:15:34.526923] Averaged stats: lr: 0.000332  loss: 0.6395 (0.6492)
/home/nvidia/netmambaplus-reproduction/upstream/NetMambaPlus/src/engine_mm.py:220: FutureWarning: `torch.cuda.amp.autocast(args...)` is deprecated. Please use `torch.amp.autocast('cuda', args...)` instead.
  with torch.cuda.amp.autocast():
[00:15:34.892786] Test:  [0/9]  loss: 0.3665 (0.3665)  acc1: 0.8906 (0.8906)  acc3: 0.9922 (0.9922)  eta: 0:00:03  time: 0.3610  data: 0.2223  max mem: 2933
[00:15:35.690854] Test:  [8/9]  loss: 0.3665 (0.3925)  acc1: 0.8516 (0.8702)  acc3: 0.9922 (0.9885)  eta: 0:00:00  time: 0.1287  data: 0.0248  max mem: 2933
[00:15:35.840090] Test: Total time: 0:00:01 (0.1457 s / it)
[00:15:35.913098] * Acc@1 0.8702 Acc@3 0.9885 loss 0.3925
[00:15:35.913209] * Pre 0.8746 Rec 0.8702 F1 0.8709
[00:15:35.989860] Accuracy of the network on test samples: 0.8702
[00:15:35.989908] F1 of the network on test samples: 0.8709
[00:15:35.989915] Max Accuracy: 0.8702
[00:15:35.989923] Max F1: 0.8709
[00:15:35.993162] log_dir: /home/nvidia/netmambaplus-reproduction/runs/ciciot-ft-seed0/logs
[00:15:36.976759] Epoch: [81]  [ 0/66]  lr: 0.000331  loss: 0.6352 (0.6352)  eta: 0:01:04  time: 0.9812  data: 0.3237  max mem: 2933
[00:15:49.269961] Epoch: [81]  [20/66]  lr: 0.000327  loss: 0.6377 (0.6390)  eta: 0:00:29  time: 0.6146  data: 0.0003  max mem: 2933
[00:16:02.034306] Epoch: [81]  [40/66]  lr: 0.000322  loss: 0.6395 (0.6396)  eta: 0:00:16  time: 0.6381  data: 0.0003  max mem: 2933
[00:16:14.778972] Epoch: [81]  [60/66]  lr: 0.000318  loss: 0.6380 (0.6398)  eta: 0:00:03  time: 0.6372  data: 0.0003  max mem: 2933
[00:16:17.157194] Epoch: [81]  [65/66]  lr: 0.000317  loss: 0.6380 (0.6374)  eta: 0:00:00  time: 0.5980  data: 0.0003  max mem: 2933
[00:16:17.284932] Epoch: [81] Total time: 0:00:41 (0.6256 s / it)
[00:16:17.285017] Averaged stats: lr: 0.000317  loss: 0.6380 (0.6374)
/home/nvidia/netmambaplus-reproduction/upstream/NetMambaPlus/src/engine_mm.py:220: FutureWarning: `torch.cuda.amp.autocast(args...)` is deprecated. Please use `torch.amp.autocast('cuda', args...)` instead.
  with torch.cuda.amp.autocast():
[00:16:17.617016] Test:  [0/9]  loss: 0.3623 (0.3623)  acc1: 0.8906 (0.8906)  acc3: 0.9922 (0.9922)  eta: 0:00:02  time: 0.3290  data: 0.2285  max mem: 2933
[00:16:18.523889] Test:  [8/9]  loss: 0.3623 (0.3709)  acc1: 0.8906 (0.8856)  acc3: 0.9922 (0.9894)  eta: 0:00:00  time: 0.1372  data: 0.0255  max mem: 2933
[00:16:18.678917] Test: Total time: 0:00:01 (0.1547 s / it)
[00:16:18.746891] * Acc@1 0.8856 Acc@3 0.9894 loss 0.3709
[00:16:18.746961] * Pre 0.8910 Rec 0.8856 F1 0.8862
[00:16:18.809064] Accuracy of the network on test samples: 0.8856
[00:16:18.809090] F1 of the network on test samples: 0.8862
[00:16:18.809096] Max Accuracy: 0.8856
[00:16:18.809101] Max F1: 0.8862
[00:16:18.812140] log_dir: /home/nvidia/netmambaplus-reproduction/runs/ciciot-ft-seed0/logs
[00:16:19.774477] Epoch: [82]  [ 0/66]  lr: 0.000317  loss: 0.6630 (0.6630)  eta: 0:01:03  time: 0.9597  data: 0.3050  max mem: 2933
[00:16:32.103550] Epoch: [82]  [20/66]  lr: 0.000312  loss: 0.6171 (0.6296)  eta: 0:00:29  time: 0.6164  data: 0.0003  max mem: 2933
[00:16:44.810555] Epoch: [82]  [40/66]  lr: 0.000308  loss: 0.6508 (0.6404)  eta: 0:00:16  time: 0.6353  data: 0.0003  max mem: 2933
[00:16:57.581738] Epoch: [82]  [60/66]  lr: 0.000303  loss: 0.6152 (0.6332)  eta: 0:00:03  time: 0.6385  data: 0.0003  max mem: 2933
[00:16:59.947693] Epoch: [82]  [65/66]  lr: 0.000302  loss: 0.6249 (0.6315)  eta: 0:00:00  time: 0.5976  data: 0.0003  max mem: 2933
[00:17:00.086645] Epoch: [82] Total time: 0:00:41 (0.6254 s / it)
[00:17:00.086957] Averaged stats: lr: 0.000302  loss: 0.6249 (0.6315)
/home/nvidia/netmambaplus-reproduction/upstream/NetMambaPlus/src/engine_mm.py:220: FutureWarning: `torch.cuda.amp.autocast(args...)` is deprecated. Please use `torch.amp.autocast('cuda', args...)` instead.
  with torch.cuda.amp.autocast():
[00:17:00.564987] Test:  [0/9]  loss: 0.3523 (0.3523)  acc1: 0.8828 (0.8828)  acc3: 0.9922 (0.9922)  eta: 0:00:04  time: 0.4700  data: 0.3345  max mem: 2933
[00:17:01.564794] Test:  [8/9]  loss: 0.3669 (0.3736)  acc1: 0.8828 (0.8856)  acc3: 0.9922 (0.9913)  eta: 0:00:00  time: 0.1632  data: 0.0373  max mem: 2933
[00:17:01.712542] Test: Total time: 0:00:01 (0.1803 s / it)
[00:17:01.785254] * Acc@1 0.8856 Acc@3 0.9913 loss 0.3736
[00:17:01.785317] * Pre 0.8929 Rec 0.8856 F1 0.8864
[00:17:01.787437] Accuracy of the network on test samples: 0.8856
[00:17:01.787954] F1 of the network on test samples: 0.8864
[00:17:01.787986] Max Accuracy: 0.8856
[00:17:01.788244] Max F1: 0.8864
[00:17:01.792338] log_dir: /home/nvidia/netmambaplus-reproduction/runs/ciciot-ft-seed0/logs
[00:17:02.806109] Epoch: [83]  [ 0/66]  lr: 0.000302  loss: 0.5978 (0.5978)  eta: 0:01:06  time: 1.0106  data: 0.3535  max mem: 2933
[00:17:15.148445] Epoch: [83]  [20/66]  lr: 0.000298  loss: 0.6342 (0.6314)  eta: 0:00:29  time: 0.6171  data: 0.0003  max mem: 2933
[00:17:27.798334] Epoch: [83]  [40/66]  lr: 0.000293  loss: 0.6253 (0.6265)  eta: 0:00:16  time: 0.6324  data: 0.0003  max mem: 2933
[00:17:40.381863] Epoch: [83]  [60/66]  lr: 0.000289  loss: 0.6433 (0.6305)  eta: 0:00:03  time: 0.6291  data: 0.0003  max mem: 2933
[00:17:42.604761] Epoch: [83]  [65/66]  lr: 0.000288  loss: 0.6375 (0.6445)  eta: 0:00:00  time: 0.5818  data: 0.0003  max mem: 2933
[00:17:42.727670] Epoch: [83] Total time: 0:00:40 (0.6202 s / it)
[00:17:42.728023] Averaged stats: lr: 0.000288  loss: 0.6375 (0.6445)
/home/nvidia/netmambaplus-reproduction/upstream/NetMambaPlus/src/engine_mm.py:220: FutureWarning: `torch.cuda.amp.autocast(args...)` is deprecated. Please use `torch.amp.autocast('cuda', args...)` instead.
  with torch.cuda.amp.autocast():
[00:17:43.150903] Test:  [0/9]  loss: 0.3250 (0.3250)  acc1: 0.8828 (0.8828)  acc3: 0.9922 (0.9922)  eta: 0:00:03  time: 0.4182  data: 0.2661  max mem: 2933
[00:17:44.136530] Test:  [8/9]  loss: 0.3267 (0.3682)  acc1: 0.8828 (0.8798)  acc3: 0.9922 (0.9894)  eta: 0:00:00  time: 0.1559  data: 0.0297  max mem: 2933
[00:17:44.296817] Test: Total time: 0:00:01 (0.1740 s / it)
[00:17:44.363782] * Acc@1 0.8798 Acc@3 0.9894 loss 0.3682
[00:17:44.363856] * Pre 0.8848 Rec 0.8798 F1 0.8797
[00:17:44.366527] Accuracy of the network on test samples: 0.8798
[00:17:44.367170] F1 of the network on test samples: 0.8797
[00:17:44.367176] Max Accuracy: 0.8856
[00:17:44.367182] Max F1: 0.8864
[00:17:44.372042] log_dir: /home/nvidia/netmambaplus-reproduction/runs/ciciot-ft-seed0/logs
[00:17:45.340460] Epoch: [84]  [ 0/66]  lr: 0.000288  loss: 0.5932 (0.5932)  eta: 0:01:03  time: 0.9656  data: 0.3114  max mem: 2933
[00:17:57.455484] Epoch: [84]  [20/66]  lr: 0.000284  loss: 0.6243 (0.6292)  eta: 0:00:28  time: 0.6057  data: 0.0003  max mem: 2933
[00:18:10.021310] Epoch: [84]  [40/66]  lr: 0.000279  loss: 0.6284 (0.6298)  eta: 0:00:16  time: 0.6282  data: 0.0003  max mem: 2933
[00:18:22.559545] Epoch: [84]  [60/66]  lr: 0.000275  loss: 0.6435 (0.6311)  eta: 0:00:03  time: 0.6268  data: 0.0003  max mem: 2933
[00:18:24.746836] Epoch: [84]  [65/66]  lr: 0.000274  loss: 0.6527 (0.6339)  eta: 0:00:00  time: 0.5792  data: 0.0004  max mem: 2933
[00:18:24.912372] Epoch: [84] Total time: 0:00:40 (0.6142 s / it)
[00:18:24.912563] Averaged stats: lr: 0.000274  loss: 0.6527 (0.6339)
/home/nvidia/netmambaplus-reproduction/upstream/NetMambaPlus/src/engine_mm.py:220: FutureWarning: `torch.cuda.amp.autocast(args...)` is deprecated. Please use `torch.amp.autocast('cuda', args...)` instead.
  with torch.cuda.amp.autocast():
[00:18:25.395984] Test:  [0/9]  loss: 0.3586 (0.3586)  acc1: 0.8828 (0.8828)  acc3: 0.9922 (0.9922)  eta: 0:00:04  time: 0.4788  data: 0.3320  max mem: 2933
[00:18:26.386586] Test:  [8/9]  loss: 0.3586 (0.3776)  acc1: 0.8750 (0.8740)  acc3: 0.9844 (0.9856)  eta: 0:00:00  time: 0.1632  data: 0.0370  max mem: 2933
[00:18:26.542771] Test: Total time: 0:00:01 (0.1808 s / it)
[00:18:26.612492] * Acc@1 0.8740 Acc@3 0.9856 loss 0.3776
[00:18:26.612558] * Pre 0.8767 Rec 0.8740 F1 0.8737
[00:18:26.614901] Accuracy of the network on test samples: 0.8740
[00:18:26.616009] F1 of the network on test samples: 0.8737
[00:18:26.616069] Max Accuracy: 0.8856
[00:18:26.616075] Max F1: 0.8864
[00:18:26.618588] log_dir: /home/nvidia/netmambaplus-reproduction/runs/ciciot-ft-seed0/logs
[00:18:27.562167] Epoch: [85]  [ 0/66]  lr: 0.000274  loss: 0.6641 (0.6641)  eta: 0:01:02  time: 0.9400  data: 0.3074  max mem: 2933
[00:18:39.719388] Epoch: [85]  [20/66]  lr: 0.000270  loss: 0.6400 (0.6428)  eta: 0:00:28  time: 0.6078  data: 0.0003  max mem: 2933
[00:18:52.206100] Epoch: [85]  [40/66]  lr: 0.000265  loss: 0.6120 (0.6317)  eta: 0:00:16  time: 0.6243  data: 0.0003  max mem: 2933
[00:19:04.516279] Epoch: [85]  [60/66]  lr: 0.000261  loss: 0.6304 (0.6315)  eta: 0:00:03  time: 0.6155  data: 0.0002  max mem: 2933
[00:19:06.800016] Epoch: [85]  [65/66]  lr: 0.000260  loss: 0.6304 (0.6281)  eta: 0:00:00  time: 0.5733  data: 0.0002  max mem: 2933
[00:19:06.965683] Epoch: [85] Total time: 0:00:40 (0.6113 s / it)
[00:19:06.965850] Averaged stats: lr: 0.000260  loss: 0.6304 (0.6281)
/home/nvidia/netmambaplus-reproduction/upstream/NetMambaPlus/src/engine_mm.py:220: FutureWarning: `torch.cuda.amp.autocast(args...)` is deprecated. Please use `torch.amp.autocast('cuda', args...)` instead.
  with torch.cuda.amp.autocast():
[00:19:07.411410] Test:  [0/9]  loss: 0.3638 (0.3638)  acc1: 0.8828 (0.8828)  acc3: 0.9922 (0.9922)  eta: 0:00:03  time: 0.4406  data: 0.2923  max mem: 2933
[00:19:08.395345] Test:  [8/9]  loss: 0.3638 (0.3630)  acc1: 0.8828 (0.8856)  acc3: 0.9922 (0.9885)  eta: 0:00:00  time: 0.1582  data: 0.0326  max mem: 2933
[00:19:08.533571] Test: Total time: 0:00:01 (0.1739 s / it)
[00:19:08.599255] * Acc@1 0.8856 Acc@3 0.9885 loss 0.3630
[00:19:08.599314] * Pre 0.8916 Rec 0.8865 F1 0.8871
[00:19:08.662213] Accuracy of the network on test samples: 0.8856
[00:19:08.662296] F1 of the network on test samples: 0.8871
[00:19:08.662306] Max Accuracy: 0.8856
[00:19:08.663517] Max F1: 0.8871
[00:19:08.665892] log_dir: /home/nvidia/netmambaplus-reproduction/runs/ciciot-ft-seed0/logs
[00:19:09.589766] Epoch: [86]  [ 0/66]  lr: 0.000260  loss: 0.6607 (0.6607)  eta: 0:01:00  time: 0.9202  data: 0.2951  max mem: 2933
[00:19:21.633873] Epoch: [86]  [20/66]  lr: 0.000256  loss: 0.6196 (0.6233)  eta: 0:00:28  time: 0.6022  data: 0.0002  max mem: 2933
[00:19:34.107717] Epoch: [86]  [40/66]  lr: 0.000252  loss: 0.6074 (0.6168)  eta: 0:00:16  time: 0.6237  data: 0.0002  max mem: 2933
[00:19:46.392530] Epoch: [86]  [60/66]  lr: 0.000247  loss: 0.6157 (0.6145)  eta: 0:00:03  time: 0.6142  data: 0.0003  max mem: 2933
[00:19:48.722848] Epoch: [86]  [65/66]  lr: 0.000246  loss: 0.6268 (0.6141)  eta: 0:00:00  time: 0.5756  data: 0.0003  max mem: 2933
[00:19:48.872518] Epoch: [86] Total time: 0:00:40 (0.6092 s / it)
[00:19:48.872617] Averaged stats: lr: 0.000246  loss: 0.6268 (0.6141)
/home/nvidia/netmambaplus-reproduction/upstream/NetMambaPlus/src/engine_mm.py:220: FutureWarning: `torch.cuda.amp.autocast(args...)` is deprecated. Please use `torch.amp.autocast('cuda', args...)` instead.
  with torch.cuda.amp.autocast():
[00:19:49.358041] Test:  [0/9]  loss: 0.3689 (0.3689)  acc1: 0.8828 (0.8828)  acc3: 0.9766 (0.9766)  eta: 0:00:04  time: 0.4815  data: 0.3305  max mem: 2933
[00:19:50.350638] Test:  [8/9]  loss: 0.3689 (0.3574)  acc1: 0.8828 (0.8827)  acc3: 0.9922 (0.9856)  eta: 0:00:00  time: 0.1637  data: 0.0368  max mem: 2933
[00:19:50.490101] Test: Total time: 0:00:01 (0.1795 s / it)
[00:19:50.559478] * Acc@1 0.8827 Acc@3 0.9856 loss 0.3574
[00:19:50.559551] * Pre 0.8848 Rec 0.8827 F1 0.8827
[00:19:50.561580] Accuracy of the network on test samples: 0.8827
[00:19:50.561593] F1 of the network on test samples: 0.8827
[00:19:50.561598] Max Accuracy: 0.8856
[00:19:50.561604] Max F1: 0.8871
[00:19:50.565634] log_dir: /home/nvidia/netmambaplus-reproduction/runs/ciciot-ft-seed0/logs
[00:19:51.517346] Epoch: [87]  [ 0/66]  lr: 0.000246  loss: 0.6035 (0.6035)  eta: 0:01:02  time: 0.9484  data: 0.3151  max mem: 2933
[00:20:03.727016] Epoch: [87]  [20/66]  lr: 0.000242  loss: 0.6004 (0.6010)  eta: 0:00:28  time: 0.6104  data: 0.0003  max mem: 2933
[00:20:16.517923] Epoch: [87]  [40/66]  lr: 0.000238  loss: 0.6177 (0.6120)  eta: 0:00:16  time: 0.6395  data: 0.0003  max mem: 2933
[00:20:29.042118] Epoch: [87]  [60/66]  lr: 0.000234  loss: 0.6405 (0.6197)  eta: 0:00:03  time: 0.6262  data: 0.0003  max mem: 2933
[00:20:31.437783] Epoch: [87]  [65/66]  lr: 0.000233  loss: 0.6281 (0.6167)  eta: 0:00:00  time: 0.5875  data: 0.0003  max mem: 2933
[00:20:31.592266] Epoch: [87] Total time: 0:00:41 (0.6216 s / it)
[00:20:31.592437] Averaged stats: lr: 0.000233  loss: 0.6281 (0.6167)
/home/nvidia/netmambaplus-reproduction/upstream/NetMambaPlus/src/engine_mm.py:220: FutureWarning: `torch.cuda.amp.autocast(args...)` is deprecated. Please use `torch.amp.autocast('cuda', args...)` instead.
  with torch.cuda.amp.autocast():
[00:20:32.022490] Test:  [0/9]  loss: 0.3433 (0.3433)  acc1: 0.8828 (0.8828)  acc3: 0.9922 (0.9922)  eta: 0:00:03  time: 0.4245  data: 0.2785  max mem: 2933
[00:20:33.014144] Test:  [8/9]  loss: 0.3228 (0.3539)  acc1: 0.8828 (0.8788)  acc3: 0.9922 (0.9894)  eta: 0:00:00  time: 0.1572  data: 0.0311  max mem: 2933
[00:20:33.175893] Test: Total time: 0:00:01 (0.1756 s / it)
[00:20:33.243440] * Acc@1 0.8788 Acc@3 0.9894 loss 0.3539
[00:20:33.243489] * Pre 0.8875 Rec 0.8788 F1 0.8794
[00:20:33.245473] Accuracy of the network on test samples: 0.8788
[00:20:33.246534] F1 of the network on test samples: 0.8794
[00:20:33.246555] Max Accuracy: 0.8856
[00:20:33.246561] Max F1: 0.8871
[00:20:33.249451] log_dir: /home/nvidia/netmambaplus-reproduction/runs/ciciot-ft-seed0/logs
[00:20:34.209564] Epoch: [88]  [ 0/66]  lr: 0.000233  loss: 0.6103 (0.6103)  eta: 0:01:03  time: 0.9572  data: 0.3067  max mem: 2933
[00:20:46.529850] Epoch: [88]  [20/66]  lr: 0.000229  loss: 0.5894 (0.5960)  eta: 0:00:29  time: 0.6160  data: 0.0003  max mem: 2933
[00:20:59.245053] Epoch: [88]  [40/66]  lr: 0.000225  loss: 0.6170 (0.6048)  eta: 0:00:16  time: 0.6357  data: 0.0003  max mem: 2933
[00:21:11.734089] Epoch: [88]  [60/66]  lr: 0.000221  loss: 0.6064 (0.6058)  eta: 0:00:03  time: 0.6244  data: 0.0003  max mem: 2933
[00:21:14.140413] Epoch: [88]  [65/66]  lr: 0.000220  loss: 0.5955 (0.6017)  eta: 0:00:00  time: 0.5856  data: 0.0003  max mem: 2933
[00:21:14.292094] Epoch: [88] Total time: 0:00:41 (0.6219 s / it)
[00:21:14.292454] Averaged stats: lr: 0.000220  loss: 0.5955 (0.6017)
/home/nvidia/netmambaplus-reproduction/upstream/NetMambaPlus/src/engine_mm.py:220: FutureWarning: `torch.cuda.amp.autocast(args...)` is deprecated. Please use `torch.amp.autocast('cuda', args...)` instead.
  with torch.cuda.amp.autocast():
[00:21:14.798665] Test:  [0/9]  loss: 0.3464 (0.3464)  acc1: 0.8828 (0.8828)  acc3: 0.9922 (0.9922)  eta: 0:00:04  time: 0.5014  data: 0.3517  max mem: 2933
[00:21:15.797968] Test:  [8/9]  loss: 0.3408 (0.3601)  acc1: 0.8828 (0.8865)  acc3: 1.0000 (0.9923)  eta: 0:00:00  time: 0.1666  data: 0.0393  max mem: 2933
[00:21:15.948808] Test: Total time: 0:00:01 (0.1838 s / it)
[00:21:16.022179] * Acc@1 0.8865 Acc@3 0.9923 loss 0.3601
[00:21:16.022286] * Pre 0.8895 Rec 0.8865 F1 0.8867
[00:21:16.024938] Accuracy of the network on test samples: 0.8865
[00:21:16.024962] F1 of the network on test samples: 0.8867
[00:21:16.024975] Max Accuracy: 0.8865
[00:21:16.024984] Max F1: 0.8871
[00:21:16.029553] log_dir: /home/nvidia/netmambaplus-reproduction/runs/ciciot-ft-seed0/logs
[00:21:17.004242] Epoch: [89]  [ 0/66]  lr: 0.000220  loss: 0.5466 (0.5466)  eta: 0:01:04  time: 0.9709  data: 0.3357  max mem: 2933
[00:21:29.330387] Epoch: [89]  [20/66]  lr: 0.000216  loss: 0.5940 (0.6014)  eta: 0:00:29  time: 0.6162  data: 0.0003  max mem: 2933
[00:21:42.052124] Epoch: [89]  [40/66]  lr: 0.000212  loss: 0.5858 (0.5967)  eta: 0:00:16  time: 0.6360  data: 0.0003  max mem: 2933
[00:21:54.467374] Epoch: [89]  [60/66]  lr: 0.000208  loss: 0.5903 (0.5977)  eta: 0:00:03  time: 0.6207  data: 0.0003  max mem: 2933
[00:21:57.023819] Epoch: [89]  [65/66]  lr: 0.000207  loss: 0.6026 (0.5964)  eta: 0:00:00  time: 0.5885  data: 0.0003  max mem: 2933
[00:21:57.178819] Epoch: [89] Total time: 0:00:41 (0.6235 s / it)
[00:21:57.178971] Averaged stats: lr: 0.000207  loss: 0.6026 (0.5964)
/home/nvidia/netmambaplus-reproduction/upstream/NetMambaPlus/src/engine_mm.py:220: FutureWarning: `torch.cuda.amp.autocast(args...)` is deprecated. Please use `torch.amp.autocast('cuda', args...)` instead.
  with torch.cuda.amp.autocast():
[00:21:57.685310] Test:  [0/9]  loss: 0.3574 (0.3574)  acc1: 0.8828 (0.8828)  acc3: 0.9844 (0.9844)  eta: 0:00:04  time: 0.4987  data: 0.3517  max mem: 2933
[00:21:58.672679] Test:  [8/9]  loss: 0.3354 (0.3564)  acc1: 0.8828 (0.8885)  acc3: 0.9922 (0.9913)  eta: 0:00:00  time: 0.1650  data: 0.0393  max mem: 2933
[00:21:58.835955] Test: Total time: 0:00:01 (0.1838 s / it)
[00:21:58.909004] * Acc@1 0.8885 Acc@3 0.9913 loss 0.3564
[00:21:58.909065] * Pre 0.8931 Rec 0.8885 F1 0.8887
[00:21:58.992851] Accuracy of the network on test samples: 0.8885
[00:21:58.992931] F1 of the network on test samples: 0.8887
[00:21:58.993561] Max Accuracy: 0.8885
[00:21:58.993567] Max F1: 0.8887
[00:21:58.995902] log_dir: /home/nvidia/netmambaplus-reproduction/runs/ciciot-ft-seed0/logs
[00:21:59.974296] Epoch: [90]  [ 0/66]  lr: 0.000207  loss: 0.5938 (0.5938)  eta: 0:01:04  time: 0.9761  data: 0.3254  max mem: 2933
[00:22:12.281818] Epoch: [90]  [20/66]  lr: 0.000203  loss: 0.5893 (0.6016)  eta: 0:00:29  time: 0.6153  data: 0.0003  max mem: 2933
[00:22:25.009363] Epoch: [90]  [40/66]  lr: 0.000199  loss: 0.5867 (0.5998)  eta: 0:00:16  time: 0.6363  data: 0.0003  max mem: 2933
[00:22:37.285577] Epoch: [90]  [60/66]  lr: 0.000195  loss: 0.5799 (0.5940)  eta: 0:00:03  time: 0.6137  data: 0.0003  max mem: 2933
[00:22:39.810566] Epoch: [90]  [65/66]  lr: 0.000195  loss: 0.5851 (0.5949)  eta: 0:00:00  time: 0.5795  data: 0.0003  max mem: 2933
[00:22:39.974864] Epoch: [90] Total time: 0:00:40 (0.6209 s / it)
[00:22:39.975286] Averaged stats: lr: 0.000195  loss: 0.5851 (0.5949)
/home/nvidia/netmambaplus-reproduction/upstream/NetMambaPlus/src/engine_mm.py:220: FutureWarning: `torch.cuda.amp.autocast(args...)` is deprecated. Please use `torch.amp.autocast('cuda', args...)` instead.
  with torch.cuda.amp.autocast():
[00:22:40.481876] Test:  [0/9]  loss: 0.3726 (0.3726)  acc1: 0.8828 (0.8828)  acc3: 0.9844 (0.9844)  eta: 0:00:04  time: 0.5014  data: 0.3537  max mem: 2933
[00:22:41.450028] Test:  [8/9]  loss: 0.3379 (0.3473)  acc1: 0.8828 (0.8942)  acc3: 1.0000 (0.9904)  eta: 0:00:00  time: 0.1632  data: 0.0394  max mem: 2933
[00:22:41.602772] Test: Total time: 0:00:01 (0.1805 s / it)
[00:22:41.671697] * Acc@1 0.8942 Acc@3 0.9904 loss 0.3473
[00:22:41.671788] * Pre 0.8984 Rec 0.8942 F1 0.8944
[00:22:41.733990] Accuracy of the network on test samples: 0.8942
[00:22:41.734463] F1 of the network on test samples: 0.8944
[00:22:41.734471] Max Accuracy: 0.8942
[00:22:41.734478] Max F1: 0.8944
[00:22:41.736710] log_dir: /home/nvidia/netmambaplus-reproduction/runs/ciciot-ft-seed0/logs
[00:22:42.700852] Epoch: [91]  [ 0/66]  lr: 0.000194  loss: 0.5950 (0.5950)  eta: 0:01:03  time: 0.9609  data: 0.3182  max mem: 2933
[00:22:54.880096] Epoch: [91]  [20/66]  lr: 0.000191  loss: 0.6023 (0.6121)  eta: 0:00:28  time: 0.6089  data: 0.0003  max mem: 2933
[00:23:07.382522] Epoch: [91]  [40/66]  lr: 0.000187  loss: 0.5911 (0.6051)  eta: 0:00:16  time: 0.6251  data: 0.0002  max mem: 2933
[00:23:19.605275] Epoch: [91]  [60/66]  lr: 0.000183  loss: 0.6000 (0.6028)  eta: 0:00:03  time: 0.6111  data: 0.0003  max mem: 2933
[00:23:22.110352] Epoch: [91]  [65/66]  lr: 0.000182  loss: 0.6008 (0.6113)  eta: 0:00:00  time: 0.5757  data: 0.0003  max mem: 2933
[00:23:22.275405] Epoch: [91] Total time: 0:00:40 (0.6142 s / it)
[00:23:22.275569] Averaged stats: lr: 0.000182  loss: 0.6008 (0.6113)
/home/nvidia/netmambaplus-reproduction/upstream/NetMambaPlus/src/engine_mm.py:220: FutureWarning: `torch.cuda.amp.autocast(args...)` is deprecated. Please use `torch.amp.autocast('cuda', args...)` instead.
  with torch.cuda.amp.autocast():
[00:23:22.755953] Test:  [0/9]  loss: 0.3408 (0.3408)  acc1: 0.8828 (0.8828)  acc3: 0.9922 (0.9922)  eta: 0:00:04  time: 0.4757  data: 0.3284  max mem: 2933
[00:23:23.736837] Test:  [8/9]  loss: 0.3271 (0.3518)  acc1: 0.8984 (0.8885)  acc3: 1.0000 (0.9933)  eta: 0:00:00  time: 0.1618  data: 0.0367  max mem: 2933
[00:23:23.883781] Test: Total time: 0:00:01 (0.1784 s / it)
[00:23:23.952725] * Acc@1 0.8885 Acc@3 0.9933 loss 0.3518
[00:23:23.952826] * Pre 0.8913 Rec 0.8885 F1 0.8883
[00:23:23.954774] Accuracy of the network on test samples: 0.8885
[00:23:23.954788] F1 of the network on test samples: 0.8883
[00:23:23.954797] Max Accuracy: 0.8942
[00:23:23.954841] Max F1: 0.8944
[00:23:23.958307] log_dir: /home/nvidia/netmambaplus-reproduction/runs/ciciot-ft-seed0/logs
[00:23:24.954289] Epoch: [92]  [ 0/66]  lr: 0.000182  loss: 0.6304 (0.6304)  eta: 0:01:05  time: 0.9923  data: 0.3501  max mem: 2933
[00:23:37.102145] Epoch: [92]  [20/66]  lr: 0.000178  loss: 0.5887 (0.5954)  eta: 0:00:28  time: 0.6073  data: 0.0003  max mem: 2933
[00:23:49.645724] Epoch: [92]  [40/66]  lr: 0.000175  loss: 0.5950 (0.5953)  eta: 0:00:16  time: 0.6271  data: 0.0004  max mem: 2933
[00:24:01.786692] Epoch: [92]  [60/66]  lr: 0.000171  loss: 0.5832 (0.5920)  eta: 0:00:03  time: 0.6070  data: 0.0002  max mem: 2933
[00:24:04.283911] Epoch: [92]  [65/66]  lr: 0.000170  loss: 0.5950 (0.5962)  eta: 0:00:00  time: 0.5754  data: 0.0002  max mem: 2933
[00:24:04.440091] Epoch: [92] Total time: 0:00:40 (0.6134 s / it)
[00:24:04.440251] Averaged stats: lr: 0.000170  loss: 0.5950 (0.5962)
/home/nvidia/netmambaplus-reproduction/upstream/NetMambaPlus/src/engine_mm.py:220: FutureWarning: `torch.cuda.amp.autocast(args...)` is deprecated. Please use `torch.amp.autocast('cuda', args...)` instead.
  with torch.cuda.amp.autocast():
[00:24:04.925660] Test:  [0/9]  loss: 0.3547 (0.3547)  acc1: 0.8828 (0.8828)  acc3: 0.9922 (0.9922)  eta: 0:00:04  time: 0.4778  data: 0.3301  max mem: 2933
[00:24:05.906776] Test:  [8/9]  loss: 0.3257 (0.3531)  acc1: 0.8828 (0.8942)  acc3: 1.0000 (0.9913)  eta: 0:00:00  time: 0.1620  data: 0.0368  max mem: 2933
[00:24:06.053999] Test: Total time: 0:00:01 (0.1790 s / it)
[00:24:06.125316] * Acc@1 0.8942 Acc@3 0.9913 loss 0.3531
[00:24:06.125429] * Pre 0.8983 Rec 0.8942 F1 0.8944
[00:24:06.127576] Accuracy of the network on test samples: 0.8942
[00:24:06.128100] F1 of the network on test samples: 0.8944
[00:24:06.128109] Max Accuracy: 0.8942
[00:24:06.128116] Max F1: 0.8944
[00:24:06.131382] log_dir: /home/nvidia/netmambaplus-reproduction/runs/ciciot-ft-seed0/logs
[00:24:07.120339] Epoch: [93]  [ 0/66]  lr: 0.000170  loss: 0.6030 (0.6030)  eta: 0:01:05  time: 0.9857  data: 0.3481  max mem: 2933
[00:24:19.142970] Epoch: [93]  [20/66]  lr: 0.000167  loss: 0.5888 (0.5941)  eta: 0:00:28  time: 0.6011  data: 0.0002  max mem: 2933
[00:24:31.627003] Epoch: [93]  [40/66]  lr: 0.000163  loss: 0.5812 (0.5887)  eta: 0:00:16  time: 0.6241  data: 0.0003  max mem: 2933
[00:24:43.725671] Epoch: [93]  [60/66]  lr: 0.000160  loss: 0.5843 (0.5871)  eta: 0:00:03  time: 0.6049  data: 0.0002  max mem: 2933
[00:24:46.246453] Epoch: [93]  [65/66]  lr: 0.000159  loss: 0.5750 (0.5823)  eta: 0:00:00  time: 0.5750  data: 0.0002  max mem: 2933
[00:24:46.409643] Epoch: [93] Total time: 0:00:40 (0.6103 s / it)
[00:24:46.409776] Averaged stats: lr: 0.000159  loss: 0.5750 (0.5823)
/home/nvidia/netmambaplus-reproduction/upstream/NetMambaPlus/src/engine_mm.py:220: FutureWarning: `torch.cuda.amp.autocast(args...)` is deprecated. Please use `torch.amp.autocast('cuda', args...)` instead.
  with torch.cuda.amp.autocast():
[00:24:46.859604] Test:  [0/9]  loss: 0.3665 (0.3665)  acc1: 0.8828 (0.8828)  acc3: 0.9922 (0.9922)  eta: 0:00:04  time: 0.4448  data: 0.2964  max mem: 2933
[00:24:47.852314] Test:  [8/9]  loss: 0.3484 (0.3502)  acc1: 0.8906 (0.8933)  acc3: 1.0000 (0.9904)  eta: 0:00:00  time: 0.1596  data: 0.0331  max mem: 2933
[00:24:48.012924] Test: Total time: 0:00:01 (0.1779 s / it)
[00:24:48.081918] * Acc@1 0.8933 Acc@3 0.9904 loss 0.3502
[00:24:48.081989] * Pre 0.8951 Rec 0.8933 F1 0.8930
[00:24:48.083784] Accuracy of the network on test samples: 0.8933
[00:24:48.083796] F1 of the network on test samples: 0.8930
[00:24:48.083803] Max Accuracy: 0.8942
[00:24:48.083810] Max F1: 0.8944
[00:24:48.087778] log_dir: /home/nvidia/netmambaplus-reproduction/runs/ciciot-ft-seed0/logs
[00:24:49.057171] Epoch: [94]  [ 0/66]  lr: 0.000159  loss: 0.5348 (0.5348)  eta: 0:01:03  time: 0.9655  data: 0.3278  max mem: 2933
[00:25:01.120731] Epoch: [94]  [20/66]  lr: 0.000155  loss: 0.5626 (0.5630)  eta: 0:00:28  time: 0.6031  data: 0.0003  max mem: 2933
[00:25:13.796082] Epoch: [94]  [40/66]  lr: 0.000152  loss: 0.5686 (0.5680)  eta: 0:00:16  time: 0.6337  data: 0.0003  max mem: 2933
[00:25:26.059349] Epoch: [94]  [60/66]  lr: 0.000148  loss: 0.5730 (0.5730)  eta: 0:00:03  time: 0.6131  data: 0.0003  max mem: 2933
[00:25:28.645600] Epoch: [94]  [65/66]  lr: 0.000147  loss: 0.5734 (0.5745)  eta: 0:00:00  time: 0.5839  data: 0.0003  max mem: 2933
[00:25:28.798751] Epoch: [94] Total time: 0:00:40 (0.6168 s / it)
[00:25:28.798866] Averaged stats: lr: 0.000147  loss: 0.5734 (0.5745)
/home/nvidia/netmambaplus-reproduction/upstream/NetMambaPlus/src/engine_mm.py:220: FutureWarning: `torch.cuda.amp.autocast(args...)` is deprecated. Please use `torch.amp.autocast('cuda', args...)` instead.
  with torch.cuda.amp.autocast():
[00:25:29.273041] Test:  [0/9]  loss: 0.3503 (0.3503)  acc1: 0.8828 (0.8828)  acc3: 1.0000 (1.0000)  eta: 0:00:04  time: 0.4686  data: 0.3215  max mem: 2933
[00:25:30.270139] Test:  [8/9]  loss: 0.3215 (0.3480)  acc1: 0.8828 (0.8933)  acc3: 1.0000 (0.9913)  eta: 0:00:00  time: 0.1628  data: 0.0359  max mem: 2933
[00:25:30.424172] Test: Total time: 0:00:01 (0.1803 s / it)
[00:25:30.501724] * Acc@1 0.8933 Acc@3 0.9913 loss 0.3480
[00:25:30.501827] * Pre 0.8973 Rec 0.8933 F1 0.8935
[00:25:30.505003] Accuracy of the network on test samples: 0.8933
[00:25:30.505550] F1 of the network on test samples: 0.8935
[00:25:30.505570] Max Accuracy: 0.8942
[00:25:30.505724] Max F1: 0.8944
[00:25:30.509028] log_dir: /home/nvidia/netmambaplus-reproduction/runs/ciciot-ft-seed0/logs
[00:25:31.509769] Epoch: [95]  [ 0/66]  lr: 0.000147  loss: 0.6019 (0.6019)  eta: 0:01:05  time: 0.9979  data: 0.3562  max mem: 2933
[00:25:43.741639] Epoch: [95]  [20/66]  lr: 0.000144  loss: 0.5600 (0.5716)  eta: 0:00:28  time: 0.6115  data: 0.0003  max mem: 2933
[00:25:56.529522] Epoch: [95]  [40/66]  lr: 0.000141  loss: 0.5554 (0.5721)  eta: 0:00:16  time: 0.6394  data: 0.0003  max mem: 2933
[00:26:08.856094] Epoch: [95]  [60/66]  lr: 0.000137  loss: 0.5692 (0.5741)  eta: 0:00:03  time: 0.6162  data: 0.0003  max mem: 2933
[00:26:11.478676] Epoch: [95]  [65/66]  lr: 0.000137  loss: 0.5692 (0.5818)  eta: 0:00:00  time: 0.5903  data: 0.0003  max mem: 2933
[00:26:11.633771] Epoch: [95] Total time: 0:00:41 (0.6231 s / it)
[00:26:11.633830] Averaged stats: lr: 0.000137  loss: 0.5692 (0.5818)
/home/nvidia/netmambaplus-reproduction/upstream/NetMambaPlus/src/engine_mm.py:220: FutureWarning: `torch.cuda.amp.autocast(args...)` is deprecated. Please use `torch.amp.autocast('cuda', args...)` instead.
  with torch.cuda.amp.autocast():
[00:26:12.141094] Test:  [0/9]  loss: 0.3489 (0.3489)  acc1: 0.8828 (0.8828)  acc3: 1.0000 (1.0000)  eta: 0:00:04  time: 0.4986  data: 0.3510  max mem: 2933
[00:26:13.138997] Test:  [8/9]  loss: 0.3115 (0.3446)  acc1: 0.8906 (0.8933)  acc3: 1.0000 (0.9904)  eta: 0:00:00  time: 0.1662  data: 0.0391  max mem: 2933
[00:26:13.285014] Test: Total time: 0:00:01 (0.1831 s / it)
[00:26:13.352416] * Acc@1 0.8933 Acc@3 0.9904 loss 0.3446
[00:26:13.352513] * Pre 0.8972 Rec 0.8933 F1 0.8934
[00:26:13.354369] Accuracy of the network on test samples: 0.8933
[00:26:13.354380] F1 of the network on test samples: 0.8934
[00:26:13.354389] Max Accuracy: 0.8942
[00:26:13.354395] Max F1: 0.8944
[00:26:13.358139] log_dir: /home/nvidia/netmambaplus-reproduction/runs/ciciot-ft-seed0/logs
[00:26:14.296412] Epoch: [96]  [ 0/66]  lr: 0.000136  loss: 0.5204 (0.5204)  eta: 0:01:01  time: 0.9357  data: 0.2985  max mem: 2933
[00:26:26.567729] Epoch: [96]  [20/66]  lr: 0.000133  loss: 0.5850 (0.5794)  eta: 0:00:28  time: 0.6135  data: 0.0003  max mem: 2933
[00:26:39.264405] Epoch: [96]  [40/66]  lr: 0.000130  loss: 0.5797 (0.5774)  eta: 0:00:16  time: 0.6348  data: 0.0003  max mem: 2933
[00:26:51.615888] Epoch: [96]  [60/66]  lr: 0.000127  loss: 0.5772 (0.5781)  eta: 0:00:03  time: 0.6175  data: 0.0003  max mem: 2933
[00:26:54.223303] Epoch: [96]  [65/66]  lr: 0.000126  loss: 0.5644 (0.5749)  eta: 0:00:00  time: 0.5890  data: 0.0003  max mem: 2933
[00:26:54.380308] Epoch: [96] Total time: 0:00:41 (0.6215 s / it)
[00:26:54.380485] Averaged stats: lr: 0.000126  loss: 0.5644 (0.5749)
/home/nvidia/netmambaplus-reproduction/upstream/NetMambaPlus/src/engine_mm.py:220: FutureWarning: `torch.cuda.amp.autocast(args...)` is deprecated. Please use `torch.amp.autocast('cuda', args...)` instead.
  with torch.cuda.amp.autocast():
[00:26:54.841196] Test:  [0/9]  loss: 0.3530 (0.3530)  acc1: 0.8828 (0.8828)  acc3: 1.0000 (1.0000)  eta: 0:00:04  time: 0.4564  data: 0.3082  max mem: 2933
[00:26:55.833286] Test:  [8/9]  loss: 0.3208 (0.3396)  acc1: 0.8828 (0.8971)  acc3: 0.9922 (0.9904)  eta: 0:00:00  time: 0.1609  data: 0.0344  max mem: 2933
[00:26:55.992530] Test: Total time: 0:00:01 (0.1789 s / it)
[00:26:56.069607] * Acc@1 0.8971 Acc@3 0.9904 loss 0.3396
[00:26:56.069682] * Pre 0.9003 Rec 0.8971 F1 0.8974
[00:26:56.133017] Accuracy of the network on test samples: 0.8971
[00:26:56.133064] F1 of the network on test samples: 0.8974
[00:26:56.133070] Max Accuracy: 0.8971
[00:26:56.133078] Max F1: 0.8974
[00:26:56.136588] log_dir: /home/nvidia/netmambaplus-reproduction/runs/ciciot-ft-seed0/logs
[00:26:57.148469] Epoch: [97]  [ 0/66]  lr: 0.000126  loss: 0.5860 (0.5860)  eta: 0:01:06  time: 1.0089  data: 0.3651  max mem: 2933
[00:27:09.485834] Epoch: [97]  [20/66]  lr: 0.000123  loss: 0.5720 (0.5726)  eta: 0:00:29  time: 0.6168  data: 0.0003  max mem: 2933
[00:27:22.243850] Epoch: [97]  [40/66]  lr: 0.000120  loss: 0.5596 (0.5675)  eta: 0:00:16  time: 0.6378  data: 0.0004  max mem: 2933
[00:27:34.543280] Epoch: [97]  [60/66]  lr: 0.000117  loss: 0.5574 (0.5668)  eta: 0:00:03  time: 0.6149  data: 0.0003  max mem: 2933
[00:27:37.093943] Epoch: [97]  [65/66]  lr: 0.000116  loss: 0.5545 (0.5629)  eta: 0:00:00  time: 0.5844  data: 0.0003  max mem: 2933
[00:27:37.248541] Epoch: [97] Total time: 0:00:41 (0.6229 s / it)
[00:27:37.248880] Averaged stats: lr: 0.000116  loss: 0.5545 (0.5629)
/home/nvidia/netmambaplus-reproduction/upstream/NetMambaPlus/src/engine_mm.py:220: FutureWarning: `torch.cuda.amp.autocast(args...)` is deprecated. Please use `torch.amp.autocast('cuda', args...)` instead.
  with torch.cuda.amp.autocast():
[00:27:37.704822] Test:  [0/9]  loss: 0.3547 (0.3547)  acc1: 0.8828 (0.8828)  acc3: 1.0000 (1.0000)  eta: 0:00:04  time: 0.4509  data: 0.3064  max mem: 2933
[00:27:38.708861] Test:  [8/9]  loss: 0.3188 (0.3412)  acc1: 0.8828 (0.8904)  acc3: 1.0000 (0.9913)  eta: 0:00:00  time: 0.1616  data: 0.0342  max mem: 2933
[00:27:38.860017] Test: Total time: 0:00:01 (0.1787 s / it)
[00:27:38.927136] * Acc@1 0.8904 Acc@3 0.9913 loss 0.3412
[00:27:38.927193] * Pre 0.8933 Rec 0.8904 F1 0.8905
[00:27:38.929111] Accuracy of the network on test samples: 0.8904
[00:27:38.929123] F1 of the network on test samples: 0.8905
[00:27:38.929131] Max Accuracy: 0.8971
[00:27:38.929139] Max F1: 0.8974
[00:27:38.933571] log_dir: /home/nvidia/netmambaplus-reproduction/runs/ciciot-ft-seed0/logs
[00:27:39.918166] Epoch: [98]  [ 0/66]  lr: 0.000116  loss: 0.5101 (0.5101)  eta: 0:01:04  time: 0.9811  data: 0.3436  max mem: 2933
[00:27:52.030745] Epoch: [98]  [20/66]  lr: 0.000113  loss: 0.5534 (0.5536)  eta: 0:00:28  time: 0.6056  data: 0.0003  max mem: 2933
[00:28:04.536529] Epoch: [98]  [40/66]  lr: 0.000110  loss: 0.5594 (0.5588)  eta: 0:00:16  time: 0.6252  data: 0.0003  max mem: 2933
[00:28:16.903144] Epoch: [98]  [60/66]  lr: 0.000107  loss: 0.5560 (0.5591)  eta: 0:00:03  time: 0.6183  data: 0.0003  max mem: 2933
[00:28:19.419011] Epoch: [98]  [65/66]  lr: 0.000106  loss: 0.5658 (0.5660)  eta: 0:00:00  time: 0.5891  data: 0.0003  max mem: 2933
[00:28:19.584637] Epoch: [98] Total time: 0:00:40 (0.6159 s / it)
[00:28:19.584767] Averaged stats: lr: 0.000106  loss: 0.5658 (0.5660)
/home/nvidia/netmambaplus-reproduction/upstream/NetMambaPlus/src/engine_mm.py:220: FutureWarning: `torch.cuda.amp.autocast(args...)` is deprecated. Please use `torch.amp.autocast('cuda', args...)` instead.
  with torch.cuda.amp.autocast():
[00:28:20.042654] Test:  [0/9]  loss: 0.3462 (0.3462)  acc1: 0.8828 (0.8828)  acc3: 1.0000 (1.0000)  eta: 0:00:04  time: 0.4496  data: 0.3022  max mem: 2933
[00:28:21.041027] Test:  [8/9]  loss: 0.3013 (0.3378)  acc1: 0.8984 (0.8981)  acc3: 1.0000 (0.9913)  eta: 0:00:00  time: 0.1608  data: 0.0338  max mem: 2933
[00:28:21.189541] Test: Total time: 0:00:01 (0.1780 s / it)
[00:28:21.257244] * Acc@1 0.8981 Acc@3 0.9913 loss 0.3378
[00:28:21.257371] * Pre 0.9006 Rec 0.8981 F1 0.8981
[00:28:21.319385] Accuracy of the network on test samples: 0.8981
[00:28:21.319822] F1 of the network on test samples: 0.8981
[00:28:21.319828] Max Accuracy: 0.8981
[00:28:21.319836] Max F1: 0.8981
[00:28:21.322385] log_dir: /home/nvidia/netmambaplus-reproduction/runs/ciciot-ft-seed0/logs
[00:28:22.276085] Epoch: [99]  [ 0/66]  lr: 0.000106  loss: 0.6007 (0.6007)  eta: 0:01:02  time: 0.9510  data: 0.3140  max mem: 2933
[00:28:34.440348] Epoch: [99]  [20/66]  lr: 0.000103  loss: 0.5515 (0.5568)  eta: 0:00:28  time: 0.6082  data: 0.0003  max mem: 2933
[00:28:46.954268] Epoch: [99]  [40/66]  lr: 0.000100  loss: 0.5646 (0.5625)  eta: 0:00:16  time: 0.6257  data: 0.0003  max mem: 2933
[00:28:59.039974] Epoch: [99]  [60/66]  lr: 0.000097  loss: 0.5485 (0.5601)  eta: 0:00:03  time: 0.6042  data: 0.0003  max mem: 2933
[00:29:01.557118] Epoch: [99]  [65/66]  lr: 0.000097  loss: 0.5485 (0.5591)  eta: 0:00:00  time: 0.5748  data: 0.0003  max mem: 2933
[00:29:01.713578] Epoch: [99] Total time: 0:00:40 (0.6120 s / it)
[00:29:01.713981] Averaged stats: lr: 0.000097  loss: 0.5485 (0.5591)
/home/nvidia/netmambaplus-reproduction/upstream/NetMambaPlus/src/engine_mm.py:220: FutureWarning: `torch.cuda.amp.autocast(args...)` is deprecated. Please use `torch.amp.autocast('cuda', args...)` instead.
  with torch.cuda.amp.autocast():
[00:29:02.167019] Test:  [0/9]  loss: 0.3481 (0.3481)  acc1: 0.8828 (0.8828)  acc3: 1.0000 (1.0000)  eta: 0:00:04  time: 0.4484  data: 0.3004  max mem: 2933
[00:29:03.172796] Test:  [8/9]  loss: 0.3101 (0.3367)  acc1: 0.8906 (0.8990)  acc3: 1.0000 (0.9904)  eta: 0:00:00  time: 0.1615  data: 0.0336  max mem: 2933
[00:29:03.320913] Test: Total time: 0:00:01 (0.1783 s / it)
[00:29:04.300961] * Acc@1 0.8990 Acc@3 0.9904 loss 0.3367
[00:29:04.301088] * Pre 0.9018 Rec 0.8990 F1 0.8992
[00:29:04.360565] Accuracy of the network on test samples: 0.8990
[00:29:04.360633] F1 of the network on test samples: 0.8992
[00:29:04.360640] Max Accuracy: 0.8990
[00:29:04.360647] Max F1: 0.8992
[00:29:04.362763] log_dir: /home/nvidia/netmambaplus-reproduction/runs/ciciot-ft-seed0/logs
[00:29:05.311045] Epoch: [100]  [ 0/66]  lr: 0.000096  loss: 0.5861 (0.5861)  eta: 0:01:02  time: 0.9453  data: 0.3106  max mem: 2933
[00:29:16.874363] Epoch: [100]  [20/66]  lr: 0.000094  loss: 0.5507 (0.5548)  eta: 0:00:27  time: 0.5781  data: 0.0003  max mem: 2933
[00:29:29.308239] Epoch: [100]  [40/66]  lr: 0.000091  loss: 0.5506 (0.5542)  eta: 0:00:15  time: 0.6216  data: 0.0003  max mem: 2933
[00:29:41.398121] Epoch: [100]  [60/66]  lr: 0.000088  loss: 0.5640 (0.5581)  eta: 0:00:03  time: 0.6044  data: 0.0003  max mem: 2933
[00:29:43.902142] Epoch: [100]  [65/66]  lr: 0.000088  loss: 0.5470 (0.5552)  eta: 0:00:00  time: 0.5748  data: 0.0002  max mem: 2933
[00:29:44.053577] Epoch: [100] Total time: 0:00:39 (0.6014 s / it)
[00:29:44.053892] Averaged stats: lr: 0.000088  loss: 0.5470 (0.5552)
/home/nvidia/netmambaplus-reproduction/upstream/NetMambaPlus/src/engine_mm.py:220: FutureWarning: `torch.cuda.amp.autocast(args...)` is deprecated. Please use `torch.amp.autocast('cuda', args...)` instead.
  with torch.cuda.amp.autocast():
[00:29:44.532966] Test:  [0/9]  loss: 0.3533 (0.3533)  acc1: 0.8828 (0.8828)  acc3: 0.9922 (0.9922)  eta: 0:00:04  time: 0.4729  data: 0.3259  max mem: 2933
[00:29:45.510718] Test:  [8/9]  loss: 0.3142 (0.3334)  acc1: 0.8828 (0.8962)  acc3: 0.9922 (0.9904)  eta: 0:00:00  time: 0.1611  data: 0.0364  max mem: 2933
[00:29:45.670102] Test: Total time: 0:00:01 (0.1793 s / it)
[00:29:45.737502] * Acc@1 0.8962 Acc@3 0.9904 loss 0.3334
[00:29:45.737554] * Pre 0.8974 Rec 0.8952 F1 0.8953
[00:29:45.739753] Accuracy of the network on test samples: 0.8962
[00:29:45.739771] F1 of the network on test samples: 0.8953
[00:29:45.739783] Max Accuracy: 0.8990
[00:29:45.739794] Max F1: 0.8992
[00:29:45.743830] log_dir: /home/nvidia/netmambaplus-reproduction/runs/ciciot-ft-seed0/logs
[00:29:46.693388] Epoch: [101]  [ 0/66]  lr: 0.000087  loss: 0.5743 (0.5743)  eta: 0:01:02  time: 0.9462  data: 0.3042  max mem: 2933
[00:29:58.765911] Epoch: [101]  [20/66]  lr: 0.000085  loss: 0.5292 (0.5432)  eta: 0:00:28  time: 0.6036  data: 0.0003  max mem: 2933
[00:30:11.456612] Epoch: [101]  [40/66]  lr: 0.000082  loss: 0.5444 (0.5511)  eta: 0:00:16  time: 0.6345  data: 0.0003  max mem: 2933
[00:30:23.862024] Epoch: [101]  [60/66]  lr: 0.000080  loss: 0.5537 (0.5535)  eta: 0:00:03  time: 0.6202  data: 0.0004  max mem: 2933
[00:30:26.414601] Epoch: [101]  [65/66]  lr: 0.000079  loss: 0.5552 (0.5536)  eta: 0:00:00  time: 0.5867  data: 0.0004  max mem: 2933
[00:30:26.568530] Epoch: [101] Total time: 0:00:40 (0.6186 s / it)
[00:30:26.568648] Averaged stats: lr: 0.000079  loss: 0.5552 (0.5536)
/home/nvidia/netmambaplus-reproduction/upstream/NetMambaPlus/src/engine_mm.py:220: FutureWarning: `torch.cuda.amp.autocast(args...)` is deprecated. Please use `torch.amp.autocast('cuda', args...)` instead.
  with torch.cuda.amp.autocast():
[00:30:27.009292] Test:  [0/9]  loss: 0.3513 (0.3513)  acc1: 0.8828 (0.8828)  acc3: 0.9922 (0.9922)  eta: 0:00:03  time: 0.4368  data: 0.2928  max mem: 2933
[00:30:28.005402] Test:  [8/9]  loss: 0.3167 (0.3370)  acc1: 0.8828 (0.8990)  acc3: 0.9922 (0.9894)  eta: 0:00:00  time: 0.1591  data: 0.0327  max mem: 2933
[00:30:28.168607] Test: Total time: 0:00:01 (0.1775 s / it)
[00:30:28.238028] * Acc@1 0.8990 Acc@3 0.9894 loss 0.3370
[00:30:28.238118] * Pre 0.9012 Rec 0.8990 F1 0.8992
[00:30:28.240349] Accuracy of the network on test samples: 0.8990
[00:30:28.241369] F1 of the network on test samples: 0.8992
[00:30:28.241391] Max Accuracy: 0.8990
[00:30:28.241402] Max F1: 0.8992
[00:30:28.244373] log_dir: /home/nvidia/netmambaplus-reproduction/runs/ciciot-ft-seed0/logs
[00:30:29.240819] Epoch: [102]  [ 0/66]  lr: 0.000079  loss: 0.5481 (0.5481)  eta: 0:01:05  time: 0.9930  data: 0.3385  max mem: 2933
[00:30:41.562845] Epoch: [102]  [20/66]  lr: 0.000076  loss: 0.5298 (0.5443)  eta: 0:00:29  time: 0.6160  data: 0.0004  max mem: 2933
[00:30:54.310685] Epoch: [102]  [40/66]  lr: 0.000074  loss: 0.5558 (0.5538)  eta: 0:00:16  time: 0.6373  data: 0.0003  max mem: 2933
[00:31:06.671922] Epoch: [102]  [60/66]  lr: 0.000071  loss: 0.5466 (0.5541)  eta: 0:00:03  time: 0.6180  data: 0.0003  max mem: 2933
[00:31:09.219185] Epoch: [102]  [65/66]  lr: 0.000071  loss: 0.5466 (0.5570)  eta: 0:00:00  time: 0.5927  data: 0.0003  max mem: 2933
[00:31:09.383894] Epoch: [102] Total time: 0:00:41 (0.6233 s / it)
[00:31:09.384063] Averaged stats: lr: 0.000071  loss: 0.5466 (0.5570)
/home/nvidia/netmambaplus-reproduction/upstream/NetMambaPlus/src/engine_mm.py:220: FutureWarning: `torch.cuda.amp.autocast(args...)` is deprecated. Please use `torch.amp.autocast('cuda', args...)` instead.
  with torch.cuda.amp.autocast():
[00:31:09.883596] Test:  [0/9]  loss: 0.3608 (0.3608)  acc1: 0.8828 (0.8828)  acc3: 0.9922 (0.9922)  eta: 0:00:04  time: 0.4949  data: 0.3488  max mem: 2933
[00:31:10.884648] Test:  [8/9]  loss: 0.3145 (0.3312)  acc1: 0.8984 (0.8952)  acc3: 0.9922 (0.9885)  eta: 0:00:00  time: 0.1662  data: 0.0389  max mem: 2933
[00:31:11.029787] Test: Total time: 0:00:01 (0.1826 s / it)
[00:31:11.100999] * Acc@1 0.8952 Acc@3 0.9885 loss 0.3312
[00:31:11.101091] * Pre 0.8973 Rec 0.8952 F1 0.8951
[00:31:11.103218] Accuracy of the network on test samples: 0.8952
[00:31:11.103235] F1 of the network on test samples: 0.8951
[00:31:11.103668] Max Accuracy: 0.8990
[00:31:11.103676] Max F1: 0.8992
[00:31:11.107030] log_dir: /home/nvidia/netmambaplus-reproduction/runs/ciciot-ft-seed0/logs
[00:31:12.070391] Epoch: [103]  [ 0/66]  lr: 0.000071  loss: 0.4972 (0.4972)  eta: 0:01:03  time: 0.9604  data: 0.3201  max mem: 2933
[00:31:24.373857] Epoch: [103]  [20/66]  lr: 0.000068  loss: 0.5587 (0.5540)  eta: 0:00:29  time: 0.6151  data: 0.0003  max mem: 2933
[00:31:37.133552] Epoch: [103]  [40/66]  lr: 0.000066  loss: 0.5407 (0.5478)  eta: 0:00:16  time: 0.6379  data: 0.0003  max mem: 2933
[00:31:49.589362] Epoch: [103]  [60/66]  lr: 0.000063  loss: 0.5547 (0.5510)  eta: 0:00:03  time: 0.6227  data: 0.0003  max mem: 2933
[00:31:52.179063] Epoch: [103]  [65/66]  lr: 0.000063  loss: 0.5676 (0.5512)  eta: 0:00:00  time: 0.6005  data: 0.0003  max mem: 2933
[00:31:52.339878] Epoch: [103] Total time: 0:00:41 (0.6247 s / it)
[00:31:52.340106] Averaged stats: lr: 0.000063  loss: 0.5676 (0.5512)
/home/nvidia/netmambaplus-reproduction/upstream/NetMambaPlus/src/engine_mm.py:220: FutureWarning: `torch.cuda.amp.autocast(args...)` is deprecated. Please use `torch.amp.autocast('cuda', args...)` instead.
  with torch.cuda.amp.autocast():
[00:31:52.792215] Test:  [0/9]  loss: 0.3591 (0.3591)  acc1: 0.8828 (0.8828)  acc3: 0.9922 (0.9922)  eta: 0:00:04  time: 0.4479  data: 0.3010  max mem: 2933
[00:31:53.791621] Test:  [8/9]  loss: 0.3079 (0.3302)  acc1: 0.9062 (0.9010)  acc3: 0.9922 (0.9894)  eta: 0:00:00  time: 0.1607  data: 0.0338  max mem: 2933
[00:31:53.935408] Test: Total time: 0:00:01 (0.1770 s / it)
[00:31:54.016057] * Acc@1 0.9010 Acc@3 0.9894 loss 0.3302
[00:31:54.016181] * Pre 0.9030 Rec 0.9010 F1 0.9009
[00:31:54.104925] Accuracy of the network on test samples: 0.9010
[00:31:54.105584] F1 of the network on test samples: 0.9009
[00:31:54.105628] Max Accuracy: 0.9010
[00:31:54.105957] Max F1: 0.9009
[00:31:54.108675] log_dir: /home/nvidia/netmambaplus-reproduction/runs/ciciot-ft-seed0/logs
[00:31:55.141129] Epoch: [104]  [ 0/66]  lr: 0.000063  loss: 0.5301 (0.5301)  eta: 0:01:07  time: 1.0294  data: 0.3711  max mem: 2933
[00:32:07.456844] Epoch: [104]  [20/66]  lr: 0.000061  loss: 0.5635 (0.5647)  eta: 0:00:29  time: 0.6157  data: 0.0004  max mem: 2933
[00:32:20.172557] Epoch: [104]  [40/66]  lr: 0.000058  loss: 0.5446 (0.5581)  eta: 0:00:16  time: 0.6357  data: 0.0003  max mem: 2933
[00:32:32.381197] Epoch: [104]  [60/66]  lr: 0.000056  loss: 0.5331 (0.5497)  eta: 0:00:03  time: 0.6104  data: 0.0003  max mem: 2933
[00:32:34.902010] Epoch: [104]  [65/66]  lr: 0.000056  loss: 0.5413 (0.5482)  eta: 0:00:00  time: 0.5879  data: 0.0003  max mem: 2933
[00:32:35.043780] Epoch: [104] Total time: 0:00:40 (0.6202 s / it)
[00:32:35.044070] Averaged stats: lr: 0.000056  loss: 0.5413 (0.5482)
/home/nvidia/netmambaplus-reproduction/upstream/NetMambaPlus/src/engine_mm.py:220: FutureWarning: `torch.cuda.amp.autocast(args...)` is deprecated. Please use `torch.amp.autocast('cuda', args...)` instead.
  with torch.cuda.amp.autocast():
[00:32:35.530827] Test:  [0/9]  loss: 0.3669 (0.3669)  acc1: 0.8828 (0.8828)  acc3: 0.9922 (0.9922)  eta: 0:00:04  time: 0.4822  data: 0.3309  max mem: 2933
[00:32:36.532565] Test:  [8/9]  loss: 0.3101 (0.3289)  acc1: 0.9062 (0.8981)  acc3: 0.9922 (0.9904)  eta: 0:00:00  time: 0.1648  data: 0.0369  max mem: 2933
[00:32:36.684681] Test: Total time: 0:00:01 (0.1820 s / it)
[00:32:36.756904] * Acc@1 0.8981 Acc@3 0.9904 loss 0.3289
[00:32:36.757012] * Pre 0.9003 Rec 0.8981 F1 0.8981
[00:32:36.759184] Accuracy of the network on test samples: 0.8981
[00:32:36.759771] F1 of the network on test samples: 0.8981
[00:32:36.759777] Max Accuracy: 0.9010
[00:32:36.759793] Max F1: 0.9009
[00:32:36.763483] log_dir: /home/nvidia/netmambaplus-reproduction/runs/ciciot-ft-seed0/logs
[00:32:37.751722] Epoch: [105]  [ 0/66]  lr: 0.000055  loss: 0.5450 (0.5450)  eta: 0:01:05  time: 0.9852  data: 0.3512  max mem: 2933
[00:32:49.830946] Epoch: [105]  [20/66]  lr: 0.000053  loss: 0.5413 (0.5512)  eta: 0:00:28  time: 0.6039  data: 0.0003  max mem: 2933
[00:33:02.374452] Epoch: [105]  [40/66]  lr: 0.000051  loss: 0.5430 (0.5474)  eta: 0:00:16  time: 0.6271  data: 0.0003  max mem: 2933
[00:33:14.495219] Epoch: [105]  [60/66]  lr: 0.000049  loss: 0.5511 (0.5483)  eta: 0:00:03  time: 0.6060  data: 0.0003  max mem: 2933
[00:33:17.003218] Epoch: [105]  [65/66]  lr: 0.000049  loss: 0.5435 (0.5481)  eta: 0:00:00  time: 0.5925  data: 0.0003  max mem: 2933
[00:33:17.152143] Epoch: [105] Total time: 0:00:40 (0.6119 s / it)
[00:33:17.152426] Averaged stats: lr: 0.000049  loss: 0.5435 (0.5481)
/home/nvidia/netmambaplus-reproduction/upstream/NetMambaPlus/src/engine_mm.py:220: FutureWarning: `torch.cuda.amp.autocast(args...)` is deprecated. Please use `torch.amp.autocast('cuda', args...)` instead.
  with torch.cuda.amp.autocast():
[00:33:17.623257] Test:  [0/9]  loss: 0.3618 (0.3618)  acc1: 0.8828 (0.8828)  acc3: 0.9922 (0.9922)  eta: 0:00:04  time: 0.4632  data: 0.3211  max mem: 2933
[00:33:18.626919] Test:  [8/9]  loss: 0.3081 (0.3279)  acc1: 0.9062 (0.9038)  acc3: 0.9922 (0.9885)  eta: 0:00:00  time: 0.1629  data: 0.0358  max mem: 2933
[00:33:18.771294] Test: Total time: 0:00:01 (0.1796 s / it)
[00:33:18.841723] * Acc@1 0.9038 Acc@3 0.9885 loss 0.3279
[00:33:18.841830] * Pre 0.9058 Rec 0.9038 F1 0.9038
[00:33:18.905540] Accuracy of the network on test samples: 0.9038
[00:33:18.906135] F1 of the network on test samples: 0.9038
[00:33:18.906143] Max Accuracy: 0.9038
[00:33:18.906165] Max F1: 0.9038
[00:33:18.908472] log_dir: /home/nvidia/netmambaplus-reproduction/runs/ciciot-ft-seed0/logs
[00:33:19.844240] Epoch: [106]  [ 0/66]  lr: 0.000049  loss: 0.5634 (0.5634)  eta: 0:01:01  time: 0.9322  data: 0.2949  max mem: 2933
[00:33:31.866467] Epoch: [106]  [20/66]  lr: 0.000047  loss: 0.5416 (0.5418)  eta: 0:00:28  time: 0.6011  data: 0.0003  max mem: 2933
[00:33:44.310720] Epoch: [106]  [40/66]  lr: 0.000045  loss: 0.5345 (0.5457)  eta: 0:00:16  time: 0.6221  data: 0.0003  max mem: 2933
[00:33:56.400925] Epoch: [106]  [60/66]  lr: 0.000043  loss: 0.5434 (0.5467)  eta: 0:00:03  time: 0.6044  data: 0.0003  max mem: 2933
[00:33:58.922612] Epoch: [106]  [65/66]  lr: 0.000042  loss: 0.5434 (0.5545)  eta: 0:00:00  time: 0.5931  data: 0.0002  max mem: 2933
[00:33:59.081131] Epoch: [106] Total time: 0:00:40 (0.6087 s / it)
[00:33:59.081277] Averaged stats: lr: 0.000042  loss: 0.5434 (0.5545)
/home/nvidia/netmambaplus-reproduction/upstream/NetMambaPlus/src/engine_mm.py:220: FutureWarning: `torch.cuda.amp.autocast(args...)` is deprecated. Please use `torch.amp.autocast('cuda', args...)` instead.
  with torch.cuda.amp.autocast():
[00:33:59.534817] Test:  [0/9]  loss: 0.3655 (0.3655)  acc1: 0.8828 (0.8828)  acc3: 1.0000 (1.0000)  eta: 0:00:04  time: 0.4472  data: 0.3053  max mem: 2933
[00:34:00.524804] Test:  [8/9]  loss: 0.3132 (0.3252)  acc1: 0.8984 (0.9038)  acc3: 1.0000 (0.9894)  eta: 0:00:00  time: 0.1596  data: 0.0340  max mem: 2933
[00:34:00.695576] Test: Total time: 0:00:01 (0.1791 s / it)
[00:34:00.765617] * Acc@1 0.9038 Acc@3 0.9894 loss 0.3252
[00:34:00.765694] * Pre 0.9058 Rec 0.9038 F1 0.9039
[00:34:00.767884] Accuracy of the network on test samples: 0.9038
[00:34:00.767899] F1 of the network on test samples: 0.9039
[00:34:00.767907] Max Accuracy: 0.9038
[00:34:00.767915] Max F1: 0.9039
[00:34:00.772028] log_dir: /home/nvidia/netmambaplus-reproduction/runs/ciciot-ft-seed0/logs
[00:34:01.713385] Epoch: [107]  [ 0/66]  lr: 0.000042  loss: 0.5648 (0.5648)  eta: 0:01:01  time: 0.9382  data: 0.3044  max mem: 2933
[00:34:13.745423] Epoch: [107]  [20/66]  lr: 0.000040  loss: 0.5422 (0.5465)  eta: 0:00:28  time: 0.6016  data: 0.0003  max mem: 2933
[00:34:26.230929] Epoch: [107]  [40/66]  lr: 0.000038  loss: 0.5395 (0.5445)  eta: 0:00:16  time: 0.6242  data: 0.0003  max mem: 2933
[00:34:38.341146] Epoch: [107]  [60/66]  lr: 0.000037  loss: 0.5605 (0.5482)  eta: 0:00:03  time: 0.6054  data: 0.0003  max mem: 2933
[00:34:40.860739] Epoch: [107]  [65/66]  lr: 0.000036  loss: 0.5639 (0.5523)  eta: 0:00:00  time: 0.5947  data: 0.0003  max mem: 2933
[00:34:41.016734] Epoch: [107] Total time: 0:00:40 (0.6098 s / it)
[00:34:41.016951] Averaged stats: lr: 0.000036  loss: 0.5639 (0.5523)
/home/nvidia/netmambaplus-reproduction/upstream/NetMambaPlus/src/engine_mm.py:220: FutureWarning: `torch.cuda.amp.autocast(args...)` is deprecated. Please use `torch.amp.autocast('cuda', args...)` instead.
  with torch.cuda.amp.autocast():
[00:34:41.465477] Test:  [0/9]  loss: 0.3582 (0.3582)  acc1: 0.8828 (0.8828)  acc3: 1.0000 (1.0000)  eta: 0:00:03  time: 0.4438  data: 0.2959  max mem: 2933
[00:34:42.446016] Test:  [8/9]  loss: 0.3105 (0.3268)  acc1: 0.9141 (0.9048)  acc3: 1.0000 (0.9904)  eta: 0:00:00  time: 0.1582  data: 0.0330  max mem: 2933
[00:34:42.584558] Test: Total time: 0:00:01 (0.1739 s / it)
[00:34:42.653581] * Acc@1 0.9048 Acc@3 0.9904 loss 0.3268
[00:34:42.653647] * Pre 0.9067 Rec 0.9048 F1 0.9048
[00:34:42.717887] Accuracy of the network on test samples: 0.9048
[00:34:42.717941] F1 of the network on test samples: 0.9048
[00:34:42.717949] Max Accuracy: 0.9048
[00:34:42.717957] Max F1: 0.9048
[00:34:42.721237] log_dir: /home/nvidia/netmambaplus-reproduction/runs/ciciot-ft-seed0/logs
[00:34:43.662094] Epoch: [108]  [ 0/66]  lr: 0.000036  loss: 0.5260 (0.5260)  eta: 0:01:01  time: 0.9390  data: 0.3054  max mem: 2933
[00:34:55.688717] Epoch: [108]  [20/66]  lr: 0.000034  loss: 0.5592 (0.5669)  eta: 0:00:28  time: 0.6013  data: 0.0003  max mem: 2933
[00:35:08.136078] Epoch: [108]  [40/66]  lr: 0.000033  loss: 0.5363 (0.5548)  eta: 0:00:16  time: 0.6223  data: 0.0003  max mem: 2933
[00:35:20.490679] Epoch: [108]  [60/66]  lr: 0.000031  loss: 0.5646 (0.5559)  eta: 0:00:03  time: 0.6177  data: 0.0003  max mem: 2933
[00:35:23.076147] Epoch: [108]  [65/66]  lr: 0.000031  loss: 0.5581 (0.5543)  eta: 0:00:00  time: 0.6024  data: 0.0003  max mem: 2933
[00:35:23.236375] Epoch: [108] Total time: 0:00:40 (0.6139 s / it)
[00:35:23.236473] Averaged stats: lr: 0.000031  loss: 0.5581 (0.5543)
/home/nvidia/netmambaplus-reproduction/upstream/NetMambaPlus/src/engine_mm.py:220: FutureWarning: `torch.cuda.amp.autocast(args...)` is deprecated. Please use `torch.amp.autocast('cuda', args...)` instead.
  with torch.cuda.amp.autocast():
[00:35:23.667944] Test:  [0/9]  loss: 0.3596 (0.3596)  acc1: 0.8828 (0.8828)  acc3: 1.0000 (1.0000)  eta: 0:00:03  time: 0.4269  data: 0.2783  max mem: 2933
[00:35:24.661630] Test:  [8/9]  loss: 0.3000 (0.3223)  acc1: 0.8984 (0.9048)  acc3: 1.0000 (0.9904)  eta: 0:00:00  time: 0.1578  data: 0.0311  max mem: 2933
[00:35:24.813179] Test: Total time: 0:00:01 (0.1749 s / it)
[00:35:24.880386] * Acc@1 0.9048 Acc@3 0.9904 loss 0.3223
[00:35:24.880472] * Pre 0.9063 Rec 0.9048 F1 0.9048
[00:35:24.882469] Accuracy of the network on test samples: 0.9048
[00:35:24.882479] F1 of the network on test samples: 0.9048
[00:35:24.882485] Max Accuracy: 0.9048
[00:35:24.882490] Max F1: 0.9048
[00:35:24.886330] log_dir: /home/nvidia/netmambaplus-reproduction/runs/ciciot-ft-seed0/logs
[00:35:25.856186] Epoch: [109]  [ 0/66]  lr: 0.000031  loss: 0.5480 (0.5480)  eta: 0:01:03  time: 0.9664  data: 0.3410  max mem: 2933
[00:35:38.135502] Epoch: [109]  [20/66]  lr: 0.000029  loss: 0.5545 (0.5521)  eta: 0:00:29  time: 0.6139  data: 0.0003  max mem: 2933
[00:35:50.656297] Epoch: [109]  [40/66]  lr: 0.000027  loss: 0.5369 (0.5461)  eta: 0:00:16  time: 0.6260  data: 0.0003  max mem: 2933
[00:36:03.121978] Epoch: [109]  [60/66]  lr: 0.000026  loss: 0.5367 (0.5459)  eta: 0:00:03  time: 0.6232  data: 0.0003  max mem: 2933
[00:36:05.718422] Epoch: [109]  [65/66]  lr: 0.000026  loss: 0.5367 (0.5446)  eta: 0:00:00  time: 0.6062  data: 0.0004  max mem: 2933
[00:36:05.887800] Epoch: [109] Total time: 0:00:41 (0.6212 s / it)
[00:36:05.888116] Averaged stats: lr: 0.000026  loss: 0.5367 (0.5446)
/home/nvidia/netmambaplus-reproduction/upstream/NetMambaPlus/src/engine_mm.py:220: FutureWarning: `torch.cuda.amp.autocast(args...)` is deprecated. Please use `torch.amp.autocast('cuda', args...)` instead.
  with torch.cuda.amp.autocast():
[00:36:06.342411] Test:  [0/9]  loss: 0.3655 (0.3655)  acc1: 0.8828 (0.8828)  acc3: 1.0000 (1.0000)  eta: 0:00:04  time: 0.4462  data: 0.2997  max mem: 2933
[00:36:07.347149] Test:  [8/9]  loss: 0.3042 (0.3214)  acc1: 0.9062 (0.9029)  acc3: 1.0000 (0.9904)  eta: 0:00:00  time: 0.1611  data: 0.0334  max mem: 2933
[00:36:07.500917] Test: Total time: 0:00:01 (0.1789 s / it)
[00:36:07.568412] * Acc@1 0.9029 Acc@3 0.9904 loss 0.3214
[00:36:07.568454] * Pre 0.9049 Rec 0.9029 F1 0.9029
[00:36:07.570422] Accuracy of the network on test samples: 0.9029
[00:36:07.570447] F1 of the network on test samples: 0.9029
[00:36:07.570464] Max Accuracy: 0.9048
[00:36:07.570493] Max F1: 0.9048
[00:36:07.575040] log_dir: /home/nvidia/netmambaplus-reproduction/runs/ciciot-ft-seed0/logs
[00:36:08.580823] Epoch: [110]  [ 0/66]  lr: 0.000025  loss: 0.5265 (0.5265)  eta: 0:01:06  time: 1.0031  data: 0.3474  max mem: 2933
[00:36:20.974297] Epoch: [110]  [20/66]  lr: 0.000024  loss: 0.5457 (0.5425)  eta: 0:00:29  time: 0.6196  data: 0.0004  max mem: 2933
[00:36:33.388094] Epoch: [110]  [40/66]  lr: 0.000023  loss: 0.5496 (0.5438)  eta: 0:00:16  time: 0.6206  data: 0.0003  max mem: 2933
[00:36:45.922269] Epoch: [110]  [60/66]  lr: 0.000021  loss: 0.5305 (0.5447)  eta: 0:00:03  time: 0.6267  data: 0.0003  max mem: 2933
[00:36:48.470890] Epoch: [110]  [65/66]  lr: 0.000021  loss: 0.5305 (0.5428)  eta: 0:00:00  time: 0.6062  data: 0.0003  max mem: 2933
[00:36:48.629899] Epoch: [110] Total time: 0:00:41 (0.6220 s / it)
[00:36:48.630214] Averaged stats: lr: 0.000021  loss: 0.5305 (0.5428)
/home/nvidia/netmambaplus-reproduction/upstream/NetMambaPlus/src/engine_mm.py:220: FutureWarning: `torch.cuda.amp.autocast(args...)` is deprecated. Please use `torch.amp.autocast('cuda', args...)` instead.
  with torch.cuda.amp.autocast():
[00:36:49.110532] Test:  [0/9]  loss: 0.3625 (0.3625)  acc1: 0.8828 (0.8828)  acc3: 1.0000 (1.0000)  eta: 0:00:04  time: 0.4760  data: 0.3316  max mem: 2933
[00:36:50.108687] Test:  [8/9]  loss: 0.3071 (0.3251)  acc1: 0.8984 (0.9010)  acc3: 1.0000 (0.9904)  eta: 0:00:00  time: 0.1637  data: 0.0370  max mem: 2933
[00:36:50.265702] Test: Total time: 0:00:01 (0.1814 s / it)
[00:36:50.348621] * Acc@1 0.9010 Acc@3 0.9904 loss 0.3251
[00:36:50.348694] * Pre 0.9032 Rec 0.9010 F1 0.9011
[00:36:50.351209] Accuracy of the network on test samples: 0.9010
[00:36:50.352061] F1 of the network on test samples: 0.9011
[00:36:50.352097] Max Accuracy: 0.9048
[00:36:50.352241] Max F1: 0.9048
[00:36:50.356117] log_dir: /home/nvidia/netmambaplus-reproduction/runs/ciciot-ft-seed0/logs
[00:36:51.351139] Epoch: [111]  [ 0/66]  lr: 0.000021  loss: 0.5682 (0.5682)  eta: 0:01:05  time: 0.9924  data: 0.3520  max mem: 2933
[00:37:03.883437] Epoch: [111]  [20/66]  lr: 0.000020  loss: 0.5341 (0.5400)  eta: 0:00:29  time: 0.6265  data: 0.0003  max mem: 2933
[00:37:16.235172] Epoch: [111]  [40/66]  lr: 0.000018  loss: 0.5326 (0.5382)  eta: 0:00:16  time: 0.6175  data: 0.0003  max mem: 2933
[00:37:28.832978] Epoch: [111]  [60/66]  lr: 0.000017  loss: 0.5441 (0.5416)  eta: 0:00:03  time: 0.6298  data: 0.0003  max mem: 2933
[00:37:31.418299] Epoch: [111]  [65/66]  lr: 0.000017  loss: 0.5523 (0.5473)  eta: 0:00:00  time: 0.6092  data: 0.0004  max mem: 2933
[00:37:31.588677] Epoch: [111] Total time: 0:00:41 (0.6247 s / it)
[00:37:31.588836] Averaged stats: lr: 0.000017  loss: 0.5523 (0.5473)
/home/nvidia/netmambaplus-reproduction/upstream/NetMambaPlus/src/engine_mm.py:220: FutureWarning: `torch.cuda.amp.autocast(args...)` is deprecated. Please use `torch.amp.autocast('cuda', args...)` instead.
  with torch.cuda.amp.autocast():
[00:37:32.056477] Test:  [0/9]  loss: 0.3635 (0.3635)  acc1: 0.8828 (0.8828)  acc3: 1.0000 (1.0000)  eta: 0:00:04  time: 0.4627  data: 0.3156  max mem: 2933
[00:37:33.065340] Test:  [8/9]  loss: 0.3040 (0.3226)  acc1: 0.8984 (0.9029)  acc3: 1.0000 (0.9904)  eta: 0:00:00  time: 0.1634  data: 0.0352  max mem: 2933
[00:37:33.209853] Test: Total time: 0:00:01 (0.1798 s / it)
[00:37:33.280883] * Acc@1 0.9029 Acc@3 0.9904 loss 0.3226
[00:37:33.280987] * Pre 0.9047 Rec 0.9029 F1 0.9029
[00:37:33.282966] Accuracy of the network on test samples: 0.9029
[00:37:33.282986] F1 of the network on test samples: 0.9029
[00:37:33.283014] Max Accuracy: 0.9048
[00:37:33.283553] Max F1: 0.9048
[00:37:33.286905] log_dir: /home/nvidia/netmambaplus-reproduction/runs/ciciot-ft-seed0/logs
[00:37:34.263527] Epoch: [112]  [ 0/66]  lr: 0.000017  loss: 0.5453 (0.5453)  eta: 0:01:04  time: 0.9733  data: 0.3392  max mem: 2933
[00:37:46.621784] Epoch: [112]  [20/66]  lr: 0.000016  loss: 0.5432 (0.5413)  eta: 0:00:29  time: 0.6179  data: 0.0003  max mem: 2933
[00:37:58.599462] Epoch: [112]  [40/66]  lr: 0.000014  loss: 0.5400 (0.5421)  eta: 0:00:16  time: 0.5988  data: 0.0002  max mem: 2933
[00:38:11.128507] Epoch: [112]  [60/66]  lr: 0.000013  loss: 0.5319 (0.5402)  eta: 0:00:03  time: 0.6264  data: 0.0003  max mem: 2933
[00:38:13.643355] Epoch: [112]  [65/66]  lr: 0.000013  loss: 0.5343 (0.5425)  eta: 0:00:00  time: 0.5970  data: 0.0003  max mem: 2933
[00:38:13.791971] Epoch: [112] Total time: 0:00:40 (0.6137 s / it)
[00:38:13.792344] Averaged stats: lr: 0.000013  loss: 0.5343 (0.5425)
/home/nvidia/netmambaplus-reproduction/upstream/NetMambaPlus/src/engine_mm.py:220: FutureWarning: `torch.cuda.amp.autocast(args...)` is deprecated. Please use `torch.amp.autocast('cuda', args...)` instead.
  with torch.cuda.amp.autocast():
[00:38:14.279069] Test:  [0/9]  loss: 0.3643 (0.3643)  acc1: 0.8828 (0.8828)  acc3: 0.9922 (0.9922)  eta: 0:00:04  time: 0.4781  data: 0.3386  max mem: 2933
[00:38:15.279339] Test:  [8/9]  loss: 0.2974 (0.3225)  acc1: 0.8984 (0.9048)  acc3: 0.9922 (0.9894)  eta: 0:00:00  time: 0.1642  data: 0.0378  max mem: 2933
[00:38:15.439076] Test: Total time: 0:00:01 (0.1826 s / it)
[00:38:15.509349] * Acc@1 0.9048 Acc@3 0.9894 loss 0.3225
[00:38:15.509410] * Pre 0.9064 Rec 0.9048 F1 0.9048
[00:38:15.511652] Accuracy of the network on test samples: 0.9048
[00:38:15.512296] F1 of the network on test samples: 0.9048
[00:38:15.512322] Max Accuracy: 0.9048
[00:38:15.512349] Max F1: 0.9048
[00:38:15.515559] log_dir: /home/nvidia/netmambaplus-reproduction/runs/ciciot-ft-seed0/logs
[00:38:16.501462] Epoch: [113]  [ 0/66]  lr: 0.000013  loss: 0.5407 (0.5407)  eta: 0:01:04  time: 0.9832  data: 0.3195  max mem: 2933
[00:38:28.829365] Epoch: [113]  [20/66]  lr: 0.000012  loss: 0.5421 (0.5434)  eta: 0:00:29  time: 0.6164  data: 0.0003  max mem: 2933
[00:38:40.752319] Epoch: [113]  [40/66]  lr: 0.000011  loss: 0.5396 (0.5430)  eta: 0:00:16  time: 0.5961  data: 0.0003  max mem: 2933
[00:38:53.280301] Epoch: [113]  [60/66]  lr: 0.000010  loss: 0.5311 (0.5410)  eta: 0:00:03  time: 0.6263  data: 0.0003  max mem: 2933
[00:38:55.780776] Epoch: [113]  [65/66]  lr: 0.000010  loss: 0.5345 (0.5401)  eta: 0:00:00  time: 0.5929  data: 0.0003  max mem: 2933
[00:38:55.937052] Epoch: [113] Total time: 0:00:40 (0.6124 s / it)
[00:38:55.937206] Averaged stats: lr: 0.000010  loss: 0.5345 (0.5401)
/home/nvidia/netmambaplus-reproduction/upstream/NetMambaPlus/src/engine_mm.py:220: FutureWarning: `torch.cuda.amp.autocast(args...)` is deprecated. Please use `torch.amp.autocast('cuda', args...)` instead.
  with torch.cuda.amp.autocast():
[00:38:56.388879] Test:  [0/9]  loss: 0.3687 (0.3687)  acc1: 0.8828 (0.8828)  acc3: 0.9922 (0.9922)  eta: 0:00:04  time: 0.4475  data: 0.2980  max mem: 2933
[00:38:57.376372] Test:  [8/9]  loss: 0.2998 (0.3259)  acc1: 0.8984 (0.9019)  acc3: 0.9922 (0.9894)  eta: 0:00:00  time: 0.1594  data: 0.0333  max mem: 2933
[00:38:57.531780] Test: Total time: 0:00:01 (0.1769 s / it)
[00:38:57.601724] * Acc@1 0.9019 Acc@3 0.9894 loss 0.3259
[00:38:57.601800] * Pre 0.9040 Rec 0.9019 F1 0.9019
[00:38:57.603635] Accuracy of the network on test samples: 0.9019
[00:38:57.603651] F1 of the network on test samples: 0.9019
[00:38:57.603673] Max Accuracy: 0.9048
[00:38:57.603681] Max F1: 0.9048
[00:38:57.607021] log_dir: /home/nvidia/netmambaplus-reproduction/runs/ciciot-ft-seed0/logs
[00:38:58.592917] Epoch: [114]  [ 0/66]  lr: 0.000010  loss: 0.5697 (0.5697)  eta: 0:01:04  time: 0.9832  data: 0.3501  max mem: 2933
[00:39:10.841786] Epoch: [114]  [20/66]  lr: 0.000009  loss: 0.5384 (0.5429)  eta: 0:00:28  time: 0.6124  data: 0.0002  max mem: 2933
[00:39:22.730936] Epoch: [114]  [40/66]  lr: 0.000008  loss: 0.5362 (0.5414)  eta: 0:00:15  time: 0.5944  data: 0.0003  max mem: 2933
[00:39:35.196039] Epoch: [114]  [60/66]  lr: 0.000007  loss: 0.5350 (0.5419)  eta: 0:00:03  time: 0.6232  data: 0.0002  max mem: 2933
[00:39:37.715546] Epoch: [114]  [65/66]  lr: 0.000007  loss: 0.5294 (0.5383)  eta: 0:00:00  time: 0.5938  data: 0.0002  max mem: 2933
[00:39:37.862360] Epoch: [114] Total time: 0:00:40 (0.6099 s / it)
[00:39:37.862690] Averaged stats: lr: 0.000007  loss: 0.5294 (0.5383)
/home/nvidia/netmambaplus-reproduction/upstream/NetMambaPlus/src/engine_mm.py:220: FutureWarning: `torch.cuda.amp.autocast(args...)` is deprecated. Please use `torch.amp.autocast('cuda', args...)` instead.
  with torch.cuda.amp.autocast():
[00:39:38.306626] Test:  [0/9]  loss: 0.3655 (0.3655)  acc1: 0.8828 (0.8828)  acc3: 0.9922 (0.9922)  eta: 0:00:03  time: 0.4388  data: 0.2986  max mem: 2933
[00:39:39.297000] Test:  [8/9]  loss: 0.3018 (0.3250)  acc1: 0.8984 (0.9029)  acc3: 0.9922 (0.9894)  eta: 0:00:00  time: 0.1587  data: 0.0333  max mem: 2933
[00:39:39.449491] Test: Total time: 0:00:01 (0.1760 s / it)
[00:39:39.518826] * Acc@1 0.9029 Acc@3 0.9894 loss 0.3250
[00:39:39.518913] * Pre 0.9047 Rec 0.9029 F1 0.9029
[00:39:39.520829] Accuracy of the network on test samples: 0.9029
[00:39:39.520852] F1 of the network on test samples: 0.9029
[00:39:39.520869] Max Accuracy: 0.9048
[00:39:39.520874] Max F1: 0.9048
[00:39:39.524341] log_dir: /home/nvidia/netmambaplus-reproduction/runs/ciciot-ft-seed0/logs
[00:39:40.472045] Epoch: [115]  [ 0/66]  lr: 0.000007  loss: 0.5969 (0.5969)  eta: 0:01:02  time: 0.9444  data: 0.3106  max mem: 2933
[00:39:52.739681] Epoch: [115]  [20/66]  lr: 0.000006  loss: 0.5278 (0.5390)  eta: 0:00:28  time: 0.6133  data: 0.0003  max mem: 2933
[00:40:04.687547] Epoch: [115]  [40/66]  lr: 0.000006  loss: 0.5431 (0.5402)  eta: 0:00:15  time: 0.5973  data: 0.0003  max mem: 2933
[00:40:17.448192] Epoch: [115]  [60/66]  lr: 0.000005  loss: 0.5340 (0.5413)  eta: 0:00:03  time: 0.6380  data: 0.0003  max mem: 2933
[00:40:19.999634] Epoch: [115]  [65/66]  lr: 0.000005  loss: 0.5340 (0.5388)  eta: 0:00:00  time: 0.6092  data: 0.0003  max mem: 2933
[00:40:20.159994] Epoch: [115] Total time: 0:00:40 (0.6157 s / it)
[00:40:20.160345] Averaged stats: lr: 0.000005  loss: 0.5340 (0.5388)
/home/nvidia/netmambaplus-reproduction/upstream/NetMambaPlus/src/engine_mm.py:220: FutureWarning: `torch.cuda.amp.autocast(args...)` is deprecated. Please use `torch.amp.autocast('cuda', args...)` instead.
  with torch.cuda.amp.autocast():
[00:40:20.632475] Test:  [0/9]  loss: 0.3638 (0.3638)  acc1: 0.8828 (0.8828)  acc3: 0.9922 (0.9922)  eta: 0:00:04  time: 0.4630  data: 0.3090  max mem: 2933
[00:40:21.633952] Test:  [8/9]  loss: 0.3025 (0.3242)  acc1: 0.9062 (0.9048)  acc3: 0.9922 (0.9894)  eta: 0:00:00  time: 0.1626  data: 0.0345  max mem: 2933
[00:40:21.801080] Test: Total time: 0:00:01 (0.1820 s / it)
[00:40:21.872514] * Acc@1 0.9048 Acc@3 0.9894 loss 0.3242
[00:40:21.872627] * Pre 0.9066 Rec 0.9048 F1 0.9048
[00:40:21.874950] Accuracy of the network on test samples: 0.9048
[00:40:21.875478] F1 of the network on test samples: 0.9048
[00:40:21.875500] Max Accuracy: 0.9048
[00:40:21.875626] Max F1: 0.9048
[00:40:21.878296] log_dir: /home/nvidia/netmambaplus-reproduction/runs/ciciot-ft-seed0/logs
[00:40:22.882797] Epoch: [116]  [ 0/66]  lr: 0.000005  loss: 0.5297 (0.5297)  eta: 0:01:06  time: 1.0018  data: 0.3559  max mem: 2933
[00:40:35.383249] Epoch: [116]  [20/66]  lr: 0.000004  loss: 0.5323 (0.5408)  eta: 0:00:29  time: 0.6250  data: 0.0003  max mem: 2933
[00:40:47.473672] Epoch: [116]  [40/66]  lr: 0.000004  loss: 0.5414 (0.5436)  eta: 0:00:16  time: 0.6044  data: 0.0003  max mem: 2933
[00:41:00.216832] Epoch: [116]  [60/66]  lr: 0.000003  loss: 0.5348 (0.5405)  eta: 0:00:03  time: 0.6371  data: 0.0004  max mem: 2933
[00:41:02.775504] Epoch: [116]  [65/66]  lr: 0.000003  loss: 0.5348 (0.5393)  eta: 0:00:00  time: 0.6042  data: 0.0004  max mem: 2933
[00:41:02.945717] Epoch: [116] Total time: 0:00:41 (0.6222 s / it)
[00:41:02.945840] Averaged stats: lr: 0.000003  loss: 0.5348 (0.5393)
/home/nvidia/netmambaplus-reproduction/upstream/NetMambaPlus/src/engine_mm.py:220: FutureWarning: `torch.cuda.amp.autocast(args...)` is deprecated. Please use `torch.amp.autocast('cuda', args...)` instead.
  with torch.cuda.amp.autocast():
[00:41:03.409702] Test:  [0/9]  loss: 0.3628 (0.3628)  acc1: 0.8828 (0.8828)  acc3: 0.9922 (0.9922)  eta: 0:00:04  time: 0.4592  data: 0.3205  max mem: 2933
[00:41:04.399021] Test:  [8/9]  loss: 0.3027 (0.3237)  acc1: 0.8984 (0.9038)  acc3: 0.9922 (0.9894)  eta: 0:00:00  time: 0.1609  data: 0.0358  max mem: 2933
[00:41:04.550174] Test: Total time: 0:00:01 (0.1779 s / it)
[00:41:04.628209] * Acc@1 0.9038 Acc@3 0.9894 loss 0.3237
[00:41:04.628296] * Pre 0.9056 Rec 0.9038 F1 0.9038
[00:41:04.630584] Accuracy of the network on test samples: 0.9038
[00:41:04.630605] F1 of the network on test samples: 0.9038
[00:41:04.630630] Max Accuracy: 0.9048
[00:41:04.630634] Max F1: 0.9048
[00:41:04.634841] log_dir: /home/nvidia/netmambaplus-reproduction/runs/ciciot-ft-seed0/logs
[00:41:05.648399] Epoch: [117]  [ 0/66]  lr: 0.000003  loss: 0.5488 (0.5488)  eta: 0:01:06  time: 1.0102  data: 0.3551  max mem: 2933
[00:41:18.226207] Epoch: [117]  [20/66]  lr: 0.000003  loss: 0.5252 (0.5377)  eta: 0:00:29  time: 0.6288  data: 0.0003  max mem: 2933
[00:41:30.309935] Epoch: [117]  [40/66]  lr: 0.000002  loss: 0.5600 (0.5451)  eta: 0:00:16  time: 0.6041  data: 0.0003  max mem: 2933
[00:41:43.030356] Epoch: [117]  [60/66]  lr: 0.000002  loss: 0.5247 (0.5399)  eta: 0:00:03  time: 0.6359  data: 0.0003  max mem: 2933
[00:41:45.620800] Epoch: [117]  [65/66]  lr: 0.000002  loss: 0.5359 (0.5400)  eta: 0:00:00  time: 0.6071  data: 0.0004  max mem: 2933
[00:41:45.780383] Epoch: [117] Total time: 0:00:41 (0.6234 s / it)
[00:41:45.780700] Averaged stats: lr: 0.000002  loss: 0.5359 (0.5400)
/home/nvidia/netmambaplus-reproduction/upstream/NetMambaPlus/src/engine_mm.py:220: FutureWarning: `torch.cuda.amp.autocast(args...)` is deprecated. Please use `torch.amp.autocast('cuda', args...)` instead.
  with torch.cuda.amp.autocast():
[00:41:46.258981] Test:  [0/9]  loss: 0.3623 (0.3623)  acc1: 0.8828 (0.8828)  acc3: 0.9922 (0.9922)  eta: 0:00:04  time: 0.4729  data: 0.3269  max mem: 2933
[00:41:47.263070] Test:  [8/9]  loss: 0.3027 (0.3235)  acc1: 0.8984 (0.9038)  acc3: 0.9922 (0.9894)  eta: 0:00:00  time: 0.1640  data: 0.0365  max mem: 2933
[00:41:47.423196] Test: Total time: 0:00:01 (0.1822 s / it)
[00:41:47.490532] * Acc@1 0.9038 Acc@3 0.9894 loss 0.3235
[00:41:47.490589] * Pre 0.9056 Rec 0.9038 F1 0.9038
[00:41:47.492689] Accuracy of the network on test samples: 0.9038
[00:41:47.492724] F1 of the network on test samples: 0.9038
[00:41:47.492743] Max Accuracy: 0.9048
[00:41:47.492748] Max F1: 0.9048
[00:41:47.496962] log_dir: /home/nvidia/netmambaplus-reproduction/runs/ciciot-ft-seed0/logs
[00:41:48.470131] Epoch: [118]  [ 0/66]  lr: 0.000002  loss: 0.5828 (0.5828)  eta: 0:01:04  time: 0.9706  data: 0.3361  max mem: 2933
[00:42:01.156784] Epoch: [118]  [20/66]  lr: 0.000002  loss: 0.5295 (0.5410)  eta: 0:00:29  time: 0.6343  data: 0.0004  max mem: 2933
[00:42:13.250496] Epoch: [118]  [40/66]  lr: 0.000001  loss: 0.5335 (0.5387)  eta: 0:00:16  time: 0.6046  data: 0.0003  max mem: 2933
[00:42:26.034561] Epoch: [118]  [60/66]  lr: 0.000001  loss: 0.5467 (0.5414)  eta: 0:00:03  time: 0.6391  data: 0.0004  max mem: 2933
[00:42:28.621517] Epoch: [118]  [65/66]  lr: 0.000001  loss: 0.5467 (0.5389)  eta: 0:00:00  time: 0.6090  data: 0.0004  max mem: 2933
[00:42:28.785055] Epoch: [118] Total time: 0:00:41 (0.6256 s / it)
[00:42:28.785380] Averaged stats: lr: 0.000001  loss: 0.5467 (0.5389)
/home/nvidia/netmambaplus-reproduction/upstream/NetMambaPlus/src/engine_mm.py:220: FutureWarning: `torch.cuda.amp.autocast(args...)` is deprecated. Please use `torch.amp.autocast('cuda', args...)` instead.
  with torch.cuda.amp.autocast():
[00:42:29.262254] Test:  [0/9]  loss: 0.3623 (0.3623)  acc1: 0.8828 (0.8828)  acc3: 0.9922 (0.9922)  eta: 0:00:04  time: 0.4678  data: 0.3217  max mem: 2933
[00:42:30.261526] Test:  [8/9]  loss: 0.3025 (0.3234)  acc1: 0.8984 (0.9038)  acc3: 0.9922 (0.9894)  eta: 0:00:00  time: 0.1629  data: 0.0359  max mem: 2933
[00:42:30.416646] Test: Total time: 0:00:01 (0.1809 s / it)
[00:42:30.485701] * Acc@1 0.9038 Acc@3 0.9894 loss 0.3234
[00:42:30.485773] * Pre 0.9056 Rec 0.9038 F1 0.9038
[00:42:30.488036] Accuracy of the network on test samples: 0.9038
[00:42:30.488593] F1 of the network on test samples: 0.9038
[00:42:30.488626] Max Accuracy: 0.9048
[00:42:30.488802] Max F1: 0.9048
[00:42:30.492139] log_dir: /home/nvidia/netmambaplus-reproduction/runs/ciciot-ft-seed0/logs
[00:42:31.459178] Epoch: [119]  [ 0/66]  lr: 0.000001  loss: 0.5674 (0.5674)  eta: 0:01:03  time: 0.9643  data: 0.3186  max mem: 2933
[00:42:43.967557] Epoch: [119]  [20/66]  lr: 0.000001  loss: 0.5442 (0.5463)  eta: 0:00:29  time: 0.6254  data: 0.0003  max mem: 2933
[00:42:55.773496] Epoch: [119]  [40/66]  lr: 0.000001  loss: 0.5256 (0.5395)  eta: 0:00:16  time: 0.5902  data: 0.0003  max mem: 2933
[00:43:08.335521] Epoch: [119]  [60/66]  lr: 0.000001  loss: 0.5369 (0.5414)  eta: 0:00:03  time: 0.6281  data: 0.0003  max mem: 2933
[00:43:10.858378] Epoch: [119]  [65/66]  lr: 0.000001  loss: 0.5351 (0.5395)  eta: 0:00:00  time: 0.5960  data: 0.0003  max mem: 2933
[00:43:11.014369] Epoch: [119] Total time: 0:00:40 (0.6140 s / it)
[00:43:11.014549] Averaged stats: lr: 0.000001  loss: 0.5351 (0.5395)
/home/nvidia/netmambaplus-reproduction/upstream/NetMambaPlus/src/engine_mm.py:220: FutureWarning: `torch.cuda.amp.autocast(args...)` is deprecated. Please use `torch.amp.autocast('cuda', args...)` instead.
  with torch.cuda.amp.autocast():
[00:43:11.460188] Test:  [0/9]  loss: 0.3621 (0.3621)  acc1: 0.8828 (0.8828)  acc3: 0.9922 (0.9922)  eta: 0:00:03  time: 0.4407  data: 0.2924  max mem: 2933
[00:43:12.439947] Test:  [8/9]  loss: 0.3027 (0.3234)  acc1: 0.8984 (0.9038)  acc3: 0.9922 (0.9894)  eta: 0:00:00  time: 0.1578  data: 0.0326  max mem: 2933
[00:43:12.581120] Test: Total time: 0:00:01 (0.1738 s / it)
[00:43:12.652584] * Acc@1 0.9038 Acc@3 0.9894 loss 0.3234
[00:43:12.652675] * Pre 0.9056 Rec 0.9038 F1 0.9038
[00:43:12.655040] Accuracy of the network on test samples: 0.9038
[00:43:12.655622] F1 of the network on test samples: 0.9038
[00:43:12.655642] Max Accuracy: 0.9048
[00:43:12.655663] Max F1: 0.9048
[00:43:12.657696] Training time 1:13:25
/home/nvidia/netmambaplus-reproduction/upstream/NetMambaPlus/src/fine-tune.py:229: UserWarning: Environment variable TORCH_FORCE_NO_WEIGHTS_ONLY_LOAD detected, since the`weights_only` argument was not explicitly passed to `torch.load`, forcing weights_only=False.
  best_checkpoint = torch.load(os.path.join(args.output_dir, "checkpoint-best.pth"), map_location='cpu')
[00:43:12.970997] Dataset: <util.loader_data.ByteSizeIntervalDataset object at 0xef4542aefcb0>, type: byte_size_interval, size_key: sizes, ratio: 1.0
/home/nvidia/netmambaplus-reproduction/upstream/NetMambaPlus/src/engine_mm.py:220: FutureWarning: `torch.cuda.amp.autocast(args...)` is deprecated. Please use `torch.amp.autocast('cuda', args...)` instead.
  with torch.cuda.amp.autocast():
[00:43:13.453825] Test:  [0/9]  loss: 0.2507 (0.2507)  acc1: 0.9297 (0.9297)  acc3: 1.0000 (1.0000)  eta: 0:00:04  time: 0.4787  data: 0.3343  max mem: 2933
[00:43:14.454314] Test:  [8/9]  loss: 0.2600 (0.3317)  acc1: 0.9297 (0.9126)  acc3: 0.9922 (0.9866)  eta: 0:00:00  time: 0.1643  data: 0.0373  max mem: 2933
[00:43:14.586358] Test: Total time: 0:00:01 (0.1793 s / it)
[00:43:14.654366] * Acc@1 0.9126 Acc@3 0.9866 loss 0.3317
[00:43:14.654471] * Pre 0.9136 Rec 0.9126 F1 0.9126
