/home/nvidia/.cache/netmambaplus-reproduction/venv-gb10/lib/python3.12/site-packages/mamba_ssm/ops/selective_scan_interface.py:158: FutureWarning: `torch.cuda.amp.custom_fwd(args...)` is deprecated. Please use `torch.amp.custom_fwd(args..., device_type='cuda')` instead.
  @custom_fwd
/home/nvidia/.cache/netmambaplus-reproduction/venv-gb10/lib/python3.12/site-packages/mamba_ssm/ops/selective_scan_interface.py:227: FutureWarning: `torch.cuda.amp.custom_bwd(args...)` is deprecated. Please use `torch.amp.custom_bwd(args..., device_type='cuda')` instead.
  @custom_bwd
/home/nvidia/.cache/netmambaplus-reproduction/venv-gb10/lib/python3.12/site-packages/mamba_ssm/ops/selective_scan_interface.py:295: FutureWarning: `torch.cuda.amp.custom_fwd(args...)` is deprecated. Please use `torch.amp.custom_fwd(args..., device_type='cuda')` instead.
  @custom_fwd
/home/nvidia/.cache/netmambaplus-reproduction/venv-gb10/lib/python3.12/site-packages/mamba_ssm/ops/selective_scan_interface.py:368: FutureWarning: `torch.cuda.amp.custom_bwd(args...)` is deprecated. Please use `torch.amp.custom_bwd(args..., device_type='cuda')` instead.
  @custom_bwd
/home/nvidia/.cache/netmambaplus-reproduction/venv-gb10/lib/python3.12/site-packages/mamba_ssm/ops/selective_scan_interface.py:440: FutureWarning: `torch.cuda.amp.custom_fwd(args...)` is deprecated. Please use `torch.amp.custom_fwd(args..., device_type='cuda')` instead.
  @custom_fwd
/home/nvidia/.cache/netmambaplus-reproduction/venv-gb10/lib/python3.12/site-packages/mamba_ssm/ops/selective_scan_interface.py:520: FutureWarning: `torch.cuda.amp.custom_bwd(args...)` is deprecated. Please use `torch.amp.custom_bwd(args..., device_type='cuda')` instead.
  @custom_bwd
/home/nvidia/.cache/netmambaplus-reproduction/venv-gb10/lib/python3.12/site-packages/mamba_ssm/ops/triton/layernorm.py:507: FutureWarning: `torch.cuda.amp.custom_fwd(args...)` is deprecated. Please use `torch.amp.custom_fwd(args..., device_type='cuda')` instead.
  @custom_fwd
/home/nvidia/.cache/netmambaplus-reproduction/venv-gb10/lib/python3.12/site-packages/mamba_ssm/ops/triton/layernorm.py:566: FutureWarning: `torch.cuda.amp.custom_bwd(args...)` is deprecated. Please use `torch.amp.custom_bwd(args..., device_type='cuda')` instead.
  @custom_bwd
Not using distributed mode
[23:34:53.250462] job dir: /home/nvidia/netmambaplus-reproduction/upstream/NetMambaPlus/src
[23:34:53.250517] Namespace(batch_size=128,
epochs=120,
save_steps_freq=5000,
accum_iter=1,
model='fuse3_mamba_classifier',
input_size=40,
drop_path=0.1,
clip_grad=None,
weight_decay=0.05,
lr=None,
blr=0.002,
layer_decay=0.75,
min_lr=1e-06,
warmup_epochs=20,
smoothing=0.1,
finetune='/home/nvidia/.cache/netmambaplus-reproduction/checkpoints/fuse3_mamba.pth',
data_path='/home/nvidia/.cache/netmambaplus-reproduction/data/ciciot2022',
nb_classes=6,
output_dir='/home/nvidia/netmambaplus-reproduction/runs/ciciot-ft-seed1',
ckpt_dir='/home/nvidia/netmambaplus-reproduction/runs/ciciot-ft-seed1',
log_dir='/home/nvidia/netmambaplus-reproduction/runs/ciciot-ft-seed1/logs',
device='cuda',
seed=1,
resume='',
start_epoch=0,
eval=False,
num_workers=2,
pin_mem=True,
world_size=1,
local_rank=-1,
dist_on_itp=False,
dist_url='env://',
if_amp=False,
num_packet=5,
num_packet_byte=320,
stride_size=4,
class_balance=False,
class_balance_beta=0.999,
ldam=False,
data_ratio=1.0,
dataset_type='byte_size_interval',
seq_len=20,
seq_key='sizes',
size_key='sizes',
train_from_scratch=False,
average='weighted',
distributed=False)
[23:34:54.307316] Dataset: <util.loader_data.ByteSizeIntervalDataset object at 0xee20ee7dde80>, type: byte_size_interval, size_key: sizes, ratio: 1.0
/home/nvidia/.cache/netmambaplus-reproduction/venv-gb10/lib/python3.12/site-packages/torch/cuda/__init__.py:283: UserWarning: 
    Found GPU0 NVIDIA GB10 which is of cuda capability 12.1.
    Minimum and Maximum cuda capability supported by this version of PyTorch is
    (8.0) - (12.0)
    
  warnings.warn(
[23:34:55.882203] Dataset: <util.loader_data.ByteSizeIntervalDataset object at 0xee20ee84b6b0>, type: byte_size_interval, size_key: sizes, ratio: 1.0
[23:34:55.960459] trainable params: 1870080 || all params: 1870080 || trainable%: 100.0000
/home/nvidia/netmambaplus-reproduction/upstream/NetMambaPlus/src/fine-tune.py:116: UserWarning: Environment variable TORCH_FORCE_NO_WEIGHTS_ONLY_LOAD detected, since the`weights_only` argument was not explicitly passed to `torch.load`, forcing weights_only=False.
  checkpoint = torch.load(args.finetune, map_location='cpu')
[23:34:56.027408] Load pre-trained checkpoint from: /home/nvidia/.cache/netmambaplus-reproduction/checkpoints/fuse3_mamba.pth
[23:34:56.031412] _IncompatibleKeys(missing_keys=['head.weight'], unexpected_keys=['byte_mask_token', 'byte_decoder_pos_embed', 'byte_decoder_embed.weight', 'byte_decoder_embed.bias', 'byte_decoder_blocks.0.mixer.A_log', 'byte_decoder_blocks.0.mixer.D', 'byte_decoder_blocks.0.mixer.in_proj.weight', 'byte_decoder_blocks.0.mixer.conv1d.weight', 'byte_decoder_blocks.0.mixer.conv1d.bias', 'byte_decoder_blocks.0.mixer.x_proj.weight', 'byte_decoder_blocks.0.mixer.dt_proj.weight', 'byte_decoder_blocks.0.mixer.dt_proj.bias', 'byte_decoder_blocks.0.mixer.out_proj.weight', 'byte_decoder_blocks.0.norm.weight', 'byte_decoder_blocks.1.mixer.A_log', 'byte_decoder_blocks.1.mixer.D', 'byte_decoder_blocks.1.mixer.in_proj.weight', 'byte_decoder_blocks.1.mixer.conv1d.weight', 'byte_decoder_blocks.1.mixer.conv1d.bias', 'byte_decoder_blocks.1.mixer.x_proj.weight', 'byte_decoder_blocks.1.mixer.dt_proj.weight', 'byte_decoder_blocks.1.mixer.dt_proj.bias', 'byte_decoder_blocks.1.mixer.out_proj.weight', 'byte_decoder_blocks.1.norm.weight', 'decoder_norm_f.weight', 'byte_decoder_pred.weight', 'byte_decoder_pred.bias', 'size_decoder_pred.weight', 'size_decoder_pred.bias', 'iat_decoder_pred.weight', 'iat_decoder_pred.bias'])
[23:34:56.123409] Model = NetMamba(
  (byte_embed): StrideEmbed(
    (proj): Conv1d(1, 256, kernel_size=(4,), stride=(4,))
  )
  (size_embed): FixedCosineEmbed()
  (iat_embed): FixedCosineEmbed()
  (pos_drop): Dropout(p=0.0, inplace=False)
  (drop_path): DropPath()
  (encoder_blocks): ModuleList(
    (0-1): 2 x Block(
      (mixer): Mamba(
        (in_proj): Linear(in_features=256, out_features=1024, bias=False)
        (conv1d): Conv1d(512, 512, kernel_size=(4,), stride=(1,), padding=(3,), groups=512)
        (act): SiLU()
        (x_proj): Linear(in_features=512, out_features=48, bias=False)
        (dt_proj): Linear(in_features=16, out_features=512, bias=True)
        (out_proj): Linear(in_features=512, out_features=256, bias=False)
      )
      (norm): RMSNorm()
      (drop_path): Identity()
    )
    (2-3): 2 x Block(
      (mixer): Mamba(
        (in_proj): Linear(in_features=256, out_features=1024, bias=False)
        (conv1d): Conv1d(512, 512, kernel_size=(4,), stride=(1,), padding=(3,), groups=512)
        (act): SiLU()
        (x_proj): Linear(in_features=512, out_features=48, bias=False)
        (dt_proj): Linear(in_features=16, out_features=512, bias=True)
        (out_proj): Linear(in_features=512, out_features=256, bias=False)
      )
      (norm): RMSNorm()
      (drop_path): DropPath()
    )
  )
  (norm_f): RMSNorm()
  (head): Linear(in_features=256, out_features=6, bias=False)
)
[23:34:56.123462] number of params (M): 1.87
[23:34:56.123529] base lr: 2.00e-03
[23:34:56.123538] actual lr: 1.00e-03
[23:34:56.123547] accumulate grad iterations: 1
[23:34:56.123558] effective batch size: 128
[23:34:56.127798] criterion = CrossEntropyLoss()
[23:34:56.127812] Start training for 120 epochs
[23:34:56.128447] log_dir: /home/nvidia/netmambaplus-reproduction/runs/ciciot-ft-seed1/logs
[23:35:03.057892] Epoch: [0]  [ 0/66]  lr: 0.000000  loss: 1.7922 (1.7922)  eta: 0:07:37  time: 6.9264  data: 0.1855  max mem: 2919
[23:35:15.388092] Epoch: [0]  [20/66]  lr: 0.000015  loss: 1.7851 (1.7830)  eta: 0:00:42  time: 0.6165  data: 0.0003  max mem: 2933
[23:35:28.343443] Epoch: [0]  [40/66]  lr: 0.000030  loss: 1.7327 (1.7588)  eta: 0:00:20  time: 0.6477  data: 0.0004  max mem: 2933
[23:35:41.244124] Epoch: [0]  [60/66]  lr: 0.000045  loss: 1.6881 (1.7351)  eta: 0:00:04  time: 0.6450  data: 0.0002  max mem: 2933
[23:35:43.820709] Epoch: [0]  [65/66]  lr: 0.000049  loss: 1.6856 (1.7343)  eta: 0:00:00  time: 0.6131  data: 0.0003  max mem: 2933
[23:35:43.895677] Epoch: [0] Total time: 0:00:47 (0.7237 s / it)
[23:35:43.896138] Averaged stats: lr: 0.000049  loss: 1.6856 (1.7343)
/home/nvidia/netmambaplus-reproduction/upstream/NetMambaPlus/src/engine_mm.py:220: FutureWarning: `torch.cuda.amp.autocast(args...)` is deprecated. Please use `torch.amp.autocast('cuda', args...)` instead.
  with torch.cuda.amp.autocast():
[23:35:45.807795] Test:  [0/9]  loss: 1.5762 (1.5762)  acc1: 0.2031 (0.2031)  acc3: 1.0000 (1.0000)  eta: 0:00:17  time: 1.9086  data: 0.2254  max mem: 2933
[23:35:46.800697] Test:  [8/9]  loss: 1.6357 (1.6237)  acc1: 0.2031 (0.3038)  acc3: 0.6406 (0.7038)  eta: 0:00:00  time: 0.3223  data: 0.0252  max mem: 2933
[23:35:46.902596] Test: Total time: 0:00:03 (0.3338 s / it)
/home/nvidia/.cache/netmambaplus-reproduction/venv-gb10/lib/python3.12/site-packages/sklearn/metrics/_classification.py:1565: UndefinedMetricWarning: Precision is ill-defined and being set to 0.0 in labels with no predicted samples. Use `zero_division` parameter to control this behavior.
  _warn_prf(average, modifier, f"{metric.capitalize()} is", len(result))
/home/nvidia/.cache/netmambaplus-reproduction/venv-gb10/lib/python3.12/site-packages/sklearn/metrics/_classification.py:1565: UndefinedMetricWarning: Precision is ill-defined and being set to 0.0 in labels with no predicted samples. Use `zero_division` parameter to control this behavior.
  _warn_prf(average, modifier, f"{metric.capitalize()} is", len(result))
[23:35:47.826594] * Acc@1 0.3038 Acc@3 0.7038 loss 1.6237
[23:35:47.826625] * Pre 0.1943 Rec 0.3038 F1 0.2150
[23:35:47.878220] Accuracy of the network on test samples: 0.3038
[23:35:47.878283] F1 of the network on test samples: 0.2150
[23:35:47.878292] Max Accuracy: 0.3038
[23:35:47.878303] Max F1: 0.2150
[23:35:47.881010] log_dir: /home/nvidia/netmambaplus-reproduction/runs/ciciot-ft-seed1/logs
[23:35:48.761173] Epoch: [1]  [ 0/66]  lr: 0.000050  loss: 1.6337 (1.6337)  eta: 0:00:57  time: 0.8774  data: 0.2294  max mem: 2933
[23:36:01.325803] Epoch: [1]  [20/66]  lr: 0.000065  loss: 1.6441 (1.6443)  eta: 0:00:29  time: 0.6282  data: 0.0002  max mem: 2933
[23:36:14.274181] Epoch: [1]  [40/66]  lr: 0.000080  loss: 1.5795 (1.6064)  eta: 0:00:16  time: 0.6474  data: 0.0002  max mem: 2933
[23:36:27.171308] Epoch: [1]  [60/66]  lr: 0.000095  loss: 1.4481 (1.5534)  eta: 0:00:03  time: 0.6448  data: 0.0003  max mem: 2933
[23:36:29.578932] Epoch: [1]  [65/66]  lr: 0.000099  loss: 1.4172 (1.5423)  eta: 0:00:00  time: 0.6041  data: 0.0003  max mem: 2933
[23:36:29.686834] Epoch: [1] Total time: 0:00:41 (0.6334 s / it)
[23:36:29.686926] Averaged stats: lr: 0.000099  loss: 1.4172 (1.5423)
/home/nvidia/netmambaplus-reproduction/upstream/NetMambaPlus/src/engine_mm.py:220: FutureWarning: `torch.cuda.amp.autocast(args...)` is deprecated. Please use `torch.amp.autocast('cuda', args...)` instead.
  with torch.cuda.amp.autocast():
[23:36:30.021459] Test:  [0/9]  loss: 0.8521 (0.8521)  acc1: 0.8203 (0.8203)  acc3: 0.8672 (0.8672)  eta: 0:00:02  time: 0.3289  data: 0.2273  max mem: 2933
[23:36:31.048413] Test:  [8/9]  loss: 1.2148 (1.1278)  acc1: 0.5625 (0.5971)  acc3: 0.8984 (0.8827)  eta: 0:00:00  time: 0.1506  data: 0.0255  max mem: 2933
[23:36:31.155310] Test: Total time: 0:00:01 (0.1630 s / it)
/home/nvidia/.cache/netmambaplus-reproduction/venv-gb10/lib/python3.12/site-packages/sklearn/metrics/_classification.py:1565: UndefinedMetricWarning: Precision is ill-defined and being set to 0.0 in labels with no predicted samples. Use `zero_division` parameter to control this behavior.
  _warn_prf(average, modifier, f"{metric.capitalize()} is", len(result))
/home/nvidia/.cache/netmambaplus-reproduction/venv-gb10/lib/python3.12/site-packages/sklearn/metrics/_classification.py:1565: UndefinedMetricWarning: Precision is ill-defined and being set to 0.0 in labels with no predicted samples. Use `zero_division` parameter to control this behavior.
  _warn_prf(average, modifier, f"{metric.capitalize()} is", len(result))
[23:36:31.225642] * Acc@1 0.5971 Acc@3 0.8827 loss 1.1278
[23:36:31.225672] * Pre 0.5838 Rec 0.5971 F1 0.5834
[23:36:31.293979] Accuracy of the network on test samples: 0.5971
[23:36:31.294039] F1 of the network on test samples: 0.5834
[23:36:31.294045] Max Accuracy: 0.5971
[23:36:31.294050] Max F1: 0.5834
[23:36:31.297579] log_dir: /home/nvidia/netmambaplus-reproduction/runs/ciciot-ft-seed1/logs
[23:36:32.158629] Epoch: [2]  [ 0/66]  lr: 0.000100  loss: 1.3442 (1.3442)  eta: 0:00:56  time: 0.8589  data: 0.2193  max mem: 2933
[23:36:44.591612] Epoch: [2]  [20/66]  lr: 0.000115  loss: 1.2705 (1.2816)  eta: 0:00:29  time: 0.6216  data: 0.0003  max mem: 2933
[23:36:57.447377] Epoch: [2]  [40/66]  lr: 0.000130  loss: 1.2048 (1.2428)  eta: 0:00:16  time: 0.6427  data: 0.0003  max mem: 2933
[23:37:10.283212] Epoch: [2]  [60/66]  lr: 0.000145  loss: 1.1664 (1.2174)  eta: 0:00:03  time: 0.6417  data: 0.0002  max mem: 2933
[23:37:12.430532] Epoch: [2]  [65/66]  lr: 0.000149  loss: 1.1664 (1.2146)  eta: 0:00:00  time: 0.5879  data: 0.0002  max mem: 2933
[23:37:12.526371] Epoch: [2] Total time: 0:00:41 (0.6247 s / it)
[23:37:12.526603] Averaged stats: lr: 0.000149  loss: 1.1664 (1.2146)
/home/nvidia/netmambaplus-reproduction/upstream/NetMambaPlus/src/engine_mm.py:220: FutureWarning: `torch.cuda.amp.autocast(args...)` is deprecated. Please use `torch.amp.autocast('cuda', args...)` instead.
  with torch.cuda.amp.autocast():
[23:37:12.885806] Test:  [0/9]  loss: 0.6338 (0.6338)  acc1: 0.8672 (0.8672)  acc3: 0.8750 (0.8750)  eta: 0:00:03  time: 0.3562  data: 0.2138  max mem: 2933
[23:37:13.905049] Test:  [8/9]  loss: 0.9092 (0.9685)  acc1: 0.6250 (0.6279)  acc3: 0.9531 (0.9202)  eta: 0:00:00  time: 0.1527  data: 0.0239  max mem: 2933
[23:37:14.008353] Test: Total time: 0:00:01 (0.1644 s / it)
[23:37:14.073603] * Acc@1 0.6279 Acc@3 0.9202 loss 0.9685
[23:37:14.073714] * Pre 0.6691 Rec 0.6279 F1 0.6259
[23:37:14.129037] Accuracy of the network on test samples: 0.6279
[23:37:14.129365] F1 of the network on test samples: 0.6259
[23:37:14.129381] Max Accuracy: 0.6279
[23:37:14.129463] Max F1: 0.6259
[23:37:14.131015] log_dir: /home/nvidia/netmambaplus-reproduction/runs/ciciot-ft-seed1/logs
[23:37:15.005457] Epoch: [3]  [ 0/66]  lr: 0.000150  loss: 1.1958 (1.1958)  eta: 0:00:57  time: 0.8722  data: 0.2401  max mem: 2933
[23:37:27.219679] Epoch: [3]  [20/66]  lr: 0.000165  loss: 1.1242 (1.1305)  eta: 0:00:28  time: 0.6107  data: 0.0002  max mem: 2933
[23:37:39.908244] Epoch: [3]  [40/66]  lr: 0.000180  loss: 1.0925 (1.1174)  eta: 0:00:16  time: 0.6343  data: 0.0003  max mem: 2933
[23:37:52.523153] Epoch: [3]  [60/66]  lr: 0.000195  loss: 1.0907 (1.1076)  eta: 0:00:03  time: 0.6307  data: 0.0002  max mem: 2933
[23:37:54.875854] Epoch: [3]  [65/66]  lr: 0.000199  loss: 1.0647 (1.1007)  eta: 0:00:00  time: 0.5877  data: 0.0002  max mem: 2933
[23:37:54.987588] Epoch: [3] Total time: 0:00:40 (0.6190 s / it)
[23:37:54.987748] Averaged stats: lr: 0.000199  loss: 1.0647 (1.1007)
/home/nvidia/netmambaplus-reproduction/upstream/NetMambaPlus/src/engine_mm.py:220: FutureWarning: `torch.cuda.amp.autocast(args...)` is deprecated. Please use `torch.amp.autocast('cuda', args...)` instead.
  with torch.cuda.amp.autocast():
[23:37:55.376952] Test:  [0/9]  loss: 0.4807 (0.4807)  acc1: 0.8750 (0.8750)  acc3: 0.9766 (0.9766)  eta: 0:00:03  time: 0.3847  data: 0.2391  max mem: 2933
[23:37:56.365872] Test:  [8/9]  loss: 0.8618 (0.8351)  acc1: 0.5391 (0.6760)  acc3: 0.9766 (0.9548)  eta: 0:00:00  time: 0.1525  data: 0.0267  max mem: 2933
[23:37:56.469846] Test: Total time: 0:00:01 (0.1644 s / it)
[23:37:56.538743] * Acc@1 0.6760 Acc@3 0.9548 loss 0.8351
[23:37:56.538786] * Pre 0.6975 Rec 0.6760 F1 0.6641
[23:37:56.600182] Accuracy of the network on test samples: 0.6760
[23:37:56.600275] F1 of the network on test samples: 0.6641
[23:37:56.600286] Max Accuracy: 0.6760
[23:37:56.600296] Max F1: 0.6641
[23:37:56.603098] log_dir: /home/nvidia/netmambaplus-reproduction/runs/ciciot-ft-seed1/logs
[23:37:57.419118] Epoch: [4]  [ 0/66]  lr: 0.000200  loss: 0.9429 (0.9429)  eta: 0:00:53  time: 0.8138  data: 0.2577  max mem: 2933
[23:38:09.764382] Epoch: [4]  [20/66]  lr: 0.000215  loss: 1.0595 (1.0635)  eta: 0:00:28  time: 0.6172  data: 0.0002  max mem: 2933
[23:38:22.499812] Epoch: [4]  [40/66]  lr: 0.000230  loss: 1.0493 (1.0540)  eta: 0:00:16  time: 0.6367  data: 0.0002  max mem: 2933
[23:38:35.133896] Epoch: [4]  [60/66]  lr: 0.000245  loss: 1.0109 (1.0412)  eta: 0:00:03  time: 0.6317  data: 0.0003  max mem: 2933
[23:38:37.492144] Epoch: [4]  [65/66]  lr: 0.000249  loss: 1.0181 (1.0517)  eta: 0:00:00  time: 0.5914  data: 0.0002  max mem: 2933
[23:38:37.599336] Epoch: [4] Total time: 0:00:40 (0.6212 s / it)
[23:38:37.599585] Averaged stats: lr: 0.000249  loss: 1.0181 (1.0517)
/home/nvidia/netmambaplus-reproduction/upstream/NetMambaPlus/src/engine_mm.py:220: FutureWarning: `torch.cuda.amp.autocast(args...)` is deprecated. Please use `torch.amp.autocast('cuda', args...)` instead.
  with torch.cuda.amp.autocast():
[23:38:37.961193] Test:  [0/9]  loss: 0.4397 (0.4397)  acc1: 0.8828 (0.8828)  acc3: 0.9844 (0.9844)  eta: 0:00:03  time: 0.3573  data: 0.2186  max mem: 2933
[23:38:38.951853] Test:  [8/9]  loss: 0.7734 (0.7600)  acc1: 0.6250 (0.7115)  acc3: 0.9844 (0.9683)  eta: 0:00:00  time: 0.1497  data: 0.0244  max mem: 2933
[23:38:39.064939] Test: Total time: 0:00:01 (0.1625 s / it)
[23:38:39.131119] * Acc@1 0.7115 Acc@3 0.9683 loss 0.7600
[23:38:39.131207] * Pre 0.7386 Rec 0.7115 F1 0.7098
[23:38:39.191980] Accuracy of the network on test samples: 0.7115
[23:38:39.192348] F1 of the network on test samples: 0.7098
[23:38:39.192354] Max Accuracy: 0.7115
[23:38:39.192360] Max F1: 0.7098
[23:38:39.194631] log_dir: /home/nvidia/netmambaplus-reproduction/runs/ciciot-ft-seed1/logs
[23:38:39.872496] Epoch: [5]  [ 0/66]  lr: 0.000250  loss: 0.9722 (0.9722)  eta: 0:00:44  time: 0.6746  data: 0.2278  max mem: 2933
[23:38:52.428304] Epoch: [5]  [20/66]  lr: 0.000265  loss: 0.9999 (0.9973)  eta: 0:00:28  time: 0.6277  data: 0.0003  max mem: 2933
[23:39:05.767257] Epoch: [5]  [40/66]  lr: 0.000280  loss: 0.9928 (0.9952)  eta: 0:00:16  time: 0.6669  data: 0.0004  max mem: 2933
[23:39:18.065098] Epoch: [5]  [60/66]  lr: 0.000295  loss: 0.9612 (0.9846)  eta: 0:00:03  time: 0.6148  data: 0.0002  max mem: 2933
[23:39:20.595544] Epoch: [5]  [65/66]  lr: 0.000299  loss: 0.9612 (0.9793)  eta: 0:00:00  time: 0.5826  data: 0.0002  max mem: 2933
[23:39:20.697061] Epoch: [5] Total time: 0:00:41 (0.6288 s / it)
[23:39:20.697492] Averaged stats: lr: 0.000299  loss: 0.9612 (0.9793)
/home/nvidia/netmambaplus-reproduction/upstream/NetMambaPlus/src/engine_mm.py:220: FutureWarning: `torch.cuda.amp.autocast(args...)` is deprecated. Please use `torch.amp.autocast('cuda', args...)` instead.
  with torch.cuda.amp.autocast():
[23:39:21.083454] Test:  [0/9]  loss: 0.5371 (0.5371)  acc1: 0.8828 (0.8828)  acc3: 0.9219 (0.9219)  eta: 0:00:03  time: 0.3831  data: 0.2436  max mem: 2933
[23:39:22.079926] Test:  [8/9]  loss: 0.7598 (0.7198)  acc1: 0.7422 (0.7298)  acc3: 0.9844 (0.9712)  eta: 0:00:00  time: 0.1532  data: 0.0272  max mem: 2933
[23:39:22.186452] Test: Total time: 0:00:01 (0.1652 s / it)
[23:39:22.252066] * Acc@1 0.7298 Acc@3 0.9712 loss 0.7198
[23:39:22.252202] * Pre 0.7542 Rec 0.7298 F1 0.7240
[23:39:22.308079] Accuracy of the network on test samples: 0.7298
[23:39:22.308922] F1 of the network on test samples: 0.7240
[23:39:22.308941] Max Accuracy: 0.7298
[23:39:22.308955] Max F1: 0.7240
[23:39:22.311571] log_dir: /home/nvidia/netmambaplus-reproduction/runs/ciciot-ft-seed1/logs
[23:39:23.051776] Epoch: [6]  [ 0/66]  lr: 0.000300  loss: 0.9180 (0.9180)  eta: 0:00:48  time: 0.7385  data: 0.2377  max mem: 2933
[23:39:35.441633] Epoch: [6]  [20/66]  lr: 0.000315  loss: 0.9430 (0.9479)  eta: 0:00:28  time: 0.6194  data: 0.0003  max mem: 2933
[23:39:48.057898] Epoch: [6]  [40/66]  lr: 0.000330  loss: 0.8873 (0.9258)  eta: 0:00:16  time: 0.6308  data: 0.0002  max mem: 2933
[23:40:00.337760] Epoch: [6]  [60/66]  lr: 0.000345  loss: 0.9391 (0.9315)  eta: 0:00:03  time: 0.6140  data: 0.0002  max mem: 2933
[23:40:02.964376] Epoch: [6]  [65/66]  lr: 0.000349  loss: 0.9391 (0.9258)  eta: 0:00:00  time: 0.5867  data: 0.0002  max mem: 2933
[23:40:03.076185] Epoch: [6] Total time: 0:00:40 (0.6176 s / it)
[23:40:03.076413] Averaged stats: lr: 0.000349  loss: 0.9391 (0.9258)
/home/nvidia/netmambaplus-reproduction/upstream/NetMambaPlus/src/engine_mm.py:220: FutureWarning: `torch.cuda.amp.autocast(args...)` is deprecated. Please use `torch.amp.autocast('cuda', args...)` instead.
  with torch.cuda.amp.autocast():
[23:40:03.489786] Test:  [0/9]  loss: 0.3982 (0.3982)  acc1: 0.8984 (0.8984)  acc3: 0.9922 (0.9922)  eta: 0:00:03  time: 0.4085  data: 0.2651  max mem: 2933
[23:40:04.501533] Test:  [8/9]  loss: 0.7666 (0.6739)  acc1: 0.6562 (0.7635)  acc3: 0.9922 (0.9788)  eta: 0:00:00  time: 0.1577  data: 0.0297  max mem: 2933
[23:40:04.594419] Test: Total time: 0:00:01 (0.1685 s / it)
[23:40:04.662420] * Acc@1 0.7635 Acc@3 0.9788 loss 0.6739
[23:40:04.662546] * Pre 0.7943 Rec 0.7635 F1 0.7616
[23:40:04.738062] Accuracy of the network on test samples: 0.7635
[23:40:04.738164] F1 of the network on test samples: 0.7616
[23:40:04.738174] Max Accuracy: 0.7635
[23:40:04.738186] Max F1: 0.7616
[23:40:04.742188] log_dir: /home/nvidia/netmambaplus-reproduction/runs/ciciot-ft-seed1/logs
[23:40:05.594459] Epoch: [7]  [ 0/66]  lr: 0.000350  loss: 0.9818 (0.9818)  eta: 0:00:56  time: 0.8505  data: 0.2592  max mem: 2933
[23:40:18.192304] Epoch: [7]  [20/66]  lr: 0.000365  loss: 0.9232 (0.9360)  eta: 0:00:29  time: 0.6298  data: 0.0002  max mem: 2933
[23:40:31.115821] Epoch: [7]  [40/66]  lr: 0.000380  loss: 0.8749 (0.9128)  eta: 0:00:16  time: 0.6461  data: 0.0003  max mem: 2933
[23:40:43.564878] Epoch: [7]  [60/66]  lr: 0.000395  loss: 0.8528 (0.8961)  eta: 0:00:03  time: 0.6224  data: 0.0002  max mem: 2933
[23:40:46.210697] Epoch: [7]  [65/66]  lr: 0.000399  loss: 0.8534 (0.8867)  eta: 0:00:00  time: 0.5938  data: 0.0002  max mem: 2933
[23:40:46.319859] Epoch: [7] Total time: 0:00:41 (0.6300 s / it)
[23:40:46.319947] Averaged stats: lr: 0.000399  loss: 0.8534 (0.8867)
/home/nvidia/netmambaplus-reproduction/upstream/NetMambaPlus/src/engine_mm.py:220: FutureWarning: `torch.cuda.amp.autocast(args...)` is deprecated. Please use `torch.amp.autocast('cuda', args...)` instead.
  with torch.cuda.amp.autocast():
[23:40:46.682198] Test:  [0/9]  loss: 0.4287 (0.4287)  acc1: 0.8906 (0.8906)  acc3: 0.9922 (0.9922)  eta: 0:00:03  time: 0.3576  data: 0.2166  max mem: 2933
[23:40:47.661089] Test:  [8/9]  loss: 0.7266 (0.6209)  acc1: 0.6875 (0.7817)  acc3: 0.9922 (0.9788)  eta: 0:00:00  time: 0.1484  data: 0.0242  max mem: 2933
[23:40:47.770813] Test: Total time: 0:00:01 (0.1610 s / it)
[23:40:47.840688] * Acc@1 0.7817 Acc@3 0.9788 loss 0.6209
[23:40:47.840814] * Pre 0.8125 Rec 0.7817 F1 0.7822
[23:40:47.908964] Accuracy of the network on test samples: 0.7817
[23:40:47.909338] F1 of the network on test samples: 0.7822
[23:40:47.909347] Max Accuracy: 0.7817
[23:40:47.909354] Max F1: 0.7822
[23:40:47.911303] log_dir: /home/nvidia/netmambaplus-reproduction/runs/ciciot-ft-seed1/logs
[23:40:48.772196] Epoch: [8]  [ 0/66]  lr: 0.000400  loss: 0.8111 (0.8111)  eta: 0:00:56  time: 0.8595  data: 0.2208  max mem: 2933
[23:41:01.485144] Epoch: [8]  [20/66]  lr: 0.000415  loss: 0.8577 (0.8753)  eta: 0:00:29  time: 0.6356  data: 0.0003  max mem: 2933
[23:41:14.399507] Epoch: [8]  [40/66]  lr: 0.000430  loss: 0.8722 (0.8735)  eta: 0:00:16  time: 0.6457  data: 0.0003  max mem: 2933
[23:41:26.963981] Epoch: [8]  [60/66]  lr: 0.000445  loss: 0.8416 (0.8673)  eta: 0:00:03  time: 0.6281  data: 0.0003  max mem: 2933
[23:41:29.581428] Epoch: [8]  [65/66]  lr: 0.000449  loss: 0.8292 (0.8673)  eta: 0:00:00  time: 0.5987  data: 0.0003  max mem: 2933
[23:41:29.688832] Epoch: [8] Total time: 0:00:41 (0.6330 s / it)
[23:41:29.688929] Averaged stats: lr: 0.000449  loss: 0.8292 (0.8673)
/home/nvidia/netmambaplus-reproduction/upstream/NetMambaPlus/src/engine_mm.py:220: FutureWarning: `torch.cuda.amp.autocast(args...)` is deprecated. Please use `torch.amp.autocast('cuda', args...)` instead.
  with torch.cuda.amp.autocast():
[23:41:30.093337] Test:  [0/9]  loss: 0.3096 (0.3096)  acc1: 0.8984 (0.8984)  acc3: 0.9922 (0.9922)  eta: 0:00:03  time: 0.4007  data: 0.2462  max mem: 2933
[23:41:30.993176] Test:  [8/9]  loss: 0.6602 (0.5939)  acc1: 0.6875 (0.7933)  acc3: 0.9922 (0.9837)  eta: 0:00:00  time: 0.1444  data: 0.0275  max mem: 2933
[23:41:31.086402] Test: Total time: 0:00:01 (0.1550 s / it)
[23:41:31.159664] * Acc@1 0.7933 Acc@3 0.9837 loss 0.5939
[23:41:31.159718] * Pre 0.8269 Rec 0.7933 F1 0.7944
[23:41:31.215247] Accuracy of the network on test samples: 0.7933
[23:41:31.215920] F1 of the network on test samples: 0.7944
[23:41:31.215941] Max Accuracy: 0.7933
[23:41:31.215957] Max F1: 0.7944
[23:41:31.219263] log_dir: /home/nvidia/netmambaplus-reproduction/runs/ciciot-ft-seed1/logs
[23:41:32.043236] Epoch: [9]  [ 0/66]  lr: 0.000450  loss: 0.7926 (0.7926)  eta: 0:00:54  time: 0.8222  data: 0.2075  max mem: 2933
[23:41:44.701693] Epoch: [9]  [20/66]  lr: 0.000465  loss: 0.8452 (0.8498)  eta: 0:00:29  time: 0.6328  data: 0.0003  max mem: 2933
[23:41:57.562983] Epoch: [9]  [40/66]  lr: 0.000480  loss: 0.8431 (0.8447)  eta: 0:00:16  time: 0.6430  data: 0.0002  max mem: 2933
[23:42:09.907954] Epoch: [9]  [60/66]  lr: 0.000495  loss: 0.8268 (0.8452)  eta: 0:00:03  time: 0.6172  data: 0.0002  max mem: 2933
[23:42:12.465785] Epoch: [9]  [65/66]  lr: 0.000499  loss: 0.8149 (0.8354)  eta: 0:00:00  time: 0.5837  data: 0.0002  max mem: 2933
[23:42:12.570631] Epoch: [9] Total time: 0:00:41 (0.6265 s / it)
[23:42:12.570792] Averaged stats: lr: 0.000499  loss: 0.8149 (0.8354)
/home/nvidia/netmambaplus-reproduction/upstream/NetMambaPlus/src/engine_mm.py:220: FutureWarning: `torch.cuda.amp.autocast(args...)` is deprecated. Please use `torch.amp.autocast('cuda', args...)` instead.
  with torch.cuda.amp.autocast():
[23:42:12.946141] Test:  [0/9]  loss: 0.4512 (0.4512)  acc1: 0.8906 (0.8906)  acc3: 0.9922 (0.9922)  eta: 0:00:03  time: 0.3699  data: 0.2232  max mem: 2933
[23:42:13.812341] Test:  [8/9]  loss: 0.6128 (0.5496)  acc1: 0.7656 (0.8221)  acc3: 0.9922 (0.9865)  eta: 0:00:00  time: 0.1373  data: 0.0249  max mem: 2933
[23:42:13.916628] Test: Total time: 0:00:01 (0.1492 s / it)
[23:42:13.982951] * Acc@1 0.8221 Acc@3 0.9865 loss 0.5496
[23:42:13.983045] * Pre 0.8417 Rec 0.8221 F1 0.8237
[23:42:14.031241] Accuracy of the network on test samples: 0.8221
[23:42:14.031280] F1 of the network on test samples: 0.8237
[23:42:14.031289] Max Accuracy: 0.8221
[23:42:14.031298] Max F1: 0.8237
[23:42:14.032997] log_dir: /home/nvidia/netmambaplus-reproduction/runs/ciciot-ft-seed1/logs
[23:42:14.803445] Epoch: [10]  [ 0/66]  lr: 0.000500  loss: 0.8989 (0.8989)  eta: 0:00:50  time: 0.7686  data: 0.1441  max mem: 2933
[23:42:27.287508] Epoch: [10]  [20/66]  lr: 0.000515  loss: 0.8041 (0.8159)  eta: 0:00:29  time: 0.6241  data: 0.0003  max mem: 2933
[23:42:39.977043] Epoch: [10]  [40/66]  lr: 0.000530  loss: 0.8004 (0.8187)  eta: 0:00:16  time: 0.6344  data: 0.0002  max mem: 2933
[23:42:52.283772] Epoch: [10]  [60/66]  lr: 0.000545  loss: 0.7896 (0.8154)  eta: 0:00:03  time: 0.6153  data: 0.0003  max mem: 2933
[23:42:54.833560] Epoch: [10]  [65/66]  lr: 0.000549  loss: 0.7998 (0.8212)  eta: 0:00:00  time: 0.5843  data: 0.0003  max mem: 2933
[23:42:54.947322] Epoch: [10] Total time: 0:00:40 (0.6199 s / it)
[23:42:54.947427] Averaged stats: lr: 0.000549  loss: 0.7998 (0.8212)
/home/nvidia/netmambaplus-reproduction/upstream/NetMambaPlus/src/engine_mm.py:220: FutureWarning: `torch.cuda.amp.autocast(args...)` is deprecated. Please use `torch.amp.autocast('cuda', args...)` instead.
  with torch.cuda.amp.autocast():
[23:42:55.306220] Test:  [0/9]  loss: 0.3984 (0.3984)  acc1: 0.8750 (0.8750)  acc3: 0.9844 (0.9844)  eta: 0:00:03  time: 0.3550  data: 0.2138  max mem: 2933
[23:42:56.123652] Test:  [8/9]  loss: 0.3984 (0.6128)  acc1: 0.8750 (0.7481)  acc3: 0.9844 (0.9827)  eta: 0:00:00  time: 0.1302  data: 0.0239  max mem: 2933
[23:42:56.209709] Test: Total time: 0:00:01 (0.1401 s / it)
[23:42:56.272351] * Acc@1 0.7481 Acc@3 0.9827 loss 0.6128
[23:42:56.272402] * Pre 0.8164 Rec 0.7481 F1 0.7401
[23:42:56.273180] Accuracy of the network on test samples: 0.7481
[23:42:56.273192] F1 of the network on test samples: 0.7401
[23:42:56.273393] Max Accuracy: 0.8221
[23:42:56.273403] Max F1: 0.8237
[23:42:56.276013] log_dir: /home/nvidia/netmambaplus-reproduction/runs/ciciot-ft-seed1/logs
[23:42:57.079291] Epoch: [11]  [ 0/66]  lr: 0.000550  loss: 1.0103 (1.0103)  eta: 0:00:52  time: 0.8017  data: 0.1884  max mem: 2933
[23:43:09.611086] Epoch: [11]  [20/66]  lr: 0.000565  loss: 0.8868 (0.8963)  eta: 0:00:29  time: 0.6266  data: 0.0002  max mem: 2933
[23:43:22.282460] Epoch: [11]  [40/66]  lr: 0.000580  loss: 0.8144 (0.8666)  eta: 0:00:16  time: 0.6335  data: 0.0003  max mem: 2933
[23:43:34.565905] Epoch: [11]  [60/66]  lr: 0.000595  loss: 0.7892 (0.8510)  eta: 0:00:03  time: 0.6141  data: 0.0002  max mem: 2933
[23:43:37.082102] Epoch: [11]  [65/66]  lr: 0.000599  loss: 0.8012 (0.8459)  eta: 0:00:00  time: 0.5805  data: 0.0002  max mem: 2933
[23:43:37.182554] Epoch: [11] Total time: 0:00:40 (0.6198 s / it)
[23:43:37.182605] Averaged stats: lr: 0.000599  loss: 0.8012 (0.8459)
/home/nvidia/netmambaplus-reproduction/upstream/NetMambaPlus/src/engine_mm.py:220: FutureWarning: `torch.cuda.amp.autocast(args...)` is deprecated. Please use `torch.amp.autocast('cuda', args...)` instead.
  with torch.cuda.amp.autocast():
[23:43:37.526384] Test:  [0/9]  loss: 0.3757 (0.3757)  acc1: 0.8906 (0.8906)  acc3: 0.9844 (0.9844)  eta: 0:00:03  time: 0.3399  data: 0.2023  max mem: 2933
[23:43:38.325019] Test:  [8/9]  loss: 0.5557 (0.5552)  acc1: 0.7734 (0.8154)  acc3: 0.9922 (0.9846)  eta: 0:00:00  time: 0.1264  data: 0.0226  max mem: 2933
[23:43:38.404475] Test: Total time: 0:00:01 (0.1355 s / it)
[23:43:38.465476] * Acc@1 0.8154 Acc@3 0.9846 loss 0.5552
[23:43:38.465513] * Pre 0.8215 Rec 0.8154 F1 0.8159
[23:43:38.466318] Accuracy of the network on test samples: 0.8154
[23:43:38.466328] F1 of the network on test samples: 0.8159
[23:43:38.466333] Max Accuracy: 0.8221
[23:43:38.466339] Max F1: 0.8237
[23:43:38.468624] log_dir: /home/nvidia/netmambaplus-reproduction/runs/ciciot-ft-seed1/logs
[23:43:39.246305] Epoch: [12]  [ 0/66]  lr: 0.000600  loss: 0.6668 (0.6668)  eta: 0:00:51  time: 0.7745  data: 0.1639  max mem: 2933
[23:43:51.599448] Epoch: [12]  [20/66]  lr: 0.000615  loss: 0.8034 (0.8139)  eta: 0:00:28  time: 0.6176  data: 0.0002  max mem: 2933
[23:44:04.190449] Epoch: [12]  [40/66]  lr: 0.000630  loss: 0.7899 (0.8104)  eta: 0:00:16  time: 0.6295  data: 0.0002  max mem: 2933
[23:44:16.499031] Epoch: [12]  [60/66]  lr: 0.000645  loss: 0.7879 (0.8062)  eta: 0:00:03  time: 0.6154  data: 0.0002  max mem: 2933
[23:44:19.040365] Epoch: [12]  [65/66]  lr: 0.000649  loss: 0.7792 (0.8154)  eta: 0:00:00  time: 0.5833  data: 0.0002  max mem: 2933
[23:44:19.156097] Epoch: [12] Total time: 0:00:40 (0.6165 s / it)
[23:44:19.156366] Averaged stats: lr: 0.000649  loss: 0.7792 (0.8154)
/home/nvidia/netmambaplus-reproduction/upstream/NetMambaPlus/src/engine_mm.py:220: FutureWarning: `torch.cuda.amp.autocast(args...)` is deprecated. Please use `torch.amp.autocast('cuda', args...)` instead.
  with torch.cuda.amp.autocast():
[23:44:19.505778] Test:  [0/9]  loss: 0.7974 (0.7974)  acc1: 0.8828 (0.8828)  acc3: 0.9922 (0.9922)  eta: 0:00:03  time: 0.3453  data: 0.2042  max mem: 2933
[23:44:20.324284] Test:  [8/9]  loss: 0.7173 (0.6300)  acc1: 0.7891 (0.8154)  acc3: 0.9922 (0.9846)  eta: 0:00:00  time: 0.1293  data: 0.0228  max mem: 2933
[23:44:20.406076] Test: Total time: 0:00:01 (0.1386 s / it)
[23:44:20.466755] * Acc@1 0.8154 Acc@3 0.9846 loss 0.6300
[23:44:20.466866] * Pre 0.8281 Rec 0.8154 F1 0.8166
[23:44:20.468068] Accuracy of the network on test samples: 0.8154
[23:44:20.468078] F1 of the network on test samples: 0.8166
[23:44:20.468083] Max Accuracy: 0.8221
[23:44:20.468088] Max F1: 0.8237
[23:44:20.470534] log_dir: /home/nvidia/netmambaplus-reproduction/runs/ciciot-ft-seed1/logs
[23:44:21.285377] Epoch: [13]  [ 0/66]  lr: 0.000650  loss: 0.8376 (0.8376)  eta: 0:00:53  time: 0.8130  data: 0.2118  max mem: 2933
[23:44:33.673844] Epoch: [13]  [20/66]  lr: 0.000665  loss: 0.8515 (0.8726)  eta: 0:00:28  time: 0.6194  data: 0.0003  max mem: 2933
[23:44:46.296937] Epoch: [13]  [40/66]  lr: 0.000680  loss: 0.8418 (0.8580)  eta: 0:00:16  time: 0.6311  data: 0.0002  max mem: 2933
[23:44:58.564419] Epoch: [13]  [60/66]  lr: 0.000695  loss: 0.7846 (0.8346)  eta: 0:00:03  time: 0.6133  data: 0.0002  max mem: 2933
[23:45:01.147549] Epoch: [13]  [65/66]  lr: 0.000699  loss: 0.7846 (0.8309)  eta: 0:00:00  time: 0.5920  data: 0.0002  max mem: 2933
[23:45:01.259494] Epoch: [13] Total time: 0:00:40 (0.6180 s / it)
[23:45:01.259867] Averaged stats: lr: 0.000699  loss: 0.7846 (0.8309)
/home/nvidia/netmambaplus-reproduction/upstream/NetMambaPlus/src/engine_mm.py:220: FutureWarning: `torch.cuda.amp.autocast(args...)` is deprecated. Please use `torch.amp.autocast('cuda', args...)` instead.
  with torch.cuda.amp.autocast():
[23:45:01.653485] Test:  [0/9]  loss: 0.3760 (0.3760)  acc1: 0.8828 (0.8828)  acc3: 0.9922 (0.9922)  eta: 0:00:03  time: 0.3865  data: 0.2437  max mem: 2933
[23:45:02.492124] Test:  [8/9]  loss: 0.5215 (0.5250)  acc1: 0.8828 (0.8077)  acc3: 0.9922 (0.9865)  eta: 0:00:00  time: 0.1360  data: 0.0272  max mem: 2933
[23:45:02.587280] Test: Total time: 0:00:01 (0.1471 s / it)
[23:45:02.651966] * Acc@1 0.8077 Acc@3 0.9865 loss 0.5250
[23:45:02.652067] * Pre 0.8321 Rec 0.8077 F1 0.8021
[23:45:02.654140] Accuracy of the network on test samples: 0.8077
[23:45:02.654158] F1 of the network on test samples: 0.8021
[23:45:02.654167] Max Accuracy: 0.8221
[23:45:02.654176] Max F1: 0.8237
[23:45:02.655745] log_dir: /home/nvidia/netmambaplus-reproduction/runs/ciciot-ft-seed1/logs
[23:45:03.440917] Epoch: [14]  [ 0/66]  lr: 0.000700  loss: 0.7559 (0.7559)  eta: 0:00:51  time: 0.7832  data: 0.1911  max mem: 2933
[23:45:16.093635] Epoch: [14]  [20/66]  lr: 0.000715  loss: 0.8185 (0.8036)  eta: 0:00:29  time: 0.6326  data: 0.0003  max mem: 2933
[23:45:29.016138] Epoch: [14]  [40/66]  lr: 0.000730  loss: 0.7788 (0.7996)  eta: 0:00:16  time: 0.6461  data: 0.0003  max mem: 2933
[23:45:41.550414] Epoch: [14]  [60/66]  lr: 0.000745  loss: 0.8017 (0.7991)  eta: 0:00:03  time: 0.6267  data: 0.0003  max mem: 2933
[23:45:44.136644] Epoch: [14]  [65/66]  lr: 0.000749  loss: 0.7535 (0.8013)  eta: 0:00:00  time: 0.6047  data: 0.0003  max mem: 2933
[23:45:44.252778] Epoch: [14] Total time: 0:00:41 (0.6303 s / it)
[23:45:44.252999] Averaged stats: lr: 0.000749  loss: 0.7535 (0.8013)
/home/nvidia/netmambaplus-reproduction/upstream/NetMambaPlus/src/engine_mm.py:220: FutureWarning: `torch.cuda.amp.autocast(args...)` is deprecated. Please use `torch.amp.autocast('cuda', args...)` instead.
  with torch.cuda.amp.autocast():
[23:45:44.628087] Test:  [0/9]  loss: 0.4028 (0.4028)  acc1: 0.8984 (0.8984)  acc3: 0.9922 (0.9922)  eta: 0:00:03  time: 0.3710  data: 0.2318  max mem: 2933
[23:45:45.418782] Test:  [8/9]  loss: 0.6406 (0.5942)  acc1: 0.7422 (0.8087)  acc3: 0.9922 (0.9875)  eta: 0:00:00  time: 0.1290  data: 0.0259  max mem: 2933
[23:45:45.519969] Test: Total time: 0:00:01 (0.1405 s / it)
[23:45:45.585400] * Acc@1 0.8087 Acc@3 0.9875 loss 0.5942
[23:45:45.585445] * Pre 0.8472 Rec 0.8087 F1 0.8109
[23:45:45.586376] Accuracy of the network on test samples: 0.8087
[23:45:45.586389] F1 of the network on test samples: 0.8109
[23:45:45.586394] Max Accuracy: 0.8221
[23:45:45.586966] Max F1: 0.8237
[23:45:45.588922] log_dir: /home/nvidia/netmambaplus-reproduction/runs/ciciot-ft-seed1/logs
[23:45:46.341031] Epoch: [15]  [ 0/66]  lr: 0.000750  loss: 0.8031 (0.8031)  eta: 0:00:49  time: 0.7493  data: 0.1751  max mem: 2933
[23:45:59.107775] Epoch: [15]  [20/66]  lr: 0.000765  loss: 0.8666 (0.8607)  eta: 0:00:29  time: 0.6383  data: 0.0003  max mem: 2933
[23:46:12.012252] Epoch: [15]  [40/66]  lr: 0.000780  loss: 0.8390 (0.8513)  eta: 0:00:16  time: 0.6452  data: 0.0002  max mem: 2933
[23:46:24.593438] Epoch: [15]  [60/66]  lr: 0.000795  loss: 0.7882 (0.8386)  eta: 0:00:03  time: 0.6290  data: 0.0003  max mem: 2933
[23:46:27.177788] Epoch: [15]  [65/66]  lr: 0.000799  loss: 0.7739 (0.8347)  eta: 0:00:00  time: 0.6094  data: 0.0003  max mem: 2933
[23:46:27.278016] Epoch: [15] Total time: 0:00:41 (0.6317 s / it)
[23:46:27.278093] Averaged stats: lr: 0.000799  loss: 0.7739 (0.8347)
/home/nvidia/netmambaplus-reproduction/upstream/NetMambaPlus/src/engine_mm.py:220: FutureWarning: `torch.cuda.amp.autocast(args...)` is deprecated. Please use `torch.amp.autocast('cuda', args...)` instead.
  with torch.cuda.amp.autocast():
[23:46:27.671728] Test:  [0/9]  loss: 0.3833 (0.3833)  acc1: 0.8906 (0.8906)  acc3: 0.9922 (0.9922)  eta: 0:00:03  time: 0.3903  data: 0.2482  max mem: 2933
[23:46:28.472624] Test:  [8/9]  loss: 0.4976 (0.5527)  acc1: 0.8750 (0.7971)  acc3: 0.9922 (0.9885)  eta: 0:00:00  time: 0.1323  data: 0.0278  max mem: 2933
[23:46:28.561726] Test: Total time: 0:00:01 (0.1424 s / it)
[23:46:28.626795] * Acc@1 0.7971 Acc@3 0.9885 loss 0.5527
[23:46:28.626865] * Pre 0.8164 Rec 0.7971 F1 0.7941
[23:46:28.629233] Accuracy of the network on test samples: 0.7971
[23:46:28.629937] F1 of the network on test samples: 0.7941
[23:46:28.630079] Max Accuracy: 0.8221
[23:46:28.630086] Max F1: 0.8237
[23:46:28.632702] log_dir: /home/nvidia/netmambaplus-reproduction/runs/ciciot-ft-seed1/logs
[23:46:29.372096] Epoch: [16]  [ 0/66]  lr: 0.000800  loss: 0.8185 (0.8185)  eta: 0:00:48  time: 0.7357  data: 0.1718  max mem: 2933
[23:46:42.142568] Epoch: [16]  [20/66]  lr: 0.000815  loss: 0.7889 (0.8105)  eta: 0:00:29  time: 0.6385  data: 0.0002  max mem: 2933
[23:46:55.081586] Epoch: [16]  [40/66]  lr: 0.000830  loss: 0.7666 (0.7909)  eta: 0:00:16  time: 0.6469  data: 0.0002  max mem: 2933
[23:47:07.544614] Epoch: [16]  [60/66]  lr: 0.000845  loss: 0.7858 (0.7956)  eta: 0:00:03  time: 0.6231  data: 0.0002  max mem: 2933
[23:47:10.101172] Epoch: [16]  [65/66]  lr: 0.000849  loss: 0.7858 (0.8006)  eta: 0:00:00  time: 0.6095  data: 0.0002  max mem: 2933
[23:47:10.211327] Epoch: [16] Total time: 0:00:41 (0.6300 s / it)
[23:47:10.211432] Averaged stats: lr: 0.000849  loss: 0.7858 (0.8006)
/home/nvidia/netmambaplus-reproduction/upstream/NetMambaPlus/src/engine_mm.py:220: FutureWarning: `torch.cuda.amp.autocast(args...)` is deprecated. Please use `torch.amp.autocast('cuda', args...)` instead.
  with torch.cuda.amp.autocast():
[23:47:10.541398] Test:  [0/9]  loss: 0.3755 (0.3755)  acc1: 0.8906 (0.8906)  acc3: 0.9922 (0.9922)  eta: 0:00:02  time: 0.3226  data: 0.2182  max mem: 2933
[23:47:11.372444] Test:  [8/9]  loss: 0.4641 (0.5547)  acc1: 0.8125 (0.8000)  acc3: 0.9922 (0.9865)  eta: 0:00:00  time: 0.1281  data: 0.0244  max mem: 2933
[23:47:11.459246] Test: Total time: 0:00:01 (0.1384 s / it)
[23:47:11.518621] * Acc@1 0.8000 Acc@3 0.9865 loss 0.5547
[23:47:11.518668] * Pre 0.8220 Rec 0.8000 F1 0.8004
[23:47:11.519565] Accuracy of the network on test samples: 0.8000
[23:47:11.519577] F1 of the network on test samples: 0.8004
[23:47:11.519585] Max Accuracy: 0.8221
[23:47:11.519593] Max F1: 0.8237
[23:47:11.522274] log_dir: /home/nvidia/netmambaplus-reproduction/runs/ciciot-ft-seed1/logs
[23:47:12.178760] Epoch: [17]  [ 0/66]  lr: 0.000850  loss: 0.8274 (0.8274)  eta: 0:00:43  time: 0.6542  data: 0.1917  max mem: 2933
[23:47:24.771833] Epoch: [17]  [20/66]  lr: 0.000865  loss: 0.8185 (0.8195)  eta: 0:00:29  time: 0.6296  data: 0.0002  max mem: 2933
[23:47:37.466902] Epoch: [17]  [40/66]  lr: 0.000880  loss: 0.7785 (0.8084)  eta: 0:00:16  time: 0.6347  data: 0.0002  max mem: 2933
[23:47:49.775914] Epoch: [17]  [60/66]  lr: 0.000895  loss: 0.7677 (0.8020)  eta: 0:00:03  time: 0.6154  data: 0.0002  max mem: 2933
[23:47:52.334882] Epoch: [17]  [65/66]  lr: 0.000899  loss: 0.7638 (0.7956)  eta: 0:00:00  time: 0.6044  data: 0.0002  max mem: 2933
[23:47:52.450509] Epoch: [17] Total time: 0:00:40 (0.6201 s / it)
[23:47:52.450591] Averaged stats: lr: 0.000899  loss: 0.7638 (0.7956)
/home/nvidia/netmambaplus-reproduction/upstream/NetMambaPlus/src/engine_mm.py:220: FutureWarning: `torch.cuda.amp.autocast(args...)` is deprecated. Please use `torch.amp.autocast('cuda', args...)` instead.
  with torch.cuda.amp.autocast():
[23:47:52.773420] Test:  [0/9]  loss: 0.4214 (0.4214)  acc1: 0.8906 (0.8906)  acc3: 0.9922 (0.9922)  eta: 0:00:02  time: 0.3189  data: 0.2209  max mem: 2933
[23:47:53.610614] Test:  [8/9]  loss: 0.5234 (0.5290)  acc1: 0.8047 (0.8240)  acc3: 0.9922 (0.9856)  eta: 0:00:00  time: 0.1284  data: 0.0247  max mem: 2933
[23:47:53.704570] Test: Total time: 0:00:01 (0.1391 s / it)
[23:47:53.765573] * Acc@1 0.8240 Acc@3 0.9856 loss 0.5290
[23:47:53.765641] * Pre 0.8367 Rec 0.8240 F1 0.8250
[23:47:53.818161] Accuracy of the network on test samples: 0.8240
[23:47:53.818247] F1 of the network on test samples: 0.8250
[23:47:53.818254] Max Accuracy: 0.8240
[23:47:53.818258] Max F1: 0.8250
[23:47:53.820504] log_dir: /home/nvidia/netmambaplus-reproduction/runs/ciciot-ft-seed1/logs
[23:47:54.452254] Epoch: [18]  [ 0/66]  lr: 0.000900  loss: 0.7564 (0.7564)  eta: 0:00:41  time: 0.6295  data: 0.1821  max mem: 2933
[23:48:07.139542] Epoch: [18]  [20/66]  lr: 0.000915  loss: 0.7781 (0.7780)  eta: 0:00:29  time: 0.6343  data: 0.0003  max mem: 2933
[23:48:19.718867] Epoch: [18]  [40/66]  lr: 0.000930  loss: 0.7598 (0.7767)  eta: 0:00:16  time: 0.6289  data: 0.0003  max mem: 2933
[23:48:32.240259] Epoch: [18]  [60/66]  lr: 0.000945  loss: 0.7706 (0.7730)  eta: 0:00:03  time: 0.6260  data: 0.0002  max mem: 2933
[23:48:34.838019] Epoch: [18]  [65/66]  lr: 0.000949  loss: 0.7534 (0.7673)  eta: 0:00:00  time: 0.6085  data: 0.0002  max mem: 2933
[23:48:34.943693] Epoch: [18] Total time: 0:00:41 (0.6231 s / it)
[23:48:34.944209] Averaged stats: lr: 0.000949  loss: 0.7534 (0.7673)
/home/nvidia/netmambaplus-reproduction/upstream/NetMambaPlus/src/engine_mm.py:220: FutureWarning: `torch.cuda.amp.autocast(args...)` is deprecated. Please use `torch.amp.autocast('cuda', args...)` instead.
  with torch.cuda.amp.autocast():
[23:48:35.268777] Test:  [0/9]  loss: 0.3376 (0.3376)  acc1: 0.8828 (0.8828)  acc3: 0.9922 (0.9922)  eta: 0:00:02  time: 0.3203  data: 0.2246  max mem: 2933
[23:48:36.202411] Test:  [8/9]  loss: 0.5283 (0.5005)  acc1: 0.7734 (0.8308)  acc3: 0.9922 (0.9837)  eta: 0:00:00  time: 0.1393  data: 0.0251  max mem: 2933
[23:48:36.280325] Test: Total time: 0:00:01 (0.1482 s / it)
[23:48:36.343980] * Acc@1 0.8308 Acc@3 0.9837 loss 0.5005
[23:48:36.344022] * Pre 0.8438 Rec 0.8308 F1 0.8319
[23:48:36.392004] Accuracy of the network on test samples: 0.8308
[23:48:36.392401] F1 of the network on test samples: 0.8319
[23:48:36.392412] Max Accuracy: 0.8308
[23:48:36.392419] Max F1: 0.8319
[23:48:36.394631] log_dir: /home/nvidia/netmambaplus-reproduction/runs/ciciot-ft-seed1/logs
[23:48:37.128175] Epoch: [19]  [ 0/66]  lr: 0.000950  loss: 0.7301 (0.7301)  eta: 0:00:48  time: 0.7305  data: 0.2277  max mem: 2933
[23:48:49.758953] Epoch: [19]  [20/66]  lr: 0.000965  loss: 0.7386 (0.7493)  eta: 0:00:29  time: 0.6315  data: 0.0002  max mem: 2933
[23:49:02.084378] Epoch: [19]  [40/66]  lr: 0.000980  loss: 0.7602 (0.7485)  eta: 0:00:16  time: 0.6162  data: 0.0002  max mem: 2933
[23:49:14.681685] Epoch: [19]  [60/66]  lr: 0.000995  loss: 0.7674 (0.7588)  eta: 0:00:03  time: 0.6298  data: 0.0002  max mem: 2933
[23:49:17.215420] Epoch: [19]  [65/66]  lr: 0.000999  loss: 0.7842 (0.7613)  eta: 0:00:00  time: 0.6020  data: 0.0002  max mem: 2933
[23:49:17.327899] Epoch: [19] Total time: 0:00:40 (0.6202 s / it)
[23:49:17.328031] Averaged stats: lr: 0.000999  loss: 0.7842 (0.7613)
/home/nvidia/netmambaplus-reproduction/upstream/NetMambaPlus/src/engine_mm.py:220: FutureWarning: `torch.cuda.amp.autocast(args...)` is deprecated. Please use `torch.amp.autocast('cuda', args...)` instead.
  with torch.cuda.amp.autocast():
[23:49:17.647194] Test:  [0/9]  loss: 0.3943 (0.3943)  acc1: 0.8906 (0.8906)  acc3: 0.9922 (0.9922)  eta: 0:00:02  time: 0.3151  data: 0.2149  max mem: 2933
[23:49:18.620820] Test:  [8/9]  loss: 0.3943 (0.5055)  acc1: 0.8906 (0.8144)  acc3: 0.9922 (0.9904)  eta: 0:00:00  time: 0.1431  data: 0.0240  max mem: 2933
[23:49:18.703199] Test: Total time: 0:00:01 (0.1525 s / it)
[23:49:18.767500] * Acc@1 0.8144 Acc@3 0.9904 loss 0.5055
[23:49:18.767608] * Pre 0.8341 Rec 0.8144 F1 0.8094
[23:49:18.769900] Accuracy of the network on test samples: 0.8144
[23:49:18.769918] F1 of the network on test samples: 0.8094
[23:49:18.769925] Max Accuracy: 0.8308
[23:49:18.769937] Max F1: 0.8319
[23:49:18.773616] log_dir: /home/nvidia/netmambaplus-reproduction/runs/ciciot-ft-seed1/logs
[23:49:19.539411] Epoch: [20]  [ 0/66]  lr: 0.001000  loss: 0.8466 (0.8466)  eta: 0:00:50  time: 0.7641  data: 0.2195  max mem: 2933
[23:49:32.167489] Epoch: [20]  [20/66]  lr: 0.001000  loss: 0.7377 (0.7619)  eta: 0:00:29  time: 0.6314  data: 0.0002  max mem: 2933
[23:49:44.411169] Epoch: [20]  [40/66]  lr: 0.001000  loss: 0.7421 (0.7561)  eta: 0:00:16  time: 0.6121  data: 0.0002  max mem: 2933
[23:49:56.982825] Epoch: [20]  [60/66]  lr: 0.001000  loss: 0.7795 (0.7654)  eta: 0:00:03  time: 0.6285  data: 0.0003  max mem: 2933
[23:49:59.482010] Epoch: [20]  [65/66]  lr: 0.001000  loss: 0.7795 (0.7629)  eta: 0:00:00  time: 0.5968  data: 0.0002  max mem: 2933
[23:49:59.591924] Epoch: [20] Total time: 0:00:40 (0.6185 s / it)
[23:49:59.592016] Averaged stats: lr: 0.001000  loss: 0.7795 (0.7629)
/home/nvidia/netmambaplus-reproduction/upstream/NetMambaPlus/src/engine_mm.py:220: FutureWarning: `torch.cuda.amp.autocast(args...)` is deprecated. Please use `torch.amp.autocast('cuda', args...)` instead.
  with torch.cuda.amp.autocast():
[23:49:59.984308] Test:  [0/9]  loss: 0.4155 (0.4155)  acc1: 0.8828 (0.8828)  acc3: 0.9844 (0.9844)  eta: 0:00:03  time: 0.3891  data: 0.2487  max mem: 2933
[23:50:00.957023] Test:  [8/9]  loss: 0.5615 (0.5154)  acc1: 0.7891 (0.8308)  acc3: 0.9922 (0.9875)  eta: 0:00:00  time: 0.1512  data: 0.0279  max mem: 2933
[23:50:01.076880] Test: Total time: 0:00:01 (0.1648 s / it)
[23:50:01.171792] * Acc@1 0.8308 Acc@3 0.9875 loss 0.5154
[23:50:01.171850] * Pre 0.8511 Rec 0.8308 F1 0.8332
[23:50:01.173392] Accuracy of the network on test samples: 0.8308
[23:50:01.173970] F1 of the network on test samples: 0.8332
[23:50:01.174007] Max Accuracy: 0.8308
[23:50:01.174084] Max F1: 0.8332
[23:50:01.175943] log_dir: /home/nvidia/netmambaplus-reproduction/runs/ciciot-ft-seed1/logs
[23:50:01.985740] Epoch: [21]  [ 0/66]  lr: 0.001000  loss: 0.8055 (0.8055)  eta: 0:00:53  time: 0.8065  data: 0.2034  max mem: 2933
[23:50:14.890084] Epoch: [21]  [20/66]  lr: 0.001000  loss: 0.7609 (0.7675)  eta: 0:00:30  time: 0.6452  data: 0.0003  max mem: 2933
[23:50:27.523650] Epoch: [21]  [40/66]  lr: 0.000999  loss: 0.7466 (0.7552)  eta: 0:00:16  time: 0.6316  data: 0.0003  max mem: 2933
[23:50:40.457963] Epoch: [21]  [60/66]  lr: 0.000999  loss: 0.7772 (0.7604)  eta: 0:00:03  time: 0.6466  data: 0.0003  max mem: 2933
[23:50:42.987364] Epoch: [21]  [65/66]  lr: 0.000999  loss: 0.7717 (0.7635)  eta: 0:00:00  time: 0.6096  data: 0.0003  max mem: 2933
[23:50:43.089677] Epoch: [21] Total time: 0:00:41 (0.6351 s / it)
[23:50:43.089843] Averaged stats: lr: 0.000999  loss: 0.7717 (0.7635)
/home/nvidia/netmambaplus-reproduction/upstream/NetMambaPlus/src/engine_mm.py:220: FutureWarning: `torch.cuda.amp.autocast(args...)` is deprecated. Please use `torch.amp.autocast('cuda', args...)` instead.
  with torch.cuda.amp.autocast():
[23:50:43.457940] Test:  [0/9]  loss: 0.4065 (0.4065)  acc1: 0.8906 (0.8906)  acc3: 0.9922 (0.9922)  eta: 0:00:03  time: 0.3632  data: 0.2263  max mem: 2933
[23:50:44.433142] Test:  [8/9]  loss: 0.4065 (0.5255)  acc1: 0.8906 (0.8144)  acc3: 0.9922 (0.9827)  eta: 0:00:00  time: 0.1486  data: 0.0253  max mem: 2933
[23:50:44.547530] Test: Total time: 0:00:01 (0.1617 s / it)
[23:50:44.618320] * Acc@1 0.8144 Acc@3 0.9827 loss 0.5255
[23:50:44.618369] * Pre 0.8383 Rec 0.8144 F1 0.8094
[23:50:44.619856] Accuracy of the network on test samples: 0.8144
[23:50:44.620357] F1 of the network on test samples: 0.8094
[23:50:44.620367] Max Accuracy: 0.8308
[23:50:44.620376] Max F1: 0.8332
[23:50:44.622922] log_dir: /home/nvidia/netmambaplus-reproduction/runs/ciciot-ft-seed1/logs
[23:50:45.440875] Epoch: [22]  [ 0/66]  lr: 0.000999  loss: 0.7025 (0.7025)  eta: 0:00:53  time: 0.8158  data: 0.2406  max mem: 2933
[23:50:58.365570] Epoch: [22]  [20/66]  lr: 0.000999  loss: 0.7579 (0.7779)  eta: 0:00:30  time: 0.6462  data: 0.0002  max mem: 2933
[23:51:10.946274] Epoch: [22]  [40/66]  lr: 0.000998  loss: 0.7631 (0.7792)  eta: 0:00:16  time: 0.6290  data: 0.0002  max mem: 2933
[23:51:23.828614] Epoch: [22]  [60/66]  lr: 0.000998  loss: 0.7440 (0.7691)  eta: 0:00:03  time: 0.6441  data: 0.0002  max mem: 2933
[23:51:26.378989] Epoch: [22]  [65/66]  lr: 0.000998  loss: 0.7360 (0.7638)  eta: 0:00:00  time: 0.6103  data: 0.0003  max mem: 2933
[23:51:26.480219] Epoch: [22] Total time: 0:00:41 (0.6342 s / it)
[23:51:26.480362] Averaged stats: lr: 0.000998  loss: 0.7360 (0.7638)
/home/nvidia/netmambaplus-reproduction/upstream/NetMambaPlus/src/engine_mm.py:220: FutureWarning: `torch.cuda.amp.autocast(args...)` is deprecated. Please use `torch.amp.autocast('cuda', args...)` instead.
  with torch.cuda.amp.autocast():
[23:51:26.897972] Test:  [0/9]  loss: 0.3901 (0.3901)  acc1: 0.8906 (0.8906)  acc3: 1.0000 (1.0000)  eta: 0:00:03  time: 0.4117  data: 0.2678  max mem: 2933
[23:51:27.828928] Test:  [8/9]  loss: 0.4397 (0.4799)  acc1: 0.8594 (0.8413)  acc3: 0.9922 (0.9885)  eta: 0:00:00  time: 0.1491  data: 0.0300  max mem: 2933
[23:51:27.933958] Test: Total time: 0:00:01 (0.1613 s / it)
[23:51:28.003708] * Acc@1 0.8413 Acc@3 0.9885 loss 0.4799
[23:51:28.003836] * Pre 0.8493 Rec 0.8413 F1 0.8384
[23:51:28.067197] Accuracy of the network on test samples: 0.8413
[23:51:28.067768] F1 of the network on test samples: 0.8384
[23:51:28.067779] Max Accuracy: 0.8413
[23:51:28.067793] Max F1: 0.8384
[23:51:28.070166] log_dir: /home/nvidia/netmambaplus-reproduction/runs/ciciot-ft-seed1/logs
[23:51:28.980951] Epoch: [23]  [ 0/66]  lr: 0.000998  loss: 0.6989 (0.6989)  eta: 0:00:59  time: 0.9076  data: 0.2528  max mem: 2933
[23:51:42.016833] Epoch: [23]  [20/66]  lr: 0.000997  loss: 0.7215 (0.7390)  eta: 0:00:30  time: 0.6517  data: 0.0003  max mem: 2933
[23:51:54.582434] Epoch: [23]  [40/66]  lr: 0.000997  loss: 0.7435 (0.7420)  eta: 0:00:16  time: 0.6282  data: 0.0003  max mem: 2933
[23:52:07.485529] Epoch: [23]  [60/66]  lr: 0.000996  loss: 0.7466 (0.7427)  eta: 0:00:03  time: 0.6451  data: 0.0002  max mem: 2933
[23:52:09.882502] Epoch: [23]  [65/66]  lr: 0.000996  loss: 0.7626 (0.7434)  eta: 0:00:00  time: 0.6042  data: 0.0003  max mem: 2933
[23:52:09.990709] Epoch: [23] Total time: 0:00:41 (0.6352 s / it)
[23:52:09.990797] Averaged stats: lr: 0.000996  loss: 0.7626 (0.7434)
/home/nvidia/netmambaplus-reproduction/upstream/NetMambaPlus/src/engine_mm.py:220: FutureWarning: `torch.cuda.amp.autocast(args...)` is deprecated. Please use `torch.amp.autocast('cuda', args...)` instead.
  with torch.cuda.amp.autocast():
[23:52:10.349205] Test:  [0/9]  loss: 0.3923 (0.3923)  acc1: 0.8906 (0.8906)  acc3: 0.9922 (0.9922)  eta: 0:00:03  time: 0.3536  data: 0.2019  max mem: 2933
[23:52:11.227280] Test:  [8/9]  loss: 0.4395 (0.4710)  acc1: 0.8359 (0.8385)  acc3: 0.9922 (0.9865)  eta: 0:00:00  time: 0.1368  data: 0.0226  max mem: 2933
[23:52:11.332350] Test: Total time: 0:00:01 (0.1487 s / it)
[23:52:11.401252] * Acc@1 0.8385 Acc@3 0.9865 loss 0.4710
[23:52:11.401304] * Pre 0.8450 Rec 0.8385 F1 0.8354
[23:52:11.403415] Accuracy of the network on test samples: 0.8385
[23:52:11.403431] F1 of the network on test samples: 0.8354
[23:52:11.403441] Max Accuracy: 0.8413
[23:52:11.403453] Max F1: 0.8384
[23:52:11.406187] log_dir: /home/nvidia/netmambaplus-reproduction/runs/ciciot-ft-seed1/logs
[23:52:12.247033] Epoch: [24]  [ 0/66]  lr: 0.000996  loss: 0.6544 (0.6544)  eta: 0:00:55  time: 0.8375  data: 0.1993  max mem: 2933
[23:52:24.946470] Epoch: [24]  [20/66]  lr: 0.000995  loss: 0.7576 (0.7468)  eta: 0:00:29  time: 0.6349  data: 0.0002  max mem: 2933
[23:52:37.294682] Epoch: [24]  [40/66]  lr: 0.000995  loss: 0.7337 (0.7477)  eta: 0:00:16  time: 0.6173  data: 0.0003  max mem: 2933
[23:52:50.046081] Epoch: [24]  [60/66]  lr: 0.000994  loss: 0.7532 (0.7472)  eta: 0:00:03  time: 0.6375  data: 0.0002  max mem: 2933
[23:52:52.502351] Epoch: [24]  [65/66]  lr: 0.000994  loss: 0.7532 (0.7527)  eta: 0:00:00  time: 0.6012  data: 0.0003  max mem: 2933
[23:52:52.605825] Epoch: [24] Total time: 0:00:41 (0.6242 s / it)
[23:52:52.605968] Averaged stats: lr: 0.000994  loss: 0.7532 (0.7527)
/home/nvidia/netmambaplus-reproduction/upstream/NetMambaPlus/src/engine_mm.py:220: FutureWarning: `torch.cuda.amp.autocast(args...)` is deprecated. Please use `torch.amp.autocast('cuda', args...)` instead.
  with torch.cuda.amp.autocast():
[23:52:52.902589] Test:  [0/9]  loss: 0.2827 (0.2827)  acc1: 0.8906 (0.8906)  acc3: 1.0000 (1.0000)  eta: 0:00:02  time: 0.2919  data: 0.1574  max mem: 2933
[23:52:53.792680] Test:  [8/9]  loss: 0.4424 (0.4816)  acc1: 0.8594 (0.8481)  acc3: 1.0000 (0.9904)  eta: 0:00:00  time: 0.1313  data: 0.0176  max mem: 2933
[23:52:53.900374] Test: Total time: 0:00:01 (0.1436 s / it)
[23:52:53.968281] * Acc@1 0.8481 Acc@3 0.9904 loss 0.4816
[23:52:53.968394] * Pre 0.8554 Rec 0.8481 F1 0.8460
[23:52:54.032545] Accuracy of the network on test samples: 0.8481
[23:52:54.032902] F1 of the network on test samples: 0.8460
[23:52:54.032908] Max Accuracy: 0.8481
[23:52:54.032918] Max F1: 0.8460
[23:52:54.034844] log_dir: /home/nvidia/netmambaplus-reproduction/runs/ciciot-ft-seed1/logs
[23:52:54.920355] Epoch: [25]  [ 0/66]  lr: 0.000994  loss: 0.7581 (0.7581)  eta: 0:00:58  time: 0.8825  data: 0.2406  max mem: 2933
[23:53:07.753771] Epoch: [25]  [20/66]  lr: 0.000993  loss: 0.7646 (0.7644)  eta: 0:00:30  time: 0.6416  data: 0.0003  max mem: 2933
[23:53:20.248778] Epoch: [25]  [40/66]  lr: 0.000992  loss: 0.7466 (0.7506)  eta: 0:00:16  time: 0.6247  data: 0.0002  max mem: 2933
[23:53:33.073979] Epoch: [25]  [60/66]  lr: 0.000991  loss: 0.7300 (0.7441)  eta: 0:00:03  time: 0.6412  data: 0.0002  max mem: 2933
[23:53:35.439125] Epoch: [25]  [65/66]  lr: 0.000991  loss: 0.7372 (0.7521)  eta: 0:00:00  time: 0.5973  data: 0.0002  max mem: 2933
[23:53:35.534726] Epoch: [25] Total time: 0:00:41 (0.6288 s / it)
[23:53:35.534862] Averaged stats: lr: 0.000991  loss: 0.7372 (0.7521)
/home/nvidia/netmambaplus-reproduction/upstream/NetMambaPlus/src/engine_mm.py:220: FutureWarning: `torch.cuda.amp.autocast(args...)` is deprecated. Please use `torch.amp.autocast('cuda', args...)` instead.
  with torch.cuda.amp.autocast():
[23:53:35.854074] Test:  [0/9]  loss: 0.3247 (0.3247)  acc1: 0.8906 (0.8906)  acc3: 1.0000 (1.0000)  eta: 0:00:02  time: 0.3167  data: 0.1710  max mem: 2933
[23:53:36.834322] Test:  [8/9]  loss: 0.4656 (0.4817)  acc1: 0.8125 (0.8375)  acc3: 0.9922 (0.9846)  eta: 0:00:00  time: 0.1440  data: 0.0191  max mem: 2933
[23:53:36.948338] Test: Total time: 0:00:01 (0.1569 s / it)
[23:53:37.791778] * Acc@1 0.8375 Acc@3 0.9846 loss 0.4817
[23:53:37.791891] * Pre 0.8480 Rec 0.8375 F1 0.8348
[23:53:37.793813] Accuracy of the network on test samples: 0.8375
[23:53:37.794152] F1 of the network on test samples: 0.8348
[23:53:37.794159] Max Accuracy: 0.8481
[23:53:37.794167] Max F1: 0.8460
[23:53:37.796123] log_dir: /home/nvidia/netmambaplus-reproduction/runs/ciciot-ft-seed1/logs
[23:53:38.694203] Epoch: [26]  [ 0/66]  lr: 0.000991  loss: 0.7452 (0.7452)  eta: 0:00:59  time: 0.8963  data: 0.2469  max mem: 2933
[23:53:51.068504] Epoch: [26]  [20/66]  lr: 0.000990  loss: 0.8068 (0.7890)  eta: 0:00:29  time: 0.6186  data: 0.0002  max mem: 2933
[23:54:03.639633] Epoch: [26]  [40/66]  lr: 0.000989  loss: 0.7136 (0.7565)  eta: 0:00:16  time: 0.6285  data: 0.0002  max mem: 2933
[23:54:16.340868] Epoch: [26]  [60/66]  lr: 0.000988  loss: 0.7344 (0.7526)  eta: 0:00:03  time: 0.6350  data: 0.0002  max mem: 2933
[23:54:18.687954] Epoch: [26]  [65/66]  lr: 0.000988  loss: 0.7540 (0.7541)  eta: 0:00:00  time: 0.5940  data: 0.0002  max mem: 2933
[23:54:18.771615] Epoch: [26] Total time: 0:00:40 (0.6208 s / it)
[23:54:18.771662] Averaged stats: lr: 0.000988  loss: 0.7540 (0.7541)
/home/nvidia/netmambaplus-reproduction/upstream/NetMambaPlus/src/engine_mm.py:220: FutureWarning: `torch.cuda.amp.autocast(args...)` is deprecated. Please use `torch.amp.autocast('cuda', args...)` instead.
  with torch.cuda.amp.autocast():
[23:54:19.081347] Test:  [0/9]  loss: 0.3503 (0.3503)  acc1: 0.8906 (0.8906)  acc3: 1.0000 (1.0000)  eta: 0:00:02  time: 0.3075  data: 0.1744  max mem: 2933
[23:54:19.879815] Test:  [8/9]  loss: 0.4082 (0.4646)  acc1: 0.8203 (0.8394)  acc3: 1.0000 (0.9885)  eta: 0:00:00  time: 0.1228  data: 0.0195  max mem: 2933
[23:54:19.988880] Test: Total time: 0:00:01 (0.1351 s / it)
[23:54:20.052987] * Acc@1 0.8394 Acc@3 0.9885 loss 0.4646
[23:54:20.053054] * Pre 0.8462 Rec 0.8394 F1 0.8376
[23:54:20.054365] Accuracy of the network on test samples: 0.8394
[23:54:20.054381] F1 of the network on test samples: 0.8376
[23:54:20.054392] Max Accuracy: 0.8481
[23:54:20.054397] Max F1: 0.8460
[23:54:20.057119] log_dir: /home/nvidia/netmambaplus-reproduction/runs/ciciot-ft-seed1/logs
[23:54:20.910406] Epoch: [27]  [ 0/66]  lr: 0.000988  loss: 0.7603 (0.7603)  eta: 0:00:56  time: 0.8514  data: 0.2215  max mem: 2933
[23:54:33.220450] Epoch: [27]  [20/66]  lr: 0.000987  loss: 0.7502 (0.7446)  eta: 0:00:28  time: 0.6154  data: 0.0002  max mem: 2933
[23:54:46.087123] Epoch: [27]  [40/66]  lr: 0.000986  loss: 0.7166 (0.7384)  eta: 0:00:16  time: 0.6433  data: 0.0003  max mem: 2933
[23:54:58.932451] Epoch: [27]  [60/66]  lr: 0.000985  loss: 0.7332 (0.7387)  eta: 0:00:03  time: 0.6422  data: 0.0002  max mem: 2933
[23:55:01.351528] Epoch: [27]  [65/66]  lr: 0.000984  loss: 0.7331 (0.7340)  eta: 0:00:00  time: 0.6036  data: 0.0002  max mem: 2933
[23:55:01.448586] Epoch: [27] Total time: 0:00:41 (0.6271 s / it)
[23:55:01.448849] Averaged stats: lr: 0.000984  loss: 0.7331 (0.7340)
/home/nvidia/netmambaplus-reproduction/upstream/NetMambaPlus/src/engine_mm.py:220: FutureWarning: `torch.cuda.amp.autocast(args...)` is deprecated. Please use `torch.amp.autocast('cuda', args...)` instead.
  with torch.cuda.amp.autocast():
[23:55:01.733841] Test:  [0/9]  loss: 0.3303 (0.3303)  acc1: 0.8906 (0.8906)  acc3: 1.0000 (1.0000)  eta: 0:00:02  time: 0.2811  data: 0.1872  max mem: 2933
[23:55:02.582010] Test:  [8/9]  loss: 0.4536 (0.4813)  acc1: 0.8438 (0.8433)  acc3: 1.0000 (0.9885)  eta: 0:00:00  time: 0.1254  data: 0.0212  max mem: 2933
[23:55:02.703549] Test: Total time: 0:00:01 (0.1391 s / it)
[23:55:02.775511] * Acc@1 0.8433 Acc@3 0.9885 loss 0.4813
[23:55:02.775575] * Pre 0.8488 Rec 0.8433 F1 0.8436
[23:55:02.776882] Accuracy of the network on test samples: 0.8433
[23:55:02.776897] F1 of the network on test samples: 0.8436
[23:55:02.777839] Max Accuracy: 0.8481
[23:55:02.777872] Max F1: 0.8460
[23:55:02.780794] log_dir: /home/nvidia/netmambaplus-reproduction/runs/ciciot-ft-seed1/logs
[23:55:03.727796] Epoch: [28]  [ 0/66]  lr: 0.000984  loss: 0.7389 (0.7389)  eta: 0:01:02  time: 0.9444  data: 0.2837  max mem: 2933
[23:55:16.606088] Epoch: [28]  [20/66]  lr: 0.000983  loss: 0.7177 (0.7315)  eta: 0:00:30  time: 0.6438  data: 0.0004  max mem: 2933
[23:55:30.228465] Epoch: [28]  [40/66]  lr: 0.000982  loss: 0.7171 (0.7349)  eta: 0:00:17  time: 0.6810  data: 0.0007  max mem: 2933
[23:55:43.266272] Epoch: [28]  [60/66]  lr: 0.000981  loss: 0.7378 (0.7340)  eta: 0:00:03  time: 0.6518  data: 0.0003  max mem: 2933
[23:55:45.607546] Epoch: [28]  [65/66]  lr: 0.000980  loss: 0.7378 (0.7338)  eta: 0:00:00  time: 0.6047  data: 0.0003  max mem: 2933
[23:55:45.695108] Epoch: [28] Total time: 0:00:42 (0.6502 s / it)
[23:55:45.695176] Averaged stats: lr: 0.000980  loss: 0.7378 (0.7338)
/home/nvidia/netmambaplus-reproduction/upstream/NetMambaPlus/src/engine_mm.py:220: FutureWarning: `torch.cuda.amp.autocast(args...)` is deprecated. Please use `torch.amp.autocast('cuda', args...)` instead.
  with torch.cuda.amp.autocast():
[23:55:46.046603] Test:  [0/9]  loss: 0.3955 (0.3955)  acc1: 0.8906 (0.8906)  acc3: 0.9922 (0.9922)  eta: 0:00:03  time: 0.3484  data: 0.2468  max mem: 2933
[23:55:46.973036] Test:  [8/9]  loss: 0.4392 (0.4589)  acc1: 0.8125 (0.8510)  acc3: 0.9922 (0.9894)  eta: 0:00:00  time: 0.1416  data: 0.0276  max mem: 2933
[23:55:47.081091] Test: Total time: 0:00:01 (0.1538 s / it)
[23:55:47.150274] * Acc@1 0.8510 Acc@3 0.9894 loss 0.4589
[23:55:47.150339] * Pre 0.8585 Rec 0.8510 F1 0.8520
[23:55:47.210797] Accuracy of the network on test samples: 0.8510
[23:55:47.211237] F1 of the network on test samples: 0.8520
[23:55:47.211250] Max Accuracy: 0.8510
[23:55:47.211277] Max F1: 0.8520
[23:55:47.213797] log_dir: /home/nvidia/netmambaplus-reproduction/runs/ciciot-ft-seed1/logs
[23:55:48.097634] Epoch: [29]  [ 0/66]  lr: 0.000980  loss: 0.8055 (0.8055)  eta: 0:00:58  time: 0.8809  data: 0.2274  max mem: 2933
[23:56:00.674453] Epoch: [29]  [20/66]  lr: 0.000979  loss: 0.7074 (0.7235)  eta: 0:00:29  time: 0.6288  data: 0.0003  max mem: 2933
[23:56:13.686730] Epoch: [29]  [40/66]  lr: 0.000977  loss: 0.7014 (0.7218)  eta: 0:00:16  time: 0.6506  data: 0.0003  max mem: 2933
[23:56:26.726160] Epoch: [29]  [60/66]  lr: 0.000976  loss: 0.7424 (0.7271)  eta: 0:00:03  time: 0.6519  data: 0.0003  max mem: 2933
[23:56:29.036250] Epoch: [29]  [65/66]  lr: 0.000976  loss: 0.7356 (0.7404)  eta: 0:00:00  time: 0.6047  data: 0.0003  max mem: 2933
[23:56:29.130904] Epoch: [29] Total time: 0:00:41 (0.6351 s / it)
[23:56:29.130971] Averaged stats: lr: 0.000976  loss: 0.7356 (0.7404)
/home/nvidia/netmambaplus-reproduction/upstream/NetMambaPlus/src/engine_mm.py:220: FutureWarning: `torch.cuda.amp.autocast(args...)` is deprecated. Please use `torch.amp.autocast('cuda', args...)` instead.
  with torch.cuda.amp.autocast():
[23:56:29.489630] Test:  [0/9]  loss: 0.4739 (0.4739)  acc1: 0.8906 (0.8906)  acc3: 0.9922 (0.9922)  eta: 0:00:03  time: 0.3539  data: 0.2436  max mem: 2933
[23:56:30.528167] Test:  [8/9]  loss: 0.5347 (0.5445)  acc1: 0.8438 (0.8433)  acc3: 0.9844 (0.9865)  eta: 0:00:00  time: 0.1547  data: 0.0272  max mem: 2933
[23:56:30.645667] Test: Total time: 0:00:01 (0.1680 s / it)
[23:56:30.713700] * Acc@1 0.8433 Acc@3 0.9865 loss 0.5445
[23:56:30.713828] * Pre 0.8588 Rec 0.8433 F1 0.8454
[23:56:30.715813] Accuracy of the network on test samples: 0.8433
[23:56:30.716327] F1 of the network on test samples: 0.8454
[23:56:30.716647] Max Accuracy: 0.8510
[23:56:30.716672] Max F1: 0.8520
[23:56:30.719013] log_dir: /home/nvidia/netmambaplus-reproduction/runs/ciciot-ft-seed1/logs
[23:56:31.632505] Epoch: [30]  [ 0/66]  lr: 0.000976  loss: 0.7955 (0.7955)  eta: 0:01:00  time: 0.9107  data: 0.2721  max mem: 2933
[23:56:44.288399] Epoch: [30]  [20/66]  lr: 0.000974  loss: 0.8578 (0.8597)  eta: 0:00:29  time: 0.6327  data: 0.0003  max mem: 2933
[23:56:57.247005] Epoch: [30]  [40/66]  lr: 0.000973  loss: 0.7834 (0.8282)  eta: 0:00:16  time: 0.6479  data: 0.0003  max mem: 2933
[23:57:10.160814] Epoch: [30]  [60/66]  lr: 0.000971  loss: 0.7555 (0.8059)  eta: 0:00:03  time: 0.6456  data: 0.0002  max mem: 2933
[23:57:12.341343] Epoch: [30]  [65/66]  lr: 0.000971  loss: 0.7555 (0.7999)  eta: 0:00:00  time: 0.5940  data: 0.0002  max mem: 2933
[23:57:12.449353] Epoch: [30] Total time: 0:00:41 (0.6323 s / it)
[23:57:12.449445] Averaged stats: lr: 0.000971  loss: 0.7555 (0.7999)
/home/nvidia/netmambaplus-reproduction/upstream/NetMambaPlus/src/engine_mm.py:220: FutureWarning: `torch.cuda.amp.autocast(args...)` is deprecated. Please use `torch.amp.autocast('cuda', args...)` instead.
  with torch.cuda.amp.autocast():
[23:57:12.821530] Test:  [0/9]  loss: 0.4031 (0.4031)  acc1: 0.8672 (0.8672)  acc3: 0.9922 (0.9922)  eta: 0:00:03  time: 0.3690  data: 0.2218  max mem: 2933
[23:57:13.820659] Test:  [8/9]  loss: 0.4065 (0.4804)  acc1: 0.8125 (0.8346)  acc3: 0.9922 (0.9808)  eta: 0:00:00  time: 0.1519  data: 0.0248  max mem: 2933
[23:57:13.928800] Test: Total time: 0:00:01 (0.1642 s / it)
[23:57:13.995802] * Acc@1 0.8346 Acc@3 0.9808 loss 0.4804
[23:57:13.995855] * Pre 0.8454 Rec 0.8346 F1 0.8358
[23:57:13.997761] Accuracy of the network on test samples: 0.8346
[23:57:13.997778] F1 of the network on test samples: 0.8358
[23:57:13.998162] Max Accuracy: 0.8510
[23:57:13.998169] Max F1: 0.8520
[23:57:14.000526] log_dir: /home/nvidia/netmambaplus-reproduction/runs/ciciot-ft-seed1/logs
[23:57:14.894677] Epoch: [31]  [ 0/66]  lr: 0.000970  loss: 0.6942 (0.6942)  eta: 0:00:58  time: 0.8923  data: 0.2521  max mem: 2933
[23:57:27.270796] Epoch: [31]  [20/66]  lr: 0.000969  loss: 0.7631 (0.7609)  eta: 0:00:29  time: 0.6187  data: 0.0002  max mem: 2933
[23:57:40.020493] Epoch: [31]  [40/66]  lr: 0.000967  loss: 0.7530 (0.7587)  eta: 0:00:16  time: 0.6374  data: 0.0002  max mem: 2933
[23:57:52.786437] Epoch: [31]  [60/66]  lr: 0.000965  loss: 0.7350 (0.7540)  eta: 0:00:03  time: 0.6382  data: 0.0003  max mem: 2933
[23:57:54.924648] Epoch: [31]  [65/66]  lr: 0.000965  loss: 0.7322 (0.7557)  eta: 0:00:00  time: 0.5849  data: 0.0003  max mem: 2933
[23:57:55.039012] Epoch: [31] Total time: 0:00:41 (0.6218 s / it)
[23:57:55.039273] Averaged stats: lr: 0.000965  loss: 0.7322 (0.7557)
/home/nvidia/netmambaplus-reproduction/upstream/NetMambaPlus/src/engine_mm.py:220: FutureWarning: `torch.cuda.amp.autocast(args...)` is deprecated. Please use `torch.amp.autocast('cuda', args...)` instead.
  with torch.cuda.amp.autocast():
[23:57:55.411873] Test:  [0/9]  loss: 0.4026 (0.4026)  acc1: 0.8906 (0.8906)  acc3: 0.9844 (0.9844)  eta: 0:00:03  time: 0.3673  data: 0.2287  max mem: 2933
[23:57:56.426108] Test:  [8/9]  loss: 0.4026 (0.4769)  acc1: 0.8281 (0.8413)  acc3: 0.9922 (0.9817)  eta: 0:00:00  time: 0.1534  data: 0.0256  max mem: 2933
[23:57:56.524027] Test: Total time: 0:00:01 (0.1646 s / it)
[23:57:56.588930] * Acc@1 0.8413 Acc@3 0.9817 loss 0.4769
[23:57:56.589065] * Pre 0.8552 Rec 0.8413 F1 0.8395
[23:57:56.590712] Accuracy of the network on test samples: 0.8413
[23:57:56.591559] F1 of the network on test samples: 0.8395
[23:57:56.591599] Max Accuracy: 0.8510
[23:57:56.591626] Max F1: 0.8520
[23:57:56.595117] log_dir: /home/nvidia/netmambaplus-reproduction/runs/ciciot-ft-seed1/logs
[23:57:57.454321] Epoch: [32]  [ 0/66]  lr: 0.000965  loss: 0.7336 (0.7336)  eta: 0:00:56  time: 0.8571  data: 0.2239  max mem: 2933
[23:58:09.890645] Epoch: [32]  [20/66]  lr: 0.000963  loss: 0.7452 (0.7487)  eta: 0:00:29  time: 0.6218  data: 0.0002  max mem: 2933
[23:58:22.617720] Epoch: [32]  [40/66]  lr: 0.000961  loss: 0.7501 (0.7469)  eta: 0:00:16  time: 0.6363  data: 0.0002  max mem: 2933
[23:58:35.325321] Epoch: [32]  [60/66]  lr: 0.000959  loss: 0.7384 (0.7481)  eta: 0:00:03  time: 0.6353  data: 0.0002  max mem: 2933
[23:58:37.456958] Epoch: [32]  [65/66]  lr: 0.000959  loss: 0.7384 (0.7412)  eta: 0:00:00  time: 0.5835  data: 0.0002  max mem: 2933
[23:58:37.558335] Epoch: [32] Total time: 0:00:40 (0.6207 s / it)
[23:58:37.558506] Averaged stats: lr: 0.000959  loss: 0.7384 (0.7412)
/home/nvidia/netmambaplus-reproduction/upstream/NetMambaPlus/src/engine_mm.py:220: FutureWarning: `torch.cuda.amp.autocast(args...)` is deprecated. Please use `torch.amp.autocast('cuda', args...)` instead.
  with torch.cuda.amp.autocast():
[23:58:37.937713] Test:  [0/9]  loss: 0.3606 (0.3606)  acc1: 0.8828 (0.8828)  acc3: 0.9922 (0.9922)  eta: 0:00:03  time: 0.3705  data: 0.2300  max mem: 2933
[23:58:38.937824] Test:  [8/9]  loss: 0.3606 (0.4532)  acc1: 0.8828 (0.8471)  acc3: 0.9922 (0.9885)  eta: 0:00:00  time: 0.1522  data: 0.0257  max mem: 2933
[23:58:39.045105] Test: Total time: 0:00:01 (0.1647 s / it)
[23:58:39.110985] * Acc@1 0.8471 Acc@3 0.9885 loss 0.4532
[23:58:39.111083] * Pre 0.8612 Rec 0.8471 F1 0.8449
[23:58:39.112473] Accuracy of the network on test samples: 0.8471
[23:58:39.112485] F1 of the network on test samples: 0.8449
[23:58:39.112493] Max Accuracy: 0.8510
[23:58:39.112503] Max F1: 0.8520
[23:58:39.115066] log_dir: /home/nvidia/netmambaplus-reproduction/runs/ciciot-ft-seed1/logs
[23:58:40.003646] Epoch: [33]  [ 0/66]  lr: 0.000959  loss: 0.7001 (0.7001)  eta: 0:00:58  time: 0.8854  data: 0.2579  max mem: 2933
[23:58:52.301471] Epoch: [33]  [20/66]  lr: 0.000957  loss: 0.7231 (0.7319)  eta: 0:00:28  time: 0.6148  data: 0.0002  max mem: 2933
[23:59:04.997207] Epoch: [33]  [40/66]  lr: 0.000955  loss: 0.7296 (0.7311)  eta: 0:00:16  time: 0.6347  data: 0.0002  max mem: 2933
[23:59:17.608261] Epoch: [33]  [60/66]  lr: 0.000953  loss: 0.7388 (0.7312)  eta: 0:00:03  time: 0.6305  data: 0.0002  max mem: 2933
[23:59:19.720411] Epoch: [33]  [65/66]  lr: 0.000953  loss: 0.7168 (0.7249)  eta: 0:00:00  time: 0.5774  data: 0.0002  max mem: 2933
[23:59:19.808791] Epoch: [33] Total time: 0:00:40 (0.6166 s / it)
[23:59:19.808881] Averaged stats: lr: 0.000953  loss: 0.7168 (0.7249)
/home/nvidia/netmambaplus-reproduction/upstream/NetMambaPlus/src/engine_mm.py:220: FutureWarning: `torch.cuda.amp.autocast(args...)` is deprecated. Please use `torch.amp.autocast('cuda', args...)` instead.
  with torch.cuda.amp.autocast():
[23:59:20.179339] Test:  [0/9]  loss: 0.3923 (0.3923)  acc1: 0.8906 (0.8906)  acc3: 1.0000 (1.0000)  eta: 0:00:03  time: 0.3654  data: 0.2246  max mem: 2933
[23:59:21.177986] Test:  [8/9]  loss: 0.4426 (0.4553)  acc1: 0.8203 (0.8577)  acc3: 0.9922 (0.9837)  eta: 0:00:00  time: 0.1515  data: 0.0251  max mem: 2933
[23:59:21.301121] Test: Total time: 0:00:01 (0.1656 s / it)
[23:59:21.368718] * Acc@1 0.8577 Acc@3 0.9837 loss 0.4553
[23:59:21.368783] * Pre 0.8643 Rec 0.8577 F1 0.8585
[23:59:21.435326] Accuracy of the network on test samples: 0.8577
[23:59:21.435718] F1 of the network on test samples: 0.8585
[23:59:21.435725] Max Accuracy: 0.8577
[23:59:21.435821] Max F1: 0.8585
[23:59:21.437144] log_dir: /home/nvidia/netmambaplus-reproduction/runs/ciciot-ft-seed1/logs
[23:59:22.287488] Epoch: [34]  [ 0/66]  lr: 0.000952  loss: 0.7003 (0.7003)  eta: 0:00:56  time: 0.8485  data: 0.2086  max mem: 2933
[23:59:34.540617] Epoch: [34]  [20/66]  lr: 0.000950  loss: 0.7160 (0.7258)  eta: 0:00:28  time: 0.6126  data: 0.0002  max mem: 2933
[23:59:47.186888] Epoch: [34]  [40/66]  lr: 0.000948  loss: 0.7028 (0.7191)  eta: 0:00:16  time: 0.6323  data: 0.0002  max mem: 2933
[23:59:59.822840] Epoch: [34]  [60/66]  lr: 0.000946  loss: 0.7303 (0.7238)  eta: 0:00:03  time: 0.6317  data: 0.0002  max mem: 2933
[00:00:02.034054] Epoch: [34]  [65/66]  lr: 0.000946  loss: 0.7125 (0.7192)  eta: 0:00:00  time: 0.5830  data: 0.0003  max mem: 2933
[00:00:02.156551] Epoch: [34] Total time: 0:00:40 (0.6170 s / it)
[00:00:02.157026] Averaged stats: lr: 0.000946  loss: 0.7125 (0.7192)
/home/nvidia/netmambaplus-reproduction/upstream/NetMambaPlus/src/engine_mm.py:220: FutureWarning: `torch.cuda.amp.autocast(args...)` is deprecated. Please use `torch.amp.autocast('cuda', args...)` instead.
  with torch.cuda.amp.autocast():
[00:00:02.562172] Test:  [0/9]  loss: 0.3867 (0.3867)  acc1: 0.8906 (0.8906)  acc3: 0.9922 (0.9922)  eta: 0:00:03  time: 0.4016  data: 0.2407  max mem: 2933
[00:00:03.579354] Test:  [8/9]  loss: 0.4417 (0.4625)  acc1: 0.8125 (0.8462)  acc3: 0.9922 (0.9837)  eta: 0:00:00  time: 0.1575  data: 0.0269  max mem: 2933
[00:00:03.686024] Test: Total time: 0:00:01 (0.1696 s / it)
[00:00:03.757335] * Acc@1 0.8462 Acc@3 0.9837 loss 0.4625
[00:00:03.757384] * Pre 0.8543 Rec 0.8462 F1 0.8468
[00:00:03.760037] Accuracy of the network on test samples: 0.8462
[00:00:03.760378] F1 of the network on test samples: 0.8468
[00:00:03.760385] Max Accuracy: 0.8577
[00:00:03.760494] Max F1: 0.8585
[00:00:03.762922] log_dir: /home/nvidia/netmambaplus-reproduction/runs/ciciot-ft-seed1/logs
[00:00:04.655935] Epoch: [35]  [ 0/66]  lr: 0.000946  loss: 0.7766 (0.7766)  eta: 0:00:58  time: 0.8904  data: 0.2318  max mem: 2933
[00:00:17.204881] Epoch: [35]  [20/66]  lr: 0.000943  loss: 0.7333 (0.7252)  eta: 0:00:29  time: 0.6274  data: 0.0004  max mem: 2933
[00:00:30.205903] Epoch: [35]  [40/66]  lr: 0.000941  loss: 0.7161 (0.7217)  eta: 0:00:16  time: 0.6500  data: 0.0003  max mem: 2933
[00:00:43.207800] Epoch: [35]  [60/66]  lr: 0.000939  loss: 0.7202 (0.7214)  eta: 0:00:03  time: 0.6500  data: 0.0004  max mem: 2933
[00:00:45.443474] Epoch: [35]  [65/66]  lr: 0.000938  loss: 0.7123 (0.7221)  eta: 0:00:00  time: 0.5957  data: 0.0004  max mem: 2933
[00:00:45.558074] Epoch: [35] Total time: 0:00:41 (0.6333 s / it)
[00:00:45.558310] Averaged stats: lr: 0.000938  loss: 0.7123 (0.7221)
/home/nvidia/netmambaplus-reproduction/upstream/NetMambaPlus/src/engine_mm.py:220: FutureWarning: `torch.cuda.amp.autocast(args...)` is deprecated. Please use `torch.amp.autocast('cuda', args...)` instead.
  with torch.cuda.amp.autocast():
[00:00:45.979556] Test:  [0/9]  loss: 0.3918 (0.3918)  acc1: 0.8906 (0.8906)  acc3: 0.9922 (0.9922)  eta: 0:00:03  time: 0.4175  data: 0.2711  max mem: 2933
[00:00:47.002774] Test:  [8/9]  loss: 0.4500 (0.4683)  acc1: 0.8125 (0.8481)  acc3: 0.9922 (0.9846)  eta: 0:00:00  time: 0.1600  data: 0.0303  max mem: 2933
[00:00:47.120798] Test: Total time: 0:00:01 (0.1734 s / it)
[00:00:47.194118] * Acc@1 0.8481 Acc@3 0.9846 loss 0.4683
[00:00:47.194160] * Pre 0.8549 Rec 0.8481 F1 0.8490
[00:00:47.196691] Accuracy of the network on test samples: 0.8481
[00:00:47.196702] F1 of the network on test samples: 0.8490
[00:00:47.196707] Max Accuracy: 0.8577
[00:00:47.196711] Max F1: 0.8585
[00:00:47.200034] log_dir: /home/nvidia/netmambaplus-reproduction/runs/ciciot-ft-seed1/logs
[00:00:48.116829] Epoch: [36]  [ 0/66]  lr: 0.000938  loss: 0.7991 (0.7991)  eta: 0:01:00  time: 0.9145  data: 0.2724  max mem: 2933
[00:01:01.194670] Epoch: [36]  [20/66]  lr: 0.000936  loss: 0.7188 (0.7403)  eta: 0:00:30  time: 0.6538  data: 0.0005  max mem: 2933
[00:01:14.652536] Epoch: [36]  [40/66]  lr: 0.000934  loss: 0.7134 (0.7303)  eta: 0:00:17  time: 0.6728  data: 0.0005  max mem: 2933
[00:01:27.421464] Epoch: [36]  [60/66]  lr: 0.000931  loss: 0.7077 (0.7274)  eta: 0:00:03  time: 0.6384  data: 0.0002  max mem: 2933
[00:01:29.721045] Epoch: [36]  [65/66]  lr: 0.000931  loss: 0.7065 (0.7226)  eta: 0:00:00  time: 0.5919  data: 0.0002  max mem: 2933
[00:01:29.829946] Epoch: [36] Total time: 0:00:42 (0.6459 s / it)
[00:01:29.830206] Averaged stats: lr: 0.000931  loss: 0.7065 (0.7226)
/home/nvidia/netmambaplus-reproduction/upstream/NetMambaPlus/src/engine_mm.py:220: FutureWarning: `torch.cuda.amp.autocast(args...)` is deprecated. Please use `torch.amp.autocast('cuda', args...)` instead.
  with torch.cuda.amp.autocast():
[00:01:30.227012] Test:  [0/9]  loss: 0.4160 (0.4160)  acc1: 0.8828 (0.8828)  acc3: 0.9922 (0.9922)  eta: 0:00:03  time: 0.3912  data: 0.2525  max mem: 2933
[00:01:31.216831] Test:  [8/9]  loss: 0.4348 (0.4645)  acc1: 0.8438 (0.8510)  acc3: 0.9922 (0.9885)  eta: 0:00:00  time: 0.1534  data: 0.0282  max mem: 2933
[00:01:31.323051] Test: Total time: 0:00:01 (0.1655 s / it)
[00:01:31.395287] * Acc@1 0.8510 Acc@3 0.9885 loss 0.4645
[00:01:31.395455] * Pre 0.8594 Rec 0.8510 F1 0.8496
[00:01:31.397517] Accuracy of the network on test samples: 0.8510
[00:01:31.398479] F1 of the network on test samples: 0.8496
[00:01:31.398529] Max Accuracy: 0.8577
[00:01:31.398540] Max F1: 0.8585
[00:01:31.400803] log_dir: /home/nvidia/netmambaplus-reproduction/runs/ciciot-ft-seed1/logs
[00:01:32.268115] Epoch: [37]  [ 0/66]  lr: 0.000930  loss: 0.7419 (0.7419)  eta: 0:00:57  time: 0.8656  data: 0.2292  max mem: 2933
[00:01:44.757407] Epoch: [37]  [20/66]  lr: 0.000928  loss: 0.7043 (0.7177)  eta: 0:00:29  time: 0.6244  data: 0.0003  max mem: 2933
[00:01:57.609557] Epoch: [37]  [40/66]  lr: 0.000926  loss: 0.7237 (0.7224)  eta: 0:00:16  time: 0.6425  data: 0.0002  max mem: 2933
[00:02:10.291185] Epoch: [37]  [60/66]  lr: 0.000923  loss: 0.7103 (0.7156)  eta: 0:00:03  time: 0.6340  data: 0.0002  max mem: 2933
[00:02:12.567605] Epoch: [37]  [65/66]  lr: 0.000922  loss: 0.7043 (0.7146)  eta: 0:00:00  time: 0.5868  data: 0.0002  max mem: 2933
[00:02:12.674287] Epoch: [37] Total time: 0:00:41 (0.6254 s / it)
[00:02:12.674393] Averaged stats: lr: 0.000922  loss: 0.7043 (0.7146)
/home/nvidia/netmambaplus-reproduction/upstream/NetMambaPlus/src/engine_mm.py:220: FutureWarning: `torch.cuda.amp.autocast(args...)` is deprecated. Please use `torch.amp.autocast('cuda', args...)` instead.
  with torch.cuda.amp.autocast():
[00:02:13.066059] Test:  [0/9]  loss: 0.3726 (0.3726)  acc1: 0.8906 (0.8906)  acc3: 0.9922 (0.9922)  eta: 0:00:03  time: 0.3851  data: 0.2454  max mem: 2933
[00:02:14.065053] Test:  [8/9]  loss: 0.5376 (0.4789)  acc1: 0.8047 (0.8471)  acc3: 0.9922 (0.9865)  eta: 0:00:00  time: 0.1537  data: 0.0274  max mem: 2933
[00:02:14.175743] Test: Total time: 0:00:01 (0.1666 s / it)
[00:02:14.240553] * Acc@1 0.8471 Acc@3 0.9865 loss 0.4789
[00:02:14.240619] * Pre 0.8589 Rec 0.8471 F1 0.8486
[00:02:14.242403] Accuracy of the network on test samples: 0.8471
[00:02:14.242979] F1 of the network on test samples: 0.8486
[00:02:14.243258] Max Accuracy: 0.8577
[00:02:14.243276] Max F1: 0.8585
[00:02:14.245441] log_dir: /home/nvidia/netmambaplus-reproduction/runs/ciciot-ft-seed1/logs
[00:02:15.108580] Epoch: [38]  [ 0/66]  lr: 0.000922  loss: 0.6936 (0.6936)  eta: 0:00:56  time: 0.8602  data: 0.2180  max mem: 2933
[00:02:27.414165] Epoch: [38]  [20/66]  lr: 0.000920  loss: 0.7248 (0.7254)  eta: 0:00:28  time: 0.6152  data: 0.0002  max mem: 2933
[00:02:40.096838] Epoch: [38]  [40/66]  lr: 0.000917  loss: 0.7123 (0.7244)  eta: 0:00:16  time: 0.6341  data: 0.0003  max mem: 2933
[00:02:52.668142] Epoch: [38]  [60/66]  lr: 0.000914  loss: 0.7084 (0.7193)  eta: 0:00:03  time: 0.6285  data: 0.0002  max mem: 2933
[00:02:54.969626] Epoch: [38]  [65/66]  lr: 0.000914  loss: 0.7084 (0.7395)  eta: 0:00:00  time: 0.5831  data: 0.0002  max mem: 2933
[00:02:55.084026] Epoch: [38] Total time: 0:00:40 (0.6188 s / it)
[00:02:55.084320] Averaged stats: lr: 0.000914  loss: 0.7084 (0.7395)
/home/nvidia/netmambaplus-reproduction/upstream/NetMambaPlus/src/engine_mm.py:220: FutureWarning: `torch.cuda.amp.autocast(args...)` is deprecated. Please use `torch.amp.autocast('cuda', args...)` instead.
  with torch.cuda.amp.autocast():
[00:02:55.456497] Test:  [0/9]  loss: 0.3550 (0.3550)  acc1: 0.8906 (0.8906)  acc3: 0.9922 (0.9922)  eta: 0:00:03  time: 0.3678  data: 0.2231  max mem: 2933
[00:02:56.510354] Test:  [8/9]  loss: 0.4622 (0.4720)  acc1: 0.8359 (0.8471)  acc3: 0.9922 (0.9827)  eta: 0:00:00  time: 0.1579  data: 0.0249  max mem: 2933
[00:02:56.613902] Test: Total time: 0:00:01 (0.1696 s / it)
[00:02:56.681395] * Acc@1 0.8471 Acc@3 0.9827 loss 0.4720
[00:02:56.681432] * Pre 0.8570 Rec 0.8471 F1 0.8457
[00:02:56.682984] Accuracy of the network on test samples: 0.8471
[00:02:56.682998] F1 of the network on test samples: 0.8457
[00:02:56.683005] Max Accuracy: 0.8577
[00:02:56.683011] Max F1: 0.8585
[00:02:56.686212] log_dir: /home/nvidia/netmambaplus-reproduction/runs/ciciot-ft-seed1/logs
[00:02:57.512441] Epoch: [39]  [ 0/66]  lr: 0.000914  loss: 0.7182 (0.7182)  eta: 0:00:54  time: 0.8237  data: 0.2366  max mem: 2933
[00:03:10.516779] Epoch: [39]  [20/66]  lr: 0.000911  loss: 0.7473 (0.7661)  eta: 0:00:30  time: 0.6502  data: 0.0002  max mem: 2933
[00:03:23.206076] Epoch: [39]  [40/66]  lr: 0.000908  loss: 0.7017 (0.7463)  eta: 0:00:16  time: 0.6344  data: 0.0003  max mem: 2933
[00:03:35.662484] Epoch: [39]  [60/66]  lr: 0.000905  loss: 0.7140 (0.7344)  eta: 0:00:03  time: 0.6228  data: 0.0002  max mem: 2933
[00:03:37.963340] Epoch: [39]  [65/66]  lr: 0.000905  loss: 0.7134 (0.7294)  eta: 0:00:00  time: 0.5793  data: 0.0002  max mem: 2933
[00:03:38.075631] Epoch: [39] Total time: 0:00:41 (0.6271 s / it)
[00:03:38.075741] Averaged stats: lr: 0.000905  loss: 0.7134 (0.7294)
/home/nvidia/netmambaplus-reproduction/upstream/NetMambaPlus/src/engine_mm.py:220: FutureWarning: `torch.cuda.amp.autocast(args...)` is deprecated. Please use `torch.amp.autocast('cuda', args...)` instead.
  with torch.cuda.amp.autocast():
[00:03:38.452000] Test:  [0/9]  loss: 0.3606 (0.3606)  acc1: 0.8906 (0.8906)  acc3: 0.9922 (0.9922)  eta: 0:00:03  time: 0.3730  data: 0.2258  max mem: 2933
[00:03:39.440910] Test:  [8/9]  loss: 0.4446 (0.4489)  acc1: 0.8281 (0.8538)  acc3: 0.9922 (0.9856)  eta: 0:00:00  time: 0.1513  data: 0.0252  max mem: 2933
[00:03:39.555045] Test: Total time: 0:00:01 (0.1642 s / it)
[00:03:39.622343] * Acc@1 0.8538 Acc@3 0.9856 loss 0.4489
[00:03:39.622384] * Pre 0.8643 Rec 0.8538 F1 0.8552
[00:03:39.623256] Accuracy of the network on test samples: 0.8538
[00:03:39.623267] F1 of the network on test samples: 0.8552
[00:03:39.623273] Max Accuracy: 0.8577
[00:03:39.623278] Max F1: 0.8585
[00:03:39.626431] log_dir: /home/nvidia/netmambaplus-reproduction/runs/ciciot-ft-seed1/logs
[00:03:40.464419] Epoch: [40]  [ 0/66]  lr: 0.000905  loss: 0.5999 (0.5999)  eta: 0:00:55  time: 0.8352  data: 0.2511  max mem: 2933
[00:03:52.875306] Epoch: [40]  [20/66]  lr: 0.000902  loss: 0.6825 (0.6979)  eta: 0:00:29  time: 0.6205  data: 0.0002  max mem: 2933
[00:04:05.501833] Epoch: [40]  [40/66]  lr: 0.000899  loss: 0.7307 (0.7122)  eta: 0:00:16  time: 0.6313  data: 0.0002  max mem: 2933
[00:04:17.928039] Epoch: [40]  [60/66]  lr: 0.000896  loss: 0.7036 (0.7117)  eta: 0:00:03  time: 0.6213  data: 0.0002  max mem: 2933
[00:04:20.257037] Epoch: [40]  [65/66]  lr: 0.000895  loss: 0.7141 (0.7134)  eta: 0:00:00  time: 0.5791  data: 0.0002  max mem: 2933
[00:04:20.366652] Epoch: [40] Total time: 0:00:40 (0.6173 s / it)
[00:04:20.366747] Averaged stats: lr: 0.000895  loss: 0.7141 (0.7134)
/home/nvidia/netmambaplus-reproduction/upstream/NetMambaPlus/src/engine_mm.py:220: FutureWarning: `torch.cuda.amp.autocast(args...)` is deprecated. Please use `torch.amp.autocast('cuda', args...)` instead.
  with torch.cuda.amp.autocast():
[00:04:20.756941] Test:  [0/9]  loss: 0.3345 (0.3345)  acc1: 0.8906 (0.8906)  acc3: 0.9922 (0.9922)  eta: 0:00:03  time: 0.3865  data: 0.2452  max mem: 2933
[00:04:21.600292] Test:  [8/9]  loss: 0.4409 (0.4500)  acc1: 0.8125 (0.8538)  acc3: 0.9844 (0.9837)  eta: 0:00:00  time: 0.1366  data: 0.0274  max mem: 2933
[00:04:21.692292] Test: Total time: 0:00:01 (0.1470 s / it)
[00:04:21.752148] * Acc@1 0.8538 Acc@3 0.9837 loss 0.4500
[00:04:21.752186] * Pre 0.8598 Rec 0.8538 F1 0.8545
[00:04:21.752991] Accuracy of the network on test samples: 0.8538
[00:04:21.753003] F1 of the network on test samples: 0.8545
[00:04:21.753009] Max Accuracy: 0.8577
[00:04:21.753014] Max F1: 0.8585
[00:04:21.755684] log_dir: /home/nvidia/netmambaplus-reproduction/runs/ciciot-ft-seed1/logs
[00:04:22.521309] Epoch: [41]  [ 0/66]  lr: 0.000895  loss: 0.7239 (0.7239)  eta: 0:00:50  time: 0.7625  data: 0.1626  max mem: 2933
[00:04:35.020005] Epoch: [41]  [20/66]  lr: 0.000892  loss: 0.6812 (0.7018)  eta: 0:00:29  time: 0.6249  data: 0.0002  max mem: 2933
[00:04:47.653682] Epoch: [41]  [40/66]  lr: 0.000889  loss: 0.6882 (0.7077)  eta: 0:00:16  time: 0.6316  data: 0.0003  max mem: 2933
[00:05:00.006727] Epoch: [41]  [60/66]  lr: 0.000886  loss: 0.7284 (0.7124)  eta: 0:00:03  time: 0.6176  data: 0.0002  max mem: 2933
[00:05:02.444458] Epoch: [41]  [65/66]  lr: 0.000886  loss: 0.7171 (0.7101)  eta: 0:00:00  time: 0.5808  data: 0.0002  max mem: 2933
[00:05:02.552079] Epoch: [41] Total time: 0:00:40 (0.6181 s / it)
[00:05:02.552151] Averaged stats: lr: 0.000886  loss: 0.7171 (0.7101)
/home/nvidia/netmambaplus-reproduction/upstream/NetMambaPlus/src/engine_mm.py:220: FutureWarning: `torch.cuda.amp.autocast(args...)` is deprecated. Please use `torch.amp.autocast('cuda', args...)` instead.
  with torch.cuda.amp.autocast():
[00:05:02.873174] Test:  [0/9]  loss: 0.4033 (0.4033)  acc1: 0.8906 (0.8906)  acc3: 0.9922 (0.9922)  eta: 0:00:02  time: 0.3181  data: 0.2244  max mem: 2933
[00:05:03.804819] Test:  [8/9]  loss: 0.4705 (0.4615)  acc1: 0.8203 (0.8481)  acc3: 0.9922 (0.9856)  eta: 0:00:00  time: 0.1388  data: 0.0251  max mem: 2933
[00:05:03.891582] Test: Total time: 0:00:01 (0.1487 s / it)
[00:05:03.956467] * Acc@1 0.8481 Acc@3 0.9856 loss 0.4615
[00:05:03.956580] * Pre 0.8600 Rec 0.8481 F1 0.8495
[00:05:03.958128] Accuracy of the network on test samples: 0.8481
[00:05:03.958140] F1 of the network on test samples: 0.8495
[00:05:03.958764] Max Accuracy: 0.8577
[00:05:03.958989] Max F1: 0.8585
[00:05:03.961040] log_dir: /home/nvidia/netmambaplus-reproduction/runs/ciciot-ft-seed1/logs
[00:05:04.708691] Epoch: [42]  [ 0/66]  lr: 0.000885  loss: 0.7918 (0.7918)  eta: 0:00:49  time: 0.7443  data: 0.2225  max mem: 2933
[00:05:17.570470] Epoch: [42]  [20/66]  lr: 0.000882  loss: 0.7070 (0.7067)  eta: 0:00:29  time: 0.6430  data: 0.0003  max mem: 2933
[00:05:30.477610] Epoch: [42]  [40/66]  lr: 0.000879  loss: 0.6967 (0.7060)  eta: 0:00:16  time: 0.6453  data: 0.0003  max mem: 2933
[00:05:42.928146] Epoch: [42]  [60/66]  lr: 0.000876  loss: 0.7103 (0.7140)  eta: 0:00:03  time: 0.6225  data: 0.0003  max mem: 2933
[00:05:45.364507] Epoch: [42]  [65/66]  lr: 0.000875  loss: 0.7184 (0.7126)  eta: 0:00:00  time: 0.5830  data: 0.0003  max mem: 2933
[00:05:45.482939] Epoch: [42] Total time: 0:00:41 (0.6291 s / it)
[00:05:45.483241] Averaged stats: lr: 0.000875  loss: 0.7184 (0.7126)
/home/nvidia/netmambaplus-reproduction/upstream/NetMambaPlus/src/engine_mm.py:220: FutureWarning: `torch.cuda.amp.autocast(args...)` is deprecated. Please use `torch.amp.autocast('cuda', args...)` instead.
  with torch.cuda.amp.autocast():
[00:05:45.834083] Test:  [0/9]  loss: 0.3748 (0.3748)  acc1: 0.8828 (0.8828)  acc3: 0.9922 (0.9922)  eta: 0:00:03  time: 0.3473  data: 0.2150  max mem: 2933
[00:05:46.751466] Test:  [8/9]  loss: 0.3857 (0.4436)  acc1: 0.8438 (0.8490)  acc3: 0.9844 (0.9837)  eta: 0:00:00  time: 0.1405  data: 0.0241  max mem: 2933
[00:05:46.849769] Test: Total time: 0:00:01 (0.1516 s / it)
[00:05:46.921707] * Acc@1 0.8490 Acc@3 0.9837 loss 0.4436
[00:05:46.921827] * Pre 0.8591 Rec 0.8490 F1 0.8479
[00:05:46.924512] Accuracy of the network on test samples: 0.8490
[00:05:46.925083] F1 of the network on test samples: 0.8479
[00:05:46.925093] Max Accuracy: 0.8577
[00:05:46.925101] Max F1: 0.8585
[00:05:46.928840] log_dir: /home/nvidia/netmambaplus-reproduction/runs/ciciot-ft-seed1/logs
[00:05:47.854296] Epoch: [43]  [ 0/66]  lr: 0.000875  loss: 0.6044 (0.6044)  eta: 0:01:00  time: 0.9235  data: 0.2415  max mem: 2933
[00:06:00.814783] Epoch: [43]  [20/66]  lr: 0.000872  loss: 0.7224 (0.7194)  eta: 0:00:30  time: 0.6480  data: 0.0003  max mem: 2933
[00:06:13.713412] Epoch: [43]  [40/66]  lr: 0.000869  loss: 0.6925 (0.7106)  eta: 0:00:16  time: 0.6449  data: 0.0003  max mem: 2933
[00:06:26.146864] Epoch: [43]  [60/66]  lr: 0.000866  loss: 0.7137 (0.7116)  eta: 0:00:03  time: 0.6216  data: 0.0003  max mem: 2933
[00:06:28.604722] Epoch: [43]  [65/66]  lr: 0.000865  loss: 0.7345 (0.7142)  eta: 0:00:00  time: 0.5828  data: 0.0003  max mem: 2933
[00:06:28.689011] Epoch: [43] Total time: 0:00:41 (0.6327 s / it)
[00:06:28.689171] Averaged stats: lr: 0.000865  loss: 0.7345 (0.7142)
/home/nvidia/netmambaplus-reproduction/upstream/NetMambaPlus/src/engine_mm.py:220: FutureWarning: `torch.cuda.amp.autocast(args...)` is deprecated. Please use `torch.amp.autocast('cuda', args...)` instead.
  with torch.cuda.amp.autocast():
[00:06:29.014119] Test:  [0/9]  loss: 0.3511 (0.3511)  acc1: 0.8906 (0.8906)  acc3: 0.9922 (0.9922)  eta: 0:00:02  time: 0.3212  data: 0.1781  max mem: 2933
[00:06:29.831279] Test:  [8/9]  loss: 0.3865 (0.4494)  acc1: 0.8594 (0.8442)  acc3: 0.9922 (0.9865)  eta: 0:00:00  time: 0.1264  data: 0.0200  max mem: 2933
[00:06:29.951662] Test: Total time: 0:00:01 (0.1400 s / it)
[00:06:30.025077] * Acc@1 0.8442 Acc@3 0.9865 loss 0.4494
[00:06:30.025178] * Pre 0.8526 Rec 0.8442 F1 0.8409
[00:06:30.027020] Accuracy of the network on test samples: 0.8442
[00:06:30.027034] F1 of the network on test samples: 0.8409
[00:06:30.027040] Max Accuracy: 0.8577
[00:06:30.027045] Max F1: 0.8585
[00:06:30.030851] log_dir: /home/nvidia/netmambaplus-reproduction/runs/ciciot-ft-seed1/logs
[00:06:30.946240] Epoch: [44]  [ 0/66]  lr: 0.000865  loss: 0.7537 (0.7537)  eta: 0:01:00  time: 0.9131  data: 0.2524  max mem: 2933
[00:06:43.838139] Epoch: [44]  [20/66]  lr: 0.000861  loss: 0.7124 (0.7191)  eta: 0:00:30  time: 0.6445  data: 0.0002  max mem: 2933
[00:06:56.796320] Epoch: [44]  [40/66]  lr: 0.000858  loss: 0.7042 (0.7135)  eta: 0:00:16  time: 0.6479  data: 0.0003  max mem: 2933
[00:07:09.200761] Epoch: [44]  [60/66]  lr: 0.000855  loss: 0.7195 (0.7164)  eta: 0:00:03  time: 0.6202  data: 0.0003  max mem: 2933
[00:07:11.582944] Epoch: [44]  [65/66]  lr: 0.000854  loss: 0.7243 (0.7172)  eta: 0:00:00  time: 0.5786  data: 0.0004  max mem: 2933
[00:07:11.668139] Epoch: [44] Total time: 0:00:41 (0.6309 s / it)
[00:07:11.668285] Averaged stats: lr: 0.000854  loss: 0.7243 (0.7172)
/home/nvidia/netmambaplus-reproduction/upstream/NetMambaPlus/src/engine_mm.py:220: FutureWarning: `torch.cuda.amp.autocast(args...)` is deprecated. Please use `torch.amp.autocast('cuda', args...)` instead.
  with torch.cuda.amp.autocast():
[00:07:11.982344] Test:  [0/9]  loss: 0.3538 (0.3538)  acc1: 0.8828 (0.8828)  acc3: 0.9922 (0.9922)  eta: 0:00:02  time: 0.3109  data: 0.2127  max mem: 2933
[00:07:12.917734] Test:  [8/9]  loss: 0.4072 (0.4651)  acc1: 0.8438 (0.8567)  acc3: 0.9922 (0.9865)  eta: 0:00:00  time: 0.1384  data: 0.0238  max mem: 2933
[00:07:13.035795] Test: Total time: 0:00:01 (0.1518 s / it)
[00:07:13.103783] * Acc@1 0.8567 Acc@3 0.9865 loss 0.4651
[00:07:13.103846] * Pre 0.8626 Rec 0.8567 F1 0.8573
[00:07:13.105696] Accuracy of the network on test samples: 0.8567
[00:07:13.106481] F1 of the network on test samples: 0.8573
[00:07:13.106559] Max Accuracy: 0.8577
[00:07:13.106569] Max F1: 0.8585
[00:07:13.108919] log_dir: /home/nvidia/netmambaplus-reproduction/runs/ciciot-ft-seed1/logs
[00:07:13.970565] Epoch: [45]  [ 0/66]  lr: 0.000854  loss: 0.6780 (0.6780)  eta: 0:00:56  time: 0.8589  data: 0.2265  max mem: 2933
[00:07:26.716562] Epoch: [45]  [20/66]  lr: 0.000850  loss: 0.6962 (0.7096)  eta: 0:00:29  time: 0.6372  data: 0.0002  max mem: 2933
[00:07:39.377596] Epoch: [45]  [40/66]  lr: 0.000847  loss: 0.7160 (0.7139)  eta: 0:00:16  time: 0.6330  data: 0.0002  max mem: 2933
[00:07:51.577164] Epoch: [45]  [60/66]  lr: 0.000843  loss: 0.7085 (0.7174)  eta: 0:00:03  time: 0.6099  data: 0.0004  max mem: 2933
[00:07:53.809030] Epoch: [45]  [65/66]  lr: 0.000843  loss: 0.7070 (0.7118)  eta: 0:00:00  time: 0.5638  data: 0.0003  max mem: 2933
[00:07:53.934535] Epoch: [45] Total time: 0:00:40 (0.6186 s / it)
[00:07:53.934831] Averaged stats: lr: 0.000843  loss: 0.7070 (0.7118)
/home/nvidia/netmambaplus-reproduction/upstream/NetMambaPlus/src/engine_mm.py:220: FutureWarning: `torch.cuda.amp.autocast(args...)` is deprecated. Please use `torch.amp.autocast('cuda', args...)` instead.
  with torch.cuda.amp.autocast():
[00:07:54.326150] Test:  [0/9]  loss: 0.3647 (0.3647)  acc1: 0.8906 (0.8906)  acc3: 0.9922 (0.9922)  eta: 0:00:03  time: 0.3850  data: 0.2377  max mem: 2933
[00:07:55.335691] Test:  [8/9]  loss: 0.4089 (0.4497)  acc1: 0.8594 (0.8490)  acc3: 0.9922 (0.9808)  eta: 0:00:00  time: 0.1549  data: 0.0266  max mem: 2933
[00:07:55.462849] Test: Total time: 0:00:01 (0.1695 s / it)
[00:07:55.534581] * Acc@1 0.8490 Acc@3 0.9808 loss 0.4497
[00:07:55.534752] * Pre 0.8594 Rec 0.8490 F1 0.8474
[00:07:55.536614] Accuracy of the network on test samples: 0.8490
[00:07:55.536625] F1 of the network on test samples: 0.8474
[00:07:55.536637] Max Accuracy: 0.8577
[00:07:55.536647] Max F1: 0.8585
[00:07:55.540397] log_dir: /home/nvidia/netmambaplus-reproduction/runs/ciciot-ft-seed1/logs
[00:07:56.388693] Epoch: [46]  [ 0/66]  lr: 0.000842  loss: 0.7398 (0.7398)  eta: 0:00:55  time: 0.8456  data: 0.2069  max mem: 2933
[00:08:09.094355] Epoch: [46]  [20/66]  lr: 0.000839  loss: 0.6959 (0.7062)  eta: 0:00:29  time: 0.6352  data: 0.0002  max mem: 2933
[00:08:21.838239] Epoch: [46]  [40/66]  lr: 0.000835  loss: 0.7090 (0.7080)  eta: 0:00:16  time: 0.6371  data: 0.0003  max mem: 2933
[00:08:33.961192] Epoch: [46]  [60/66]  lr: 0.000832  loss: 0.7104 (0.7130)  eta: 0:00:03  time: 0.6061  data: 0.0002  max mem: 2933
[00:08:36.253322] Epoch: [46]  [65/66]  lr: 0.000831  loss: 0.7285 (0.7184)  eta: 0:00:00  time: 0.5631  data: 0.0002  max mem: 2933
[00:08:36.354400] Epoch: [46] Total time: 0:00:40 (0.6184 s / it)
[00:08:36.354567] Averaged stats: lr: 0.000831  loss: 0.7285 (0.7184)
/home/nvidia/netmambaplus-reproduction/upstream/NetMambaPlus/src/engine_mm.py:220: FutureWarning: `torch.cuda.amp.autocast(args...)` is deprecated. Please use `torch.amp.autocast('cuda', args...)` instead.
  with torch.cuda.amp.autocast():
[00:08:36.729595] Test:  [0/9]  loss: 0.3545 (0.3545)  acc1: 0.8906 (0.8906)  acc3: 0.9922 (0.9922)  eta: 0:00:03  time: 0.3707  data: 0.2335  max mem: 2933
[00:08:37.729542] Test:  [8/9]  loss: 0.4331 (0.4702)  acc1: 0.8281 (0.8490)  acc3: 0.9922 (0.9865)  eta: 0:00:00  time: 0.1522  data: 0.0262  max mem: 2933
[00:08:37.841905] Test: Total time: 0:00:01 (0.1649 s / it)
[00:08:37.905627] * Acc@1 0.8490 Acc@3 0.9865 loss 0.4702
[00:08:37.905696] * Pre 0.8577 Rec 0.8490 F1 0.8477
[00:08:37.907084] Accuracy of the network on test samples: 0.8490
[00:08:37.907092] F1 of the network on test samples: 0.8477
[00:08:37.907112] Max Accuracy: 0.8577
[00:08:37.907117] Max F1: 0.8585
[00:08:37.909869] log_dir: /home/nvidia/netmambaplus-reproduction/runs/ciciot-ft-seed1/logs
[00:08:38.774386] Epoch: [47]  [ 0/66]  lr: 0.000831  loss: 0.7497 (0.7497)  eta: 0:00:56  time: 0.8609  data: 0.2207  max mem: 2933
[00:08:51.466645] Epoch: [47]  [20/66]  lr: 0.000827  loss: 0.7090 (0.7158)  eta: 0:00:29  time: 0.6346  data: 0.0002  max mem: 2933
[00:09:04.083035] Epoch: [47]  [40/66]  lr: 0.000824  loss: 0.7334 (0.7219)  eta: 0:00:16  time: 0.6308  data: 0.0002  max mem: 2933
[00:09:16.066977] Epoch: [47]  [60/66]  lr: 0.000820  loss: 0.7153 (0.7174)  eta: 0:00:03  time: 0.5992  data: 0.0002  max mem: 2933
[00:09:18.435118] Epoch: [47]  [65/66]  lr: 0.000819  loss: 0.7214 (0.7173)  eta: 0:00:00  time: 0.5588  data: 0.0002  max mem: 2933
[00:09:18.546504] Epoch: [47] Total time: 0:00:40 (0.6157 s / it)
[00:09:18.546662] Averaged stats: lr: 0.000819  loss: 0.7214 (0.7173)
/home/nvidia/netmambaplus-reproduction/upstream/NetMambaPlus/src/engine_mm.py:220: FutureWarning: `torch.cuda.amp.autocast(args...)` is deprecated. Please use `torch.amp.autocast('cuda', args...)` instead.
  with torch.cuda.amp.autocast():
[00:09:18.959421] Test:  [0/9]  loss: 0.3813 (0.3813)  acc1: 0.8828 (0.8828)  acc3: 0.9922 (0.9922)  eta: 0:00:03  time: 0.4084  data: 0.2695  max mem: 2933
[00:09:19.951026] Test:  [8/9]  loss: 0.3918 (0.4486)  acc1: 0.8828 (0.8519)  acc3: 0.9922 (0.9827)  eta: 0:00:00  time: 0.1555  data: 0.0301  max mem: 2933
[00:09:20.051528] Test: Total time: 0:00:01 (0.1670 s / it)
[00:09:20.119151] * Acc@1 0.8519 Acc@3 0.9827 loss 0.4486
[00:09:20.119257] * Pre 0.8643 Rec 0.8519 F1 0.8501
[00:09:20.120813] Accuracy of the network on test samples: 0.8519
[00:09:20.120825] F1 of the network on test samples: 0.8501
[00:09:20.120833] Max Accuracy: 0.8577
[00:09:20.120841] Max F1: 0.8585
[00:09:20.123392] log_dir: /home/nvidia/netmambaplus-reproduction/runs/ciciot-ft-seed1/logs
[00:09:21.011944] Epoch: [48]  [ 0/66]  lr: 0.000819  loss: 0.7560 (0.7560)  eta: 0:00:58  time: 0.8866  data: 0.2613  max mem: 2933
[00:09:33.599136] Epoch: [48]  [20/66]  lr: 0.000815  loss: 0.7584 (0.7509)  eta: 0:00:29  time: 0.6293  data: 0.0002  max mem: 2933
[00:09:46.212239] Epoch: [48]  [40/66]  lr: 0.000812  loss: 0.7201 (0.7403)  eta: 0:00:16  time: 0.6306  data: 0.0002  max mem: 2933
[00:09:58.116826] Epoch: [48]  [60/66]  lr: 0.000808  loss: 0.7013 (0.7281)  eta: 0:00:03  time: 0.5952  data: 0.0002  max mem: 2933
[00:10:00.578713] Epoch: [48]  [65/66]  lr: 0.000807  loss: 0.7117 (0.7355)  eta: 0:00:00  time: 0.5606  data: 0.0002  max mem: 2933
[00:10:00.690656] Epoch: [48] Total time: 0:00:40 (0.6147 s / it)
[00:10:00.690802] Averaged stats: lr: 0.000807  loss: 0.7117 (0.7355)
/home/nvidia/netmambaplus-reproduction/upstream/NetMambaPlus/src/engine_mm.py:220: FutureWarning: `torch.cuda.amp.autocast(args...)` is deprecated. Please use `torch.amp.autocast('cuda', args...)` instead.
  with torch.cuda.amp.autocast():
[00:10:01.063466] Test:  [0/9]  loss: 0.3499 (0.3499)  acc1: 0.8828 (0.8828)  acc3: 0.9922 (0.9922)  eta: 0:00:03  time: 0.3652  data: 0.2238  max mem: 2933
[00:10:02.073411] Test:  [8/9]  loss: 0.4077 (0.4614)  acc1: 0.8438 (0.8308)  acc3: 0.9922 (0.9875)  eta: 0:00:00  time: 0.1527  data: 0.0251  max mem: 2933
[00:10:02.185142] Test: Total time: 0:00:01 (0.1658 s / it)
[00:10:02.254686] * Acc@1 0.8308 Acc@3 0.9875 loss 0.4614
[00:10:02.254796] * Pre 0.8362 Rec 0.8308 F1 0.8289
[00:10:02.256374] Accuracy of the network on test samples: 0.8308
[00:10:02.256385] F1 of the network on test samples: 0.8289
[00:10:02.256392] Max Accuracy: 0.8577
[00:10:02.256400] Max F1: 0.8585
[00:10:02.259256] log_dir: /home/nvidia/netmambaplus-reproduction/runs/ciciot-ft-seed1/logs
[00:10:03.152795] Epoch: [49]  [ 0/66]  lr: 0.000807  loss: 0.7139 (0.7139)  eta: 0:00:58  time: 0.8913  data: 0.2483  max mem: 2933
[00:10:15.901471] Epoch: [49]  [20/66]  lr: 0.000803  loss: 0.7545 (0.7376)  eta: 0:00:29  time: 0.6374  data: 0.0003  max mem: 2933
[00:10:28.695473] Epoch: [49]  [40/66]  lr: 0.000799  loss: 0.7055 (0.7288)  eta: 0:00:16  time: 0.6396  data: 0.0002  max mem: 2933
[00:10:40.822427] Epoch: [49]  [60/66]  lr: 0.000795  loss: 0.7189 (0.7244)  eta: 0:00:03  time: 0.6063  data: 0.0003  max mem: 2933
[00:10:43.215921] Epoch: [49]  [65/66]  lr: 0.000794  loss: 0.6964 (0.7191)  eta: 0:00:00  time: 0.5645  data: 0.0003  max mem: 2933
[00:10:43.330344] Epoch: [49] Total time: 0:00:41 (0.6223 s / it)
[00:10:43.330610] Averaged stats: lr: 0.000794  loss: 0.6964 (0.7191)
/home/nvidia/netmambaplus-reproduction/upstream/NetMambaPlus/src/engine_mm.py:220: FutureWarning: `torch.cuda.amp.autocast(args...)` is deprecated. Please use `torch.amp.autocast('cuda', args...)` instead.
  with torch.cuda.amp.autocast():
[00:10:43.696044] Test:  [0/9]  loss: 0.3843 (0.3843)  acc1: 0.8906 (0.8906)  acc3: 0.9844 (0.9844)  eta: 0:00:03  time: 0.3624  data: 0.2230  max mem: 2933
[00:10:44.693531] Test:  [8/9]  loss: 0.4307 (0.4602)  acc1: 0.8203 (0.8462)  acc3: 0.9844 (0.9875)  eta: 0:00:00  time: 0.1510  data: 0.0249  max mem: 2933
[00:10:44.818171] Test: Total time: 0:00:01 (0.1651 s / it)
[00:10:44.884866] * Acc@1 0.8462 Acc@3 0.9875 loss 0.4602
[00:10:44.884957] * Pre 0.8557 Rec 0.8462 F1 0.8486
[00:10:44.886874] Accuracy of the network on test samples: 0.8462
[00:10:44.887418] F1 of the network on test samples: 0.8486
[00:10:44.887429] Max Accuracy: 0.8577
[00:10:44.887438] Max F1: 0.8585
[00:10:44.890562] log_dir: /home/nvidia/netmambaplus-reproduction/runs/ciciot-ft-seed1/logs
[00:10:45.773130] Epoch: [50]  [ 0/66]  lr: 0.000794  loss: 0.7427 (0.7427)  eta: 0:00:58  time: 0.8806  data: 0.2259  max mem: 2933
[00:10:58.748673] Epoch: [50]  [20/66]  lr: 0.000790  loss: 0.7149 (0.7090)  eta: 0:00:30  time: 0.6487  data: 0.0003  max mem: 2933
[00:11:11.651488] Epoch: [50]  [40/66]  lr: 0.000786  loss: 0.6998 (0.7138)  eta: 0:00:16  time: 0.6451  data: 0.0003  max mem: 2933
[00:11:23.528336] Epoch: [50]  [60/66]  lr: 0.000782  loss: 0.7076 (0.7129)  eta: 0:00:03  time: 0.5938  data: 0.0003  max mem: 2933
[00:11:25.962053] Epoch: [50]  [65/66]  lr: 0.000781  loss: 0.7203 (0.7210)  eta: 0:00:00  time: 0.5541  data: 0.0002  max mem: 2933
[00:11:26.086154] Epoch: [50] Total time: 0:00:41 (0.6242 s / it)
[00:11:26.086260] Averaged stats: lr: 0.000781  loss: 0.7203 (0.7210)
/home/nvidia/netmambaplus-reproduction/upstream/NetMambaPlus/src/engine_mm.py:220: FutureWarning: `torch.cuda.amp.autocast(args...)` is deprecated. Please use `torch.amp.autocast('cuda', args...)` instead.
  with torch.cuda.amp.autocast():
[00:11:26.507595] Test:  [0/9]  loss: 0.3787 (0.3787)  acc1: 0.8828 (0.8828)  acc3: 0.9844 (0.9844)  eta: 0:00:03  time: 0.4171  data: 0.2680  max mem: 2933
[00:11:27.528127] Test:  [8/9]  loss: 0.4575 (0.4698)  acc1: 0.8359 (0.8519)  acc3: 0.9844 (0.9846)  eta: 0:00:00  time: 0.1597  data: 0.0299  max mem: 2933
[00:11:27.640367] Test: Total time: 0:00:01 (0.1724 s / it)
[00:11:28.641822] * Acc@1 0.8519 Acc@3 0.9846 loss 0.4698
[00:11:28.641871] * Pre 0.8625 Rec 0.8519 F1 0.8531
[00:11:28.643094] Accuracy of the network on test samples: 0.8519
[00:11:28.643410] F1 of the network on test samples: 0.8531
[00:11:28.643416] Max Accuracy: 0.8577
[00:11:28.643423] Max F1: 0.8585
[00:11:28.644724] log_dir: /home/nvidia/netmambaplus-reproduction/runs/ciciot-ft-seed1/logs
[00:11:29.489532] Epoch: [51]  [ 0/66]  lr: 0.000781  loss: 0.7349 (0.7349)  eta: 0:00:55  time: 0.8424  data: 0.2086  max mem: 2933
[00:11:42.398021] Epoch: [51]  [20/66]  lr: 0.000777  loss: 0.7348 (0.7289)  eta: 0:00:30  time: 0.6454  data: 0.0003  max mem: 2933
[00:11:55.361521] Epoch: [51]  [40/66]  lr: 0.000773  loss: 0.6981 (0.7176)  eta: 0:00:16  time: 0.6481  data: 0.0003  max mem: 2933
[00:12:07.468523] Epoch: [51]  [60/66]  lr: 0.000769  loss: 0.7028 (0.7112)  eta: 0:00:03  time: 0.6053  data: 0.0002  max mem: 2933
[00:12:10.072816] Epoch: [51]  [65/66]  lr: 0.000768  loss: 0.7118 (0.7089)  eta: 0:00:00  time: 0.5732  data: 0.0002  max mem: 2933
[00:12:10.195979] Epoch: [51] Total time: 0:00:41 (0.6296 s / it)
[00:12:10.196227] Averaged stats: lr: 0.000768  loss: 0.7118 (0.7089)
/home/nvidia/netmambaplus-reproduction/upstream/NetMambaPlus/src/engine_mm.py:220: FutureWarning: `torch.cuda.amp.autocast(args...)` is deprecated. Please use `torch.amp.autocast('cuda', args...)` instead.
  with torch.cuda.amp.autocast():
[00:12:10.605257] Test:  [0/9]  loss: 0.3726 (0.3726)  acc1: 0.8828 (0.8828)  acc3: 0.9922 (0.9922)  eta: 0:00:03  time: 0.4047  data: 0.2588  max mem: 2933
[00:12:11.598142] Test:  [8/9]  loss: 0.3823 (0.4532)  acc1: 0.8203 (0.8558)  acc3: 0.9922 (0.9875)  eta: 0:00:00  time: 0.1552  data: 0.0289  max mem: 2933
[00:12:11.711238] Test: Total time: 0:00:01 (0.1680 s / it)
[00:12:11.779001] * Acc@1 0.8558 Acc@3 0.9875 loss 0.4532
[00:12:11.779116] * Pre 0.8631 Rec 0.8558 F1 0.8567
[00:12:11.780668] Accuracy of the network on test samples: 0.8558
[00:12:11.780685] F1 of the network on test samples: 0.8567
[00:12:11.780693] Max Accuracy: 0.8577
[00:12:11.780701] Max F1: 0.8585
[00:12:11.783946] log_dir: /home/nvidia/netmambaplus-reproduction/runs/ciciot-ft-seed1/logs
[00:12:12.671244] Epoch: [52]  [ 0/66]  lr: 0.000768  loss: 0.6506 (0.6506)  eta: 0:00:58  time: 0.8851  data: 0.2270  max mem: 2933
[00:12:25.619731] Epoch: [52]  [20/66]  lr: 0.000764  loss: 0.6923 (0.6965)  eta: 0:00:30  time: 0.6474  data: 0.0003  max mem: 2933
[00:12:38.466203] Epoch: [52]  [40/66]  lr: 0.000760  loss: 0.6990 (0.7011)  eta: 0:00:16  time: 0.6423  data: 0.0002  max mem: 2933
[00:12:50.491334] Epoch: [52]  [60/66]  lr: 0.000756  loss: 0.7037 (0.7047)  eta: 0:00:03  time: 0.6012  data: 0.0002  max mem: 2933
[00:12:53.064960] Epoch: [52]  [65/66]  lr: 0.000755  loss: 0.7037 (0.7020)  eta: 0:00:00  time: 0.5663  data: 0.0002  max mem: 2933
[00:12:53.170576] Epoch: [52] Total time: 0:00:41 (0.6271 s / it)
[00:12:53.170648] Averaged stats: lr: 0.000755  loss: 0.7037 (0.7020)
/home/nvidia/netmambaplus-reproduction/upstream/NetMambaPlus/src/engine_mm.py:220: FutureWarning: `torch.cuda.amp.autocast(args...)` is deprecated. Please use `torch.amp.autocast('cuda', args...)` instead.
  with torch.cuda.amp.autocast():
[00:12:53.546803] Test:  [0/9]  loss: 0.3738 (0.3738)  acc1: 0.8828 (0.8828)  acc3: 0.9922 (0.9922)  eta: 0:00:03  time: 0.3728  data: 0.2313  max mem: 2933
[00:12:54.557160] Test:  [8/9]  loss: 0.4326 (0.4525)  acc1: 0.8438 (0.8567)  acc3: 0.9922 (0.9904)  eta: 0:00:00  time: 0.1536  data: 0.0259  max mem: 2933
[00:12:54.662204] Test: Total time: 0:00:01 (0.1655 s / it)
[00:12:54.727930] * Acc@1 0.8567 Acc@3 0.9904 loss 0.4525
[00:12:54.727985] * Pre 0.8680 Rec 0.8567 F1 0.8581
[00:12:54.729915] Accuracy of the network on test samples: 0.8567
[00:12:54.729932] F1 of the network on test samples: 0.8581
[00:12:54.729946] Max Accuracy: 0.8577
[00:12:54.729959] Max F1: 0.8585
[00:12:54.732434] log_dir: /home/nvidia/netmambaplus-reproduction/runs/ciciot-ft-seed1/logs
[00:12:55.632683] Epoch: [53]  [ 0/66]  lr: 0.000755  loss: 0.7027 (0.7027)  eta: 0:00:59  time: 0.8988  data: 0.2643  max mem: 2933
[00:13:08.394022] Epoch: [53]  [20/66]  lr: 0.000751  loss: 0.6767 (0.6887)  eta: 0:00:29  time: 0.6380  data: 0.0003  max mem: 2933
[00:13:21.075551] Epoch: [53]  [40/66]  lr: 0.000747  loss: 0.6932 (0.6946)  eta: 0:00:16  time: 0.6340  data: 0.0002  max mem: 2933
[00:13:32.596770] Epoch: [53]  [60/66]  lr: 0.000742  loss: 0.7284 (0.7014)  eta: 0:00:03  time: 0.5760  data: 0.0002  max mem: 2933
[00:13:35.136644] Epoch: [53]  [65/66]  lr: 0.000741  loss: 0.7284 (0.7070)  eta: 0:00:00  time: 0.5440  data: 0.0002  max mem: 2933
[00:13:35.252536] Epoch: [53] Total time: 0:00:40 (0.6139 s / it)
[00:13:35.252673] Averaged stats: lr: 0.000741  loss: 0.7284 (0.7070)
/home/nvidia/netmambaplus-reproduction/upstream/NetMambaPlus/src/engine_mm.py:220: FutureWarning: `torch.cuda.amp.autocast(args...)` is deprecated. Please use `torch.amp.autocast('cuda', args...)` instead.
  with torch.cuda.amp.autocast():
[00:13:35.610099] Test:  [0/9]  loss: 0.3586 (0.3586)  acc1: 0.8828 (0.8828)  acc3: 0.9922 (0.9922)  eta: 0:00:03  time: 0.3534  data: 0.2135  max mem: 2933
[00:13:36.613445] Test:  [8/9]  loss: 0.4307 (0.4479)  acc1: 0.8828 (0.8558)  acc3: 0.9922 (0.9923)  eta: 0:00:00  time: 0.1507  data: 0.0238  max mem: 2933
[00:13:36.715574] Test: Total time: 0:00:01 (0.1623 s / it)
[00:13:36.779298] * Acc@1 0.8558 Acc@3 0.9923 loss 0.4479
[00:13:36.779367] * Pre 0.8653 Rec 0.8558 F1 0.8547
[00:13:36.781255] Accuracy of the network on test samples: 0.8558
[00:13:36.781262] F1 of the network on test samples: 0.8547
[00:13:36.781266] Max Accuracy: 0.8577
[00:13:36.781270] Max F1: 0.8585
[00:13:36.784153] log_dir: /home/nvidia/netmambaplus-reproduction/runs/ciciot-ft-seed1/logs
[00:13:37.653577] Epoch: [54]  [ 0/66]  lr: 0.000741  loss: 0.8061 (0.8061)  eta: 0:00:57  time: 0.8662  data: 0.2322  max mem: 2933
[00:13:50.390506] Epoch: [54]  [20/66]  lr: 0.000737  loss: 0.6871 (0.7018)  eta: 0:00:29  time: 0.6368  data: 0.0002  max mem: 2933
[00:14:03.009680] Epoch: [54]  [40/66]  lr: 0.000733  loss: 0.6982 (0.7051)  eta: 0:00:16  time: 0.6309  data: 0.0002  max mem: 2933
[00:14:14.219692] Epoch: [54]  [60/66]  lr: 0.000729  loss: 0.7264 (0.7105)  eta: 0:00:03  time: 0.5605  data: 0.0002  max mem: 2933
[00:14:16.770242] Epoch: [54]  [65/66]  lr: 0.000727  loss: 0.7264 (0.7068)  eta: 0:00:00  time: 0.5303  data: 0.0002  max mem: 2933
[00:14:16.871524] Epoch: [54] Total time: 0:00:40 (0.6074 s / it)
[00:14:16.872133] Averaged stats: lr: 0.000727  loss: 0.7264 (0.7068)
/home/nvidia/netmambaplus-reproduction/upstream/NetMambaPlus/src/engine_mm.py:220: FutureWarning: `torch.cuda.amp.autocast(args...)` is deprecated. Please use `torch.amp.autocast('cuda', args...)` instead.
  with torch.cuda.amp.autocast():
[00:14:17.242456] Test:  [0/9]  loss: 0.3413 (0.3413)  acc1: 0.8828 (0.8828)  acc3: 0.9922 (0.9922)  eta: 0:00:03  time: 0.3662  data: 0.2203  max mem: 2933
[00:14:18.232976] Test:  [8/9]  loss: 0.4514 (0.4550)  acc1: 0.8125 (0.8538)  acc3: 0.9922 (0.9885)  eta: 0:00:00  time: 0.1507  data: 0.0246  max mem: 2933
[00:14:18.351453] Test: Total time: 0:00:01 (0.1641 s / it)
[00:14:18.418857] * Acc@1 0.8538 Acc@3 0.9885 loss 0.4550
[00:14:18.418983] * Pre 0.8619 Rec 0.8538 F1 0.8549
[00:14:18.420922] Accuracy of the network on test samples: 0.8538
[00:14:18.421396] F1 of the network on test samples: 0.8549
[00:14:18.421404] Max Accuracy: 0.8577
[00:14:18.421411] Max F1: 0.8585
[00:14:18.424055] log_dir: /home/nvidia/netmambaplus-reproduction/runs/ciciot-ft-seed1/logs
[00:14:19.285657] Epoch: [55]  [ 0/66]  lr: 0.000727  loss: 0.6847 (0.6847)  eta: 0:00:56  time: 0.8601  data: 0.2226  max mem: 2933
[00:14:31.898155] Epoch: [55]  [20/66]  lr: 0.000723  loss: 0.7163 (0.7141)  eta: 0:00:29  time: 0.6306  data: 0.0002  max mem: 2933
[00:14:44.514118] Epoch: [55]  [40/66]  lr: 0.000719  loss: 0.6991 (0.7071)  eta: 0:00:16  time: 0.6307  data: 0.0002  max mem: 2933
[00:14:56.258143] Epoch: [55]  [60/66]  lr: 0.000714  loss: 0.6997 (0.7076)  eta: 0:00:03  time: 0.5872  data: 0.0002  max mem: 2933
[00:14:58.823808] Epoch: [55]  [65/66]  lr: 0.000713  loss: 0.6987 (0.7035)  eta: 0:00:00  time: 0.5584  data: 0.0002  max mem: 2933
[00:14:58.932871] Epoch: [55] Total time: 0:00:40 (0.6138 s / it)
[00:14:58.933000] Averaged stats: lr: 0.000713  loss: 0.6987 (0.7035)
/home/nvidia/netmambaplus-reproduction/upstream/NetMambaPlus/src/engine_mm.py:220: FutureWarning: `torch.cuda.amp.autocast(args...)` is deprecated. Please use `torch.amp.autocast('cuda', args...)` instead.
  with torch.cuda.amp.autocast():
[00:14:59.302664] Test:  [0/9]  loss: 0.3718 (0.3718)  acc1: 0.8828 (0.8828)  acc3: 0.9922 (0.9922)  eta: 0:00:03  time: 0.3665  data: 0.2219  max mem: 2933
[00:15:00.310510] Test:  [8/9]  loss: 0.4343 (0.4451)  acc1: 0.8438 (0.8567)  acc3: 0.9922 (0.9875)  eta: 0:00:00  time: 0.1526  data: 0.0248  max mem: 2933
[00:15:00.402902] Test: Total time: 0:00:01 (0.1631 s / it)
[00:15:00.468788] * Acc@1 0.8567 Acc@3 0.9875 loss 0.4451
[00:15:00.468847] * Pre 0.8648 Rec 0.8567 F1 0.8578
[00:15:00.471336] Accuracy of the network on test samples: 0.8567
[00:15:00.471973] F1 of the network on test samples: 0.8578
[00:15:00.471985] Max Accuracy: 0.8577
[00:15:00.471996] Max F1: 0.8585
[00:15:00.474340] log_dir: /home/nvidia/netmambaplus-reproduction/runs/ciciot-ft-seed1/logs
[00:15:01.368245] Epoch: [56]  [ 0/66]  lr: 0.000713  loss: 0.6956 (0.6956)  eta: 0:00:58  time: 0.8909  data: 0.2484  max mem: 2933
[00:15:14.302976] Epoch: [56]  [20/66]  lr: 0.000709  loss: 0.6990 (0.6890)  eta: 0:00:30  time: 0.6467  data: 0.0003  max mem: 2933
[00:15:27.187089] Epoch: [56]  [40/66]  lr: 0.000705  loss: 0.6935 (0.6930)  eta: 0:00:16  time: 0.6441  data: 0.0004  max mem: 2933
[00:15:39.317106] Epoch: [56]  [60/66]  lr: 0.000700  loss: 0.7174 (0.7034)  eta: 0:00:03  time: 0.6064  data: 0.0004  max mem: 2933
[00:15:41.903243] Epoch: [56]  [65/66]  lr: 0.000699  loss: 0.7250 (0.7108)  eta: 0:00:00  time: 0.5735  data: 0.0005  max mem: 2933
[00:15:42.023738] Epoch: [56] Total time: 0:00:41 (0.6295 s / it)
[00:15:42.023840] Averaged stats: lr: 0.000699  loss: 0.7250 (0.7108)
/home/nvidia/netmambaplus-reproduction/upstream/NetMambaPlus/src/engine_mm.py:220: FutureWarning: `torch.cuda.amp.autocast(args...)` is deprecated. Please use `torch.amp.autocast('cuda', args...)` instead.
  with torch.cuda.amp.autocast():
[00:15:42.403728] Test:  [0/9]  loss: 0.3279 (0.3279)  acc1: 0.8906 (0.8906)  acc3: 1.0000 (1.0000)  eta: 0:00:03  time: 0.3747  data: 0.2293  max mem: 2933
[00:15:43.413662] Test:  [8/9]  loss: 0.4387 (0.4508)  acc1: 0.8125 (0.8538)  acc3: 0.9922 (0.9865)  eta: 0:00:00  time: 0.1538  data: 0.0256  max mem: 2933
[00:15:43.530456] Test: Total time: 0:00:01 (0.1672 s / it)
[00:15:43.596989] * Acc@1 0.8538 Acc@3 0.9865 loss 0.4508
[00:15:43.597104] * Pre 0.8620 Rec 0.8538 F1 0.8547
[00:15:43.598715] Accuracy of the network on test samples: 0.8538
[00:15:43.598737] F1 of the network on test samples: 0.8547
[00:15:43.598744] Max Accuracy: 0.8577
[00:15:43.598754] Max F1: 0.8585
[00:15:43.602351] log_dir: /home/nvidia/netmambaplus-reproduction/runs/ciciot-ft-seed1/logs
[00:15:44.502671] Epoch: [57]  [ 0/66]  lr: 0.000699  loss: 0.7022 (0.7022)  eta: 0:00:59  time: 0.8972  data: 0.2462  max mem: 2933
[00:15:57.379906] Epoch: [57]  [20/66]  lr: 0.000695  loss: 0.7077 (0.7065)  eta: 0:00:30  time: 0.6438  data: 0.0003  max mem: 2933
[00:16:10.260082] Epoch: [57]  [40/66]  lr: 0.000690  loss: 0.7040 (0.7073)  eta: 0:00:16  time: 0.6440  data: 0.0003  max mem: 2933
[00:16:22.408832] Epoch: [57]  [60/66]  lr: 0.000686  loss: 0.7252 (0.7100)  eta: 0:00:03  time: 0.6074  data: 0.0002  max mem: 2933
[00:16:25.022086] Epoch: [57]  [65/66]  lr: 0.000685  loss: 0.7252 (0.7093)  eta: 0:00:00  time: 0.5764  data: 0.0003  max mem: 2933
[00:16:25.132193] Epoch: [57] Total time: 0:00:41 (0.6292 s / it)
[00:16:25.132284] Averaged stats: lr: 0.000685  loss: 0.7252 (0.7093)
/home/nvidia/netmambaplus-reproduction/upstream/NetMambaPlus/src/engine_mm.py:220: FutureWarning: `torch.cuda.amp.autocast(args...)` is deprecated. Please use `torch.amp.autocast('cuda', args...)` instead.
  with torch.cuda.amp.autocast():
[00:16:25.550513] Test:  [0/9]  loss: 0.3599 (0.3599)  acc1: 0.8906 (0.8906)  acc3: 0.9922 (0.9922)  eta: 0:00:03  time: 0.4126  data: 0.2655  max mem: 2933
[00:16:26.550700] Test:  [8/9]  loss: 0.4099 (0.4436)  acc1: 0.8281 (0.8567)  acc3: 0.9922 (0.9894)  eta: 0:00:00  time: 0.1569  data: 0.0297  max mem: 2933
[00:16:26.649531] Test: Total time: 0:00:01 (0.1683 s / it)
[00:16:26.717150] * Acc@1 0.8567 Acc@3 0.9894 loss 0.4436
[00:16:26.717210] * Pre 0.8634 Rec 0.8567 F1 0.8576
[00:16:26.718549] Accuracy of the network on test samples: 0.8567
[00:16:26.718567] F1 of the network on test samples: 0.8576
[00:16:26.718884] Max Accuracy: 0.8577
[00:16:26.718892] Max F1: 0.8585
[00:16:26.721588] log_dir: /home/nvidia/netmambaplus-reproduction/runs/ciciot-ft-seed1/logs
[00:16:27.595510] Epoch: [58]  [ 0/66]  lr: 0.000684  loss: 0.6060 (0.6060)  eta: 0:00:57  time: 0.8715  data: 0.2254  max mem: 2933
[00:16:40.468707] Epoch: [58]  [20/66]  lr: 0.000680  loss: 0.6850 (0.7022)  eta: 0:00:30  time: 0.6436  data: 0.0002  max mem: 2933
[00:16:53.335303] Epoch: [58]  [40/66]  lr: 0.000676  loss: 0.7153 (0.7077)  eta: 0:00:16  time: 0.6433  data: 0.0002  max mem: 2933
[00:17:04.810711] Epoch: [58]  [60/66]  lr: 0.000671  loss: 0.7092 (0.7123)  eta: 0:00:03  time: 0.5737  data: 0.0002  max mem: 2933
[00:17:07.405403] Epoch: [58]  [65/66]  lr: 0.000670  loss: 0.7022 (0.7175)  eta: 0:00:00  time: 0.5400  data: 0.0002  max mem: 2933
[00:17:07.517080] Epoch: [58] Total time: 0:00:40 (0.6181 s / it)
[00:17:07.517306] Averaged stats: lr: 0.000670  loss: 0.7022 (0.7175)
/home/nvidia/netmambaplus-reproduction/upstream/NetMambaPlus/src/engine_mm.py:220: FutureWarning: `torch.cuda.amp.autocast(args...)` is deprecated. Please use `torch.amp.autocast('cuda', args...)` instead.
  with torch.cuda.amp.autocast():
[00:17:07.893841] Test:  [0/9]  loss: 0.3699 (0.3699)  acc1: 0.8906 (0.8906)  acc3: 0.9922 (0.9922)  eta: 0:00:03  time: 0.3705  data: 0.2275  max mem: 2933
[00:17:08.894591] Test:  [8/9]  loss: 0.4243 (0.4448)  acc1: 0.8281 (0.8567)  acc3: 0.9922 (0.9933)  eta: 0:00:00  time: 0.1523  data: 0.0254  max mem: 2933
[00:17:08.993286] Test: Total time: 0:00:01 (0.1637 s / it)
[00:17:09.061898] * Acc@1 0.8567 Acc@3 0.9933 loss 0.4448
[00:17:09.061966] * Pre 0.8654 Rec 0.8567 F1 0.8578
[00:17:09.064242] Accuracy of the network on test samples: 0.8567
[00:17:09.064252] F1 of the network on test samples: 0.8578
[00:17:09.064262] Max Accuracy: 0.8577
[00:17:09.064269] Max F1: 0.8585
[00:17:09.068079] log_dir: /home/nvidia/netmambaplus-reproduction/runs/ciciot-ft-seed1/logs
[00:17:09.974184] Epoch: [59]  [ 0/66]  lr: 0.000670  loss: 0.6727 (0.6727)  eta: 0:00:59  time: 0.9039  data: 0.2503  max mem: 2933
[00:17:22.888098] Epoch: [59]  [20/66]  lr: 0.000665  loss: 0.7306 (0.7293)  eta: 0:00:30  time: 0.6456  data: 0.0003  max mem: 2933
[00:17:35.670715] Epoch: [59]  [40/66]  lr: 0.000661  loss: 0.7098 (0.7231)  eta: 0:00:16  time: 0.6390  data: 0.0002  max mem: 2933
[00:17:47.422057] Epoch: [59]  [60/66]  lr: 0.000656  loss: 0.6854 (0.7165)  eta: 0:00:03  time: 0.5875  data: 0.0002  max mem: 2933
[00:17:49.983518] Epoch: [59]  [65/66]  lr: 0.000655  loss: 0.7242 (0.7244)  eta: 0:00:00  time: 0.5557  data: 0.0002  max mem: 2933
[00:17:50.087523] Epoch: [59] Total time: 0:00:41 (0.6215 s / it)
[00:17:50.087577] Averaged stats: lr: 0.000655  loss: 0.7242 (0.7244)
/home/nvidia/netmambaplus-reproduction/upstream/NetMambaPlus/src/engine_mm.py:220: FutureWarning: `torch.cuda.amp.autocast(args...)` is deprecated. Please use `torch.amp.autocast('cuda', args...)` instead.
  with torch.cuda.amp.autocast():
[00:17:50.488029] Test:  [0/9]  loss: 0.4121 (0.4121)  acc1: 0.8828 (0.8828)  acc3: 0.9922 (0.9922)  eta: 0:00:03  time: 0.3965  data: 0.2508  max mem: 2933
[00:17:51.494388] Test:  [8/9]  loss: 0.4590 (0.4934)  acc1: 0.8438 (0.8529)  acc3: 0.9922 (0.9885)  eta: 0:00:00  time: 0.1558  data: 0.0280  max mem: 2933
[00:17:51.603664] Test: Total time: 0:00:01 (0.1682 s / it)
[00:17:51.670019] * Acc@1 0.8529 Acc@3 0.9885 loss 0.4934
[00:17:51.670063] * Pre 0.8646 Rec 0.8529 F1 0.8542
[00:17:51.672724] Accuracy of the network on test samples: 0.8529
[00:17:51.672750] F1 of the network on test samples: 0.8542
[00:17:51.673276] Max Accuracy: 0.8577
[00:17:51.673288] Max F1: 0.8585
[00:17:51.676151] log_dir: /home/nvidia/netmambaplus-reproduction/runs/ciciot-ft-seed1/logs
[00:17:52.544313] Epoch: [60]  [ 0/66]  lr: 0.000655  loss: 0.7553 (0.7553)  eta: 0:00:57  time: 0.8654  data: 0.2196  max mem: 2933
[00:18:05.283929] Epoch: [60]  [20/66]  lr: 0.000650  loss: 0.7603 (0.7441)  eta: 0:00:29  time: 0.6369  data: 0.0002  max mem: 2933
[00:18:17.964924] Epoch: [60]  [40/66]  lr: 0.000646  loss: 0.7209 (0.7294)  eta: 0:00:16  time: 0.6340  data: 0.0002  max mem: 2933
[00:18:29.862527] Epoch: [60]  [60/66]  lr: 0.000641  loss: 0.7124 (0.7276)  eta: 0:00:03  time: 0.5948  data: 0.0003  max mem: 2933
[00:18:32.411426] Epoch: [60]  [65/66]  lr: 0.000640  loss: 0.7198 (0.7286)  eta: 0:00:00  time: 0.5616  data: 0.0003  max mem: 2933
[00:18:32.520910] Epoch: [60] Total time: 0:00:40 (0.6189 s / it)
[00:18:32.521017] Averaged stats: lr: 0.000640  loss: 0.7198 (0.7286)
/home/nvidia/netmambaplus-reproduction/upstream/NetMambaPlus/src/engine_mm.py:220: FutureWarning: `torch.cuda.amp.autocast(args...)` is deprecated. Please use `torch.amp.autocast('cuda', args...)` instead.
  with torch.cuda.amp.autocast():
[00:18:32.847789] Test:  [0/9]  loss: 0.3306 (0.3306)  acc1: 0.8828 (0.8828)  acc3: 0.9844 (0.9844)  eta: 0:00:02  time: 0.3239  data: 0.1851  max mem: 2933
[00:18:33.850472] Test:  [8/9]  loss: 0.4307 (0.4674)  acc1: 0.8203 (0.8471)  acc3: 0.9844 (0.9827)  eta: 0:00:00  time: 0.1473  data: 0.0207  max mem: 2933
[00:18:33.954403] Test: Total time: 0:00:01 (0.1591 s / it)
[00:18:34.021441] * Acc@1 0.8471 Acc@3 0.9827 loss 0.4674
[00:18:34.021566] * Pre 0.8540 Rec 0.8471 F1 0.8477
[00:18:34.023127] Accuracy of the network on test samples: 0.8471
[00:18:34.023146] F1 of the network on test samples: 0.8477
[00:18:34.023155] Max Accuracy: 0.8577
[00:18:34.023165] Max F1: 0.8585
[00:18:34.026359] log_dir: /home/nvidia/netmambaplus-reproduction/runs/ciciot-ft-seed1/logs
[00:18:34.915404] Epoch: [61]  [ 0/66]  lr: 0.000640  loss: 0.7047 (0.7047)  eta: 0:00:58  time: 0.8864  data: 0.2448  max mem: 2933
[00:18:47.643902] Epoch: [61]  [20/66]  lr: 0.000635  loss: 0.7120 (0.7242)  eta: 0:00:29  time: 0.6364  data: 0.0002  max mem: 2933
[00:19:00.323828] Epoch: [61]  [40/66]  lr: 0.000631  loss: 0.7116 (0.7185)  eta: 0:00:16  time: 0.6339  data: 0.0002  max mem: 2933
[00:19:12.099944] Epoch: [61]  [60/66]  lr: 0.000626  loss: 0.7301 (0.7224)  eta: 0:00:03  time: 0.5887  data: 0.0002  max mem: 2933
[00:19:14.675989] Epoch: [61]  [65/66]  lr: 0.000625  loss: 0.7301 (0.7165)  eta: 0:00:00  time: 0.5598  data: 0.0002  max mem: 2933
[00:19:14.784309] Epoch: [61] Total time: 0:00:40 (0.6175 s / it)
[00:19:14.784447] Averaged stats: lr: 0.000625  loss: 0.7301 (0.7165)
/home/nvidia/netmambaplus-reproduction/upstream/NetMambaPlus/src/engine_mm.py:220: FutureWarning: `torch.cuda.amp.autocast(args...)` is deprecated. Please use `torch.amp.autocast('cuda', args...)` instead.
  with torch.cuda.amp.autocast():
[00:19:15.136804] Test:  [0/9]  loss: 0.3088 (0.3088)  acc1: 0.8906 (0.8906)  acc3: 0.9922 (0.9922)  eta: 0:00:03  time: 0.3487  data: 0.2094  max mem: 2933
[00:19:16.147492] Test:  [8/9]  loss: 0.4417 (0.4622)  acc1: 0.8750 (0.8433)  acc3: 0.9922 (0.9817)  eta: 0:00:00  time: 0.1510  data: 0.0234  max mem: 2933
[00:19:16.251903] Test: Total time: 0:00:01 (0.1628 s / it)
[00:19:16.317525] * Acc@1 0.8433 Acc@3 0.9817 loss 0.4622
[00:19:16.317619] * Pre 0.8539 Rec 0.8433 F1 0.8408
[00:19:16.319371] Accuracy of the network on test samples: 0.8433
[00:19:16.319384] F1 of the network on test samples: 0.8408
[00:19:16.319391] Max Accuracy: 0.8577
[00:19:16.319399] Max F1: 0.8585
[00:19:16.322736] log_dir: /home/nvidia/netmambaplus-reproduction/runs/ciciot-ft-seed1/logs
[00:19:17.183794] Epoch: [62]  [ 0/66]  lr: 0.000625  loss: 0.6930 (0.6930)  eta: 0:00:56  time: 0.8588  data: 0.2383  max mem: 2933
[00:19:29.817868] Epoch: [62]  [20/66]  lr: 0.000620  loss: 0.6967 (0.7131)  eta: 0:00:29  time: 0.6317  data: 0.0002  max mem: 2933
[00:19:42.445008] Epoch: [62]  [40/66]  lr: 0.000615  loss: 0.7219 (0.7194)  eta: 0:00:16  time: 0.6313  data: 0.0003  max mem: 2933
[00:19:54.208691] Epoch: [62]  [60/66]  lr: 0.000611  loss: 0.7160 (0.7186)  eta: 0:00:03  time: 0.5881  data: 0.0002  max mem: 2933
[00:19:56.766510] Epoch: [62]  [65/66]  lr: 0.000610  loss: 0.7259 (0.7235)  eta: 0:00:00  time: 0.5585  data: 0.0002  max mem: 2933
[00:19:56.890392] Epoch: [62] Total time: 0:00:40 (0.6147 s / it)
[00:19:56.890567] Averaged stats: lr: 0.000610  loss: 0.7259 (0.7235)
/home/nvidia/netmambaplus-reproduction/upstream/NetMambaPlus/src/engine_mm.py:220: FutureWarning: `torch.cuda.amp.autocast(args...)` is deprecated. Please use `torch.amp.autocast('cuda', args...)` instead.
  with torch.cuda.amp.autocast():
[00:19:57.240919] Test:  [0/9]  loss: 0.3579 (0.3579)  acc1: 0.8828 (0.8828)  acc3: 0.9922 (0.9922)  eta: 0:00:03  time: 0.3468  data: 0.2058  max mem: 2933
[00:19:58.220215] Test:  [8/9]  loss: 0.4443 (0.4435)  acc1: 0.8203 (0.8519)  acc3: 0.9922 (0.9865)  eta: 0:00:00  time: 0.1473  data: 0.0230  max mem: 2933
[00:19:58.327912] Test: Total time: 0:00:01 (0.1595 s / it)
[00:19:58.390647] * Acc@1 0.8519 Acc@3 0.9865 loss 0.4435
[00:19:58.390701] * Pre 0.8596 Rec 0.8519 F1 0.8529
[00:19:58.391940] Accuracy of the network on test samples: 0.8519
[00:19:58.391950] F1 of the network on test samples: 0.8529
[00:19:58.391957] Max Accuracy: 0.8577
[00:19:58.391962] Max F1: 0.8585
[00:19:58.395625] log_dir: /home/nvidia/netmambaplus-reproduction/runs/ciciot-ft-seed1/logs
[00:19:59.233434] Epoch: [63]  [ 0/66]  lr: 0.000609  loss: 0.6854 (0.6854)  eta: 0:00:55  time: 0.8350  data: 0.2059  max mem: 2933
[00:20:12.173598] Epoch: [63]  [20/66]  lr: 0.000605  loss: 0.7307 (0.7282)  eta: 0:00:30  time: 0.6469  data: 0.0003  max mem: 2933
[00:20:25.074211] Epoch: [63]  [40/66]  lr: 0.000600  loss: 0.6909 (0.7187)  eta: 0:00:16  time: 0.6450  data: 0.0002  max mem: 2933
[00:20:37.135629] Epoch: [63]  [60/66]  lr: 0.000595  loss: 0.7143 (0.7180)  eta: 0:00:03  time: 0.6030  data: 0.0003  max mem: 2933
[00:20:39.755273] Epoch: [63]  [65/66]  lr: 0.000594  loss: 0.7025 (0.7121)  eta: 0:00:00  time: 0.5816  data: 0.0002  max mem: 2933
[00:20:39.880086] Epoch: [63] Total time: 0:00:41 (0.6286 s / it)
[00:20:39.880245] Averaged stats: lr: 0.000594  loss: 0.7025 (0.7121)
/home/nvidia/netmambaplus-reproduction/upstream/NetMambaPlus/src/engine_mm.py:220: FutureWarning: `torch.cuda.amp.autocast(args...)` is deprecated. Please use `torch.amp.autocast('cuda', args...)` instead.
  with torch.cuda.amp.autocast():
[00:20:40.257860] Test:  [0/9]  loss: 0.3726 (0.3726)  acc1: 0.8828 (0.8828)  acc3: 0.9922 (0.9922)  eta: 0:00:03  time: 0.3701  data: 0.2250  max mem: 2933
[00:20:41.278611] Test:  [8/9]  loss: 0.4556 (0.4504)  acc1: 0.8125 (0.8519)  acc3: 0.9922 (0.9904)  eta: 0:00:00  time: 0.1545  data: 0.0252  max mem: 2933
[00:20:41.387101] Test: Total time: 0:00:01 (0.1672 s / it)
[00:20:41.454734] * Acc@1 0.8519 Acc@3 0.9904 loss 0.4504
[00:20:41.454793] * Pre 0.8608 Rec 0.8519 F1 0.8531
[00:20:41.456101] Accuracy of the network on test samples: 0.8519
[00:20:41.456116] F1 of the network on test samples: 0.8531
[00:20:41.456124] Max Accuracy: 0.8577
[00:20:41.456131] Max F1: 0.8585
[00:20:41.459319] log_dir: /home/nvidia/netmambaplus-reproduction/runs/ciciot-ft-seed1/logs
[00:20:42.351932] Epoch: [64]  [ 0/66]  lr: 0.000594  loss: 0.6770 (0.6770)  eta: 0:00:58  time: 0.8907  data: 0.2491  max mem: 2933
[00:20:55.264171] Epoch: [64]  [20/66]  lr: 0.000589  loss: 0.7135 (0.7231)  eta: 0:00:30  time: 0.6455  data: 0.0004  max mem: 2933
[00:21:08.179603] Epoch: [64]  [40/66]  lr: 0.000585  loss: 0.7047 (0.7177)  eta: 0:00:16  time: 0.6457  data: 0.0003  max mem: 2933
[00:21:20.157279] Epoch: [64]  [60/66]  lr: 0.000580  loss: 0.6860 (0.7094)  eta: 0:00:03  time: 0.5988  data: 0.0003  max mem: 2933
[00:21:22.795779] Epoch: [64]  [65/66]  lr: 0.000579  loss: 0.7092 (0.7116)  eta: 0:00:00  time: 0.5801  data: 0.0004  max mem: 2933
[00:21:22.916225] Epoch: [64] Total time: 0:00:41 (0.6281 s / it)
[00:21:22.916315] Averaged stats: lr: 0.000579  loss: 0.7092 (0.7116)
/home/nvidia/netmambaplus-reproduction/upstream/NetMambaPlus/src/engine_mm.py:220: FutureWarning: `torch.cuda.amp.autocast(args...)` is deprecated. Please use `torch.amp.autocast('cuda', args...)` instead.
  with torch.cuda.amp.autocast():
[00:21:23.301470] Test:  [0/9]  loss: 0.3606 (0.3606)  acc1: 0.8828 (0.8828)  acc3: 0.9922 (0.9922)  eta: 0:00:03  time: 0.3809  data: 0.2369  max mem: 2933
[00:21:24.305799] Test:  [8/9]  loss: 0.4485 (0.4523)  acc1: 0.8203 (0.8577)  acc3: 0.9922 (0.9875)  eta: 0:00:00  time: 0.1538  data: 0.0265  max mem: 2933
[00:21:24.414376] Test: Total time: 0:00:01 (0.1663 s / it)
[00:21:24.480494] * Acc@1 0.8577 Acc@3 0.9875 loss 0.4523
[00:21:24.480574] * Pre 0.8656 Rec 0.8577 F1 0.8587
[00:21:24.482482] Accuracy of the network on test samples: 0.8577
[00:21:24.482494] F1 of the network on test samples: 0.8587
[00:21:24.482504] Max Accuracy: 0.8577
[00:21:24.482515] Max F1: 0.8587
[00:21:24.486112] log_dir: /home/nvidia/netmambaplus-reproduction/runs/ciciot-ft-seed1/logs
[00:21:25.355764] Epoch: [65]  [ 0/66]  lr: 0.000579  loss: 0.6502 (0.6502)  eta: 0:00:57  time: 0.8663  data: 0.2211  max mem: 2933
[00:21:38.287560] Epoch: [65]  [20/66]  lr: 0.000574  loss: 0.7353 (0.7233)  eta: 0:00:30  time: 0.6465  data: 0.0003  max mem: 2933
[00:21:51.204344] Epoch: [65]  [40/66]  lr: 0.000569  loss: 0.7114 (0.7164)  eta: 0:00:16  time: 0.6458  data: 0.0003  max mem: 2933
[00:22:03.270948] Epoch: [65]  [60/66]  lr: 0.000565  loss: 0.6974 (0.7089)  eta: 0:00:03  time: 0.6032  data: 0.0003  max mem: 2933
[00:22:05.876533] Epoch: [65]  [65/66]  lr: 0.000563  loss: 0.7005 (0.7060)  eta: 0:00:00  time: 0.5854  data: 0.0003  max mem: 2933
[00:22:05.991640] Epoch: [65] Total time: 0:00:41 (0.6289 s / it)
[00:22:05.991781] Averaged stats: lr: 0.000563  loss: 0.7005 (0.7060)
/home/nvidia/netmambaplus-reproduction/upstream/NetMambaPlus/src/engine_mm.py:220: FutureWarning: `torch.cuda.amp.autocast(args...)` is deprecated. Please use `torch.amp.autocast('cuda', args...)` instead.
  with torch.cuda.amp.autocast():
[00:22:06.410960] Test:  [0/9]  loss: 0.3599 (0.3599)  acc1: 0.8906 (0.8906)  acc3: 0.9922 (0.9922)  eta: 0:00:03  time: 0.4154  data: 0.2750  max mem: 2933
[00:22:07.416857] Test:  [8/9]  loss: 0.3992 (0.4444)  acc1: 0.8750 (0.8529)  acc3: 0.9922 (0.9865)  eta: 0:00:00  time: 0.1579  data: 0.0307  max mem: 2933
[00:22:07.514186] Test: Total time: 0:00:01 (0.1689 s / it)
[00:22:07.580854] * Acc@1 0.8529 Acc@3 0.9865 loss 0.4444
[00:22:07.580960] * Pre 0.8639 Rec 0.8529 F1 0.8512
[00:22:07.582547] Accuracy of the network on test samples: 0.8529
[00:22:07.582556] F1 of the network on test samples: 0.8512
[00:22:07.582566] Max Accuracy: 0.8577
[00:22:07.582571] Max F1: 0.8587
[00:22:07.585391] log_dir: /home/nvidia/netmambaplus-reproduction/runs/ciciot-ft-seed1/logs
[00:22:08.501059] Epoch: [66]  [ 0/66]  lr: 0.000563  loss: 0.6776 (0.6776)  eta: 0:01:00  time: 0.9133  data: 0.2548  max mem: 2933
[00:22:21.400002] Epoch: [66]  [20/66]  lr: 0.000558  loss: 0.6741 (0.6879)  eta: 0:00:30  time: 0.6449  data: 0.0003  max mem: 2933
[00:22:34.271332] Epoch: [66]  [40/66]  lr: 0.000554  loss: 0.7261 (0.7052)  eta: 0:00:16  time: 0.6435  data: 0.0003  max mem: 2933
[00:22:46.083752] Epoch: [66]  [60/66]  lr: 0.000549  loss: 0.6899 (0.7024)  eta: 0:00:03  time: 0.5906  data: 0.0002  max mem: 2933
[00:22:48.638435] Epoch: [66]  [65/66]  lr: 0.000548  loss: 0.7010 (0.7054)  eta: 0:00:00  time: 0.5775  data: 0.0002  max mem: 2933
[00:22:48.752290] Epoch: [66] Total time: 0:00:41 (0.6237 s / it)
[00:22:48.752370] Averaged stats: lr: 0.000548  loss: 0.7010 (0.7054)
/home/nvidia/netmambaplus-reproduction/upstream/NetMambaPlus/src/engine_mm.py:220: FutureWarning: `torch.cuda.amp.autocast(args...)` is deprecated. Please use `torch.amp.autocast('cuda', args...)` instead.
  with torch.cuda.amp.autocast():
[00:22:49.140863] Test:  [0/9]  loss: 0.3599 (0.3599)  acc1: 0.8828 (0.8828)  acc3: 0.9922 (0.9922)  eta: 0:00:03  time: 0.3814  data: 0.2428  max mem: 2933
[00:22:50.133956] Test:  [8/9]  loss: 0.4648 (0.4565)  acc1: 0.8203 (0.8567)  acc3: 0.9922 (0.9865)  eta: 0:00:00  time: 0.1526  data: 0.0271  max mem: 2933
[00:22:50.255221] Test: Total time: 0:00:01 (0.1667 s / it)
[00:22:50.320383] * Acc@1 0.8567 Acc@3 0.9865 loss 0.4565
[00:22:50.320519] * Pre 0.8640 Rec 0.8567 F1 0.8576
[00:22:50.322499] Accuracy of the network on test samples: 0.8567
[00:22:50.322885] F1 of the network on test samples: 0.8576
[00:22:50.322892] Max Accuracy: 0.8577
[00:22:50.322900] Max F1: 0.8587
[00:22:50.325468] log_dir: /home/nvidia/netmambaplus-reproduction/runs/ciciot-ft-seed1/logs
[00:22:51.165051] Epoch: [67]  [ 0/66]  lr: 0.000548  loss: 0.6473 (0.6473)  eta: 0:00:55  time: 0.8364  data: 0.2095  max mem: 2933
[00:23:03.846525] Epoch: [67]  [20/66]  lr: 0.000543  loss: 0.7247 (0.7158)  eta: 0:00:29  time: 0.6340  data: 0.0003  max mem: 2933
[00:23:16.481604] Epoch: [67]  [40/66]  lr: 0.000538  loss: 0.6982 (0.7119)  eta: 0:00:16  time: 0.6317  data: 0.0002  max mem: 2933
[00:23:28.474938] Epoch: [67]  [60/66]  lr: 0.000533  loss: 0.7006 (0.7071)  eta: 0:00:03  time: 0.5996  data: 0.0003  max mem: 2933
[00:23:31.027083] Epoch: [67]  [65/66]  lr: 0.000532  loss: 0.7095 (0.7093)  eta: 0:00:00  time: 0.5785  data: 0.0003  max mem: 2933
[00:23:31.138082] Epoch: [67] Total time: 0:00:40 (0.6184 s / it)
[00:23:31.138393] Averaged stats: lr: 0.000532  loss: 0.7095 (0.7093)
/home/nvidia/netmambaplus-reproduction/upstream/NetMambaPlus/src/engine_mm.py:220: FutureWarning: `torch.cuda.amp.autocast(args...)` is deprecated. Please use `torch.amp.autocast('cuda', args...)` instead.
  with torch.cuda.amp.autocast():
[00:23:31.487292] Test:  [0/9]  loss: 0.3115 (0.3115)  acc1: 0.8906 (0.8906)  acc3: 0.9922 (0.9922)  eta: 0:00:03  time: 0.3450  data: 0.2039  max mem: 2933
[00:23:32.469339] Test:  [8/9]  loss: 0.4429 (0.4491)  acc1: 0.8438 (0.8471)  acc3: 0.9922 (0.9846)  eta: 0:00:00  time: 0.1474  data: 0.0228  max mem: 2933
[00:23:32.582925] Test: Total time: 0:00:01 (0.1602 s / it)
[00:23:32.649219] * Acc@1 0.8471 Acc@3 0.9846 loss 0.4491
[00:23:32.649300] * Pre 0.8542 Rec 0.8471 F1 0.8480
[00:23:32.651210] Accuracy of the network on test samples: 0.8471
[00:23:32.652102] F1 of the network on test samples: 0.8480
[00:23:32.652152] Max Accuracy: 0.8577
[00:23:32.652163] Max F1: 0.8587
[00:23:32.654569] log_dir: /home/nvidia/netmambaplus-reproduction/runs/ciciot-ft-seed1/logs
[00:23:33.535281] Epoch: [68]  [ 0/66]  lr: 0.000532  loss: 0.6886 (0.6886)  eta: 0:00:57  time: 0.8773  data: 0.2319  max mem: 2933
[00:23:46.256218] Epoch: [68]  [20/66]  lr: 0.000527  loss: 0.7215 (0.7084)  eta: 0:00:29  time: 0.6360  data: 0.0003  max mem: 2933
[00:23:58.726241] Epoch: [68]  [40/66]  lr: 0.000522  loss: 0.6918 (0.7030)  eta: 0:00:16  time: 0.6235  data: 0.0002  max mem: 2933
[00:24:10.703941] Epoch: [68]  [60/66]  lr: 0.000518  loss: 0.6923 (0.7035)  eta: 0:00:03  time: 0.5988  data: 0.0002  max mem: 2933
[00:24:13.249795] Epoch: [68]  [65/66]  lr: 0.000516  loss: 0.6923 (0.7037)  eta: 0:00:00  time: 0.5766  data: 0.0002  max mem: 2933
[00:24:13.361447] Epoch: [68] Total time: 0:00:40 (0.6168 s / it)
[00:24:13.361928] Averaged stats: lr: 0.000516  loss: 0.6923 (0.7037)
/home/nvidia/netmambaplus-reproduction/upstream/NetMambaPlus/src/engine_mm.py:220: FutureWarning: `torch.cuda.amp.autocast(args...)` is deprecated. Please use `torch.amp.autocast('cuda', args...)` instead.
  with torch.cuda.amp.autocast():
[00:24:13.740987] Test:  [0/9]  loss: 0.3428 (0.3428)  acc1: 0.8828 (0.8828)  acc3: 0.9922 (0.9922)  eta: 0:00:03  time: 0.3754  data: 0.2273  max mem: 2933
[00:24:14.724416] Test:  [8/9]  loss: 0.4531 (0.4404)  acc1: 0.8203 (0.8500)  acc3: 0.9922 (0.9865)  eta: 0:00:00  time: 0.1509  data: 0.0254  max mem: 2933
[00:24:14.831615] Test: Total time: 0:00:01 (0.1631 s / it)
[00:24:14.895077] * Acc@1 0.8500 Acc@3 0.9865 loss 0.4404
[00:24:14.895112] * Pre 0.8623 Rec 0.8500 F1 0.8517
[00:24:14.896656] Accuracy of the network on test samples: 0.8500
[00:24:14.897501] F1 of the network on test samples: 0.8517
[00:24:14.897532] Max Accuracy: 0.8577
[00:24:14.897540] Max F1: 0.8587
[00:24:14.899751] log_dir: /home/nvidia/netmambaplus-reproduction/runs/ciciot-ft-seed1/logs
[00:24:15.746456] Epoch: [69]  [ 0/66]  lr: 0.000516  loss: 0.6963 (0.6963)  eta: 0:00:55  time: 0.8444  data: 0.2113  max mem: 2933
[00:24:28.351894] Epoch: [69]  [20/66]  lr: 0.000511  loss: 0.6887 (0.6960)  eta: 0:00:29  time: 0.6302  data: 0.0002  max mem: 2933
[00:24:40.712707] Epoch: [69]  [40/66]  lr: 0.000507  loss: 0.6910 (0.6999)  eta: 0:00:16  time: 0.6180  data: 0.0002  max mem: 2933
[00:24:52.748454] Epoch: [69]  [60/66]  lr: 0.000502  loss: 0.7130 (0.7027)  eta: 0:00:03  time: 0.6017  data: 0.0002  max mem: 2933
[00:24:55.304725] Epoch: [69]  [65/66]  lr: 0.000501  loss: 0.7033 (0.7008)  eta: 0:00:00  time: 0.5790  data: 0.0002  max mem: 2933
[00:24:55.410908] Epoch: [69] Total time: 0:00:40 (0.6138 s / it)
[00:24:55.411006] Averaged stats: lr: 0.000501  loss: 0.7033 (0.7008)
/home/nvidia/netmambaplus-reproduction/upstream/NetMambaPlus/src/engine_mm.py:220: FutureWarning: `torch.cuda.amp.autocast(args...)` is deprecated. Please use `torch.amp.autocast('cuda', args...)` instead.
  with torch.cuda.amp.autocast():
[00:24:55.813039] Test:  [0/9]  loss: 0.3582 (0.3582)  acc1: 0.8906 (0.8906)  acc3: 0.9922 (0.9922)  eta: 0:00:03  time: 0.3968  data: 0.2548  max mem: 2933
[00:24:56.799567] Test:  [8/9]  loss: 0.4023 (0.4422)  acc1: 0.8516 (0.8615)  acc3: 0.9922 (0.9865)  eta: 0:00:00  time: 0.1536  data: 0.0284  max mem: 2933
[00:24:56.904198] Test: Total time: 0:00:01 (0.1657 s / it)
[00:24:56.968247] * Acc@1 0.8615 Acc@3 0.9865 loss 0.4422
[00:24:56.968288] * Pre 0.8645 Rec 0.8587 F1 0.8593
[00:24:57.029115] Accuracy of the network on test samples: 0.8615
[00:24:57.029731] F1 of the network on test samples: 0.8593
[00:24:57.029739] Max Accuracy: 0.8615
[00:24:57.029745] Max F1: 0.8593
[00:24:57.031520] log_dir: /home/nvidia/netmambaplus-reproduction/runs/ciciot-ft-seed1/logs
[00:24:57.881511] Epoch: [70]  [ 0/66]  lr: 0.000501  loss: 0.7586 (0.7586)  eta: 0:00:55  time: 0.8460  data: 0.2201  max mem: 2933
[00:25:10.688539] Epoch: [70]  [20/66]  lr: 0.000496  loss: 0.6860 (0.7093)  eta: 0:00:29  time: 0.6403  data: 0.0003  max mem: 2933
[00:25:23.088583] Epoch: [70]  [40/66]  lr: 0.000491  loss: 0.6897 (0.7028)  eta: 0:00:16  time: 0.6199  data: 0.0003  max mem: 2933
[00:25:35.482465] Epoch: [70]  [60/66]  lr: 0.000486  loss: 0.6989 (0.7014)  eta: 0:00:03  time: 0.6196  data: 0.0003  max mem: 2933
[00:25:38.099761] Epoch: [70]  [65/66]  lr: 0.000485  loss: 0.6989 (0.7017)  eta: 0:00:00  time: 0.5895  data: 0.0003  max mem: 2933
[00:25:38.214098] Epoch: [70] Total time: 0:00:41 (0.6240 s / it)
[00:25:38.214537] Averaged stats: lr: 0.000485  loss: 0.6989 (0.7017)
/home/nvidia/netmambaplus-reproduction/upstream/NetMambaPlus/src/engine_mm.py:220: FutureWarning: `torch.cuda.amp.autocast(args...)` is deprecated. Please use `torch.amp.autocast('cuda', args...)` instead.
  with torch.cuda.amp.autocast():
[00:25:38.603586] Test:  [0/9]  loss: 0.3677 (0.3677)  acc1: 0.8906 (0.8906)  acc3: 0.9922 (0.9922)  eta: 0:00:03  time: 0.3843  data: 0.2380  max mem: 2933
[00:25:39.598038] Test:  [8/9]  loss: 0.4019 (0.4363)  acc1: 0.8516 (0.8596)  acc3: 0.9922 (0.9865)  eta: 0:00:00  time: 0.1531  data: 0.0266  max mem: 2933
[00:25:39.703105] Test: Total time: 0:00:01 (0.1651 s / it)
[00:25:39.768520] * Acc@1 0.8596 Acc@3 0.9865 loss 0.4363
[00:25:39.768562] * Pre 0.8661 Rec 0.8596 F1 0.8604
[00:25:39.823441] Accuracy of the network on test samples: 0.8596
[00:25:39.823493] F1 of the network on test samples: 0.8604
[00:25:39.823501] Max Accuracy: 0.8615
[00:25:39.823508] Max F1: 0.8604
[00:25:39.826062] log_dir: /home/nvidia/netmambaplus-reproduction/runs/ciciot-ft-seed1/logs
[00:25:40.729577] Epoch: [71]  [ 0/66]  lr: 0.000485  loss: 0.8583 (0.8583)  eta: 0:00:59  time: 0.9011  data: 0.2502  max mem: 2933
[00:25:53.650904] Epoch: [71]  [20/66]  lr: 0.000480  loss: 0.7024 (0.7033)  eta: 0:00:30  time: 0.6460  data: 0.0003  max mem: 2933
[00:26:06.170016] Epoch: [71]  [40/66]  lr: 0.000475  loss: 0.6811 (0.7039)  eta: 0:00:16  time: 0.6259  data: 0.0003  max mem: 2933
[00:26:18.608467] Epoch: [71]  [60/66]  lr: 0.000471  loss: 0.6832 (0.7032)  eta: 0:00:03  time: 0.6219  data: 0.0003  max mem: 2933
[00:26:21.243144] Epoch: [71]  [65/66]  lr: 0.000469  loss: 0.6769 (0.7011)  eta: 0:00:00  time: 0.5926  data: 0.0003  max mem: 2933
[00:26:21.366509] Epoch: [71] Total time: 0:00:41 (0.6294 s / it)
[00:26:21.366619] Averaged stats: lr: 0.000469  loss: 0.6769 (0.7011)
/home/nvidia/netmambaplus-reproduction/upstream/NetMambaPlus/src/engine_mm.py:220: FutureWarning: `torch.cuda.amp.autocast(args...)` is deprecated. Please use `torch.amp.autocast('cuda', args...)` instead.
  with torch.cuda.amp.autocast():
[00:26:21.770027] Test:  [0/9]  loss: 0.3408 (0.3408)  acc1: 0.8828 (0.8828)  acc3: 0.9922 (0.9922)  eta: 0:00:03  time: 0.3981  data: 0.2597  max mem: 2933
[00:26:22.776828] Test:  [8/9]  loss: 0.4275 (0.4413)  acc1: 0.8516 (0.8587)  acc3: 0.9922 (0.9885)  eta: 0:00:00  time: 0.1560  data: 0.0290  max mem: 2933
[00:26:22.878743] Test: Total time: 0:00:01 (0.1677 s / it)
[00:26:22.946650] * Acc@1 0.8587 Acc@3 0.9885 loss 0.4413
[00:26:22.946699] * Pre 0.8654 Rec 0.8587 F1 0.8595
[00:26:22.948514] Accuracy of the network on test samples: 0.8587
[00:26:22.948954] F1 of the network on test samples: 0.8595
[00:26:22.948963] Max Accuracy: 0.8615
[00:26:22.948971] Max F1: 0.8604
[00:26:22.951347] log_dir: /home/nvidia/netmambaplus-reproduction/runs/ciciot-ft-seed1/logs
[00:26:23.850431] Epoch: [72]  [ 0/66]  lr: 0.000469  loss: 0.7045 (0.7045)  eta: 0:00:59  time: 0.8969  data: 0.2628  max mem: 2933
[00:26:36.762420] Epoch: [72]  [20/66]  lr: 0.000464  loss: 0.7104 (0.6981)  eta: 0:00:30  time: 0.6455  data: 0.0003  max mem: 2933
[00:26:49.272977] Epoch: [72]  [40/66]  lr: 0.000460  loss: 0.7089 (0.7000)  eta: 0:00:16  time: 0.6255  data: 0.0003  max mem: 2933
[00:27:01.781268] Epoch: [72]  [60/66]  lr: 0.000455  loss: 0.7101 (0.7025)  eta: 0:00:03  time: 0.6254  data: 0.0003  max mem: 2933
[00:27:04.365204] Epoch: [72]  [65/66]  lr: 0.000454  loss: 0.7075 (0.7083)  eta: 0:00:00  time: 0.5912  data: 0.0003  max mem: 2933
[00:27:04.483762] Epoch: [72] Total time: 0:00:41 (0.6293 s / it)
[00:27:04.483908] Averaged stats: lr: 0.000454  loss: 0.7075 (0.7083)
/home/nvidia/netmambaplus-reproduction/upstream/NetMambaPlus/src/engine_mm.py:220: FutureWarning: `torch.cuda.amp.autocast(args...)` is deprecated. Please use `torch.amp.autocast('cuda', args...)` instead.
  with torch.cuda.amp.autocast():
[00:27:04.865902] Test:  [0/9]  loss: 0.3779 (0.3779)  acc1: 0.8828 (0.8828)  acc3: 0.9922 (0.9922)  eta: 0:00:03  time: 0.3771  data: 0.2339  max mem: 2933
[00:27:05.872979] Test:  [8/9]  loss: 0.4331 (0.4414)  acc1: 0.8438 (0.8587)  acc3: 0.9922 (0.9923)  eta: 0:00:00  time: 0.1537  data: 0.0261  max mem: 2933
[00:27:05.975902] Test: Total time: 0:00:01 (0.1655 s / it)
[00:27:06.041583] * Acc@1 0.8587 Acc@3 0.9923 loss 0.4414
[00:27:06.041650] * Pre 0.8658 Rec 0.8587 F1 0.8596
[00:27:06.043096] Accuracy of the network on test samples: 0.8587
[00:27:06.043109] F1 of the network on test samples: 0.8596
[00:27:06.043117] Max Accuracy: 0.8615
[00:27:06.043125] Max F1: 0.8604
[00:27:06.045992] log_dir: /home/nvidia/netmambaplus-reproduction/runs/ciciot-ft-seed1/logs
[00:27:06.938052] Epoch: [73]  [ 0/66]  lr: 0.000453  loss: 0.7113 (0.7113)  eta: 0:00:58  time: 0.8892  data: 0.2343  max mem: 2933
[00:27:19.871722] Epoch: [73]  [20/66]  lr: 0.000449  loss: 0.7324 (0.7300)  eta: 0:00:30  time: 0.6466  data: 0.0002  max mem: 2933
[00:27:32.307877] Epoch: [73]  [40/66]  lr: 0.000444  loss: 0.6899 (0.7076)  eta: 0:00:16  time: 0.6218  data: 0.0002  max mem: 2933
[00:27:44.567603] Epoch: [73]  [60/66]  lr: 0.000439  loss: 0.6903 (0.7048)  eta: 0:00:03  time: 0.6129  data: 0.0002  max mem: 2933
[00:27:47.130762] Epoch: [73]  [65/66]  lr: 0.000438  loss: 0.6870 (0.7002)  eta: 0:00:00  time: 0.5804  data: 0.0002  max mem: 2933
[00:27:47.236135] Epoch: [73] Total time: 0:00:41 (0.6241 s / it)
[00:27:47.236221] Averaged stats: lr: 0.000438  loss: 0.6870 (0.7002)
/home/nvidia/netmambaplus-reproduction/upstream/NetMambaPlus/src/engine_mm.py:220: FutureWarning: `torch.cuda.amp.autocast(args...)` is deprecated. Please use `torch.amp.autocast('cuda', args...)` instead.
  with torch.cuda.amp.autocast():
[00:27:47.562774] Test:  [0/9]  loss: 0.3777 (0.3777)  acc1: 0.8906 (0.8906)  acc3: 0.9922 (0.9922)  eta: 0:00:02  time: 0.3231  data: 0.1881  max mem: 2933
[00:27:48.556316] Test:  [8/9]  loss: 0.4058 (0.4482)  acc1: 0.8438 (0.8606)  acc3: 0.9922 (0.9837)  eta: 0:00:00  time: 0.1462  data: 0.0210  max mem: 2933
[00:27:48.658072] Test: Total time: 0:00:01 (0.1577 s / it)
[00:27:48.722694] * Acc@1 0.8606 Acc@3 0.9837 loss 0.4482
[00:27:48.722805] * Pre 0.8669 Rec 0.8606 F1 0.8613
[00:27:48.777574] Accuracy of the network on test samples: 0.8606
[00:27:48.778723] F1 of the network on test samples: 0.8613
[00:27:48.778737] Max Accuracy: 0.8615
[00:27:48.778749] Max F1: 0.8613
[00:27:48.781868] log_dir: /home/nvidia/netmambaplus-reproduction/runs/ciciot-ft-seed1/logs
[00:27:49.663540] Epoch: [74]  [ 0/66]  lr: 0.000438  loss: 0.6225 (0.6225)  eta: 0:00:58  time: 0.8793  data: 0.2486  max mem: 2933
[00:28:02.374882] Epoch: [74]  [20/66]  lr: 0.000433  loss: 0.6873 (0.6815)  eta: 0:00:29  time: 0.6355  data: 0.0002  max mem: 2933
[00:28:14.747604] Epoch: [74]  [40/66]  lr: 0.000428  loss: 0.7106 (0.6953)  eta: 0:00:16  time: 0.6186  data: 0.0003  max mem: 2933
[00:28:26.991034] Epoch: [74]  [60/66]  lr: 0.000424  loss: 0.6959 (0.6948)  eta: 0:00:03  time: 0.6121  data: 0.0003  max mem: 2933
[00:28:29.557923] Epoch: [74]  [65/66]  lr: 0.000423  loss: 0.7042 (0.6967)  eta: 0:00:00  time: 0.5810  data: 0.0003  max mem: 2933
[00:28:29.674984] Epoch: [74] Total time: 0:00:40 (0.6196 s / it)
[00:28:29.675140] Averaged stats: lr: 0.000423  loss: 0.7042 (0.6967)
/home/nvidia/netmambaplus-reproduction/upstream/NetMambaPlus/src/engine_mm.py:220: FutureWarning: `torch.cuda.amp.autocast(args...)` is deprecated. Please use `torch.amp.autocast('cuda', args...)` instead.
  with torch.cuda.amp.autocast():
[00:28:30.028594] Test:  [0/9]  loss: 0.3320 (0.3320)  acc1: 0.8828 (0.8828)  acc3: 0.9922 (0.9922)  eta: 0:00:03  time: 0.3501  data: 0.2103  max mem: 2933
[00:28:31.025075] Test:  [8/9]  loss: 0.4114 (0.4508)  acc1: 0.8203 (0.8577)  acc3: 0.9922 (0.9856)  eta: 0:00:00  time: 0.1496  data: 0.0235  max mem: 2933
[00:28:31.129388] Test: Total time: 0:00:01 (0.1614 s / it)
[00:28:31.195013] * Acc@1 0.8577 Acc@3 0.9856 loss 0.4508
[00:28:31.195118] * Pre 0.8649 Rec 0.8577 F1 0.8586
[00:28:31.197187] Accuracy of the network on test samples: 0.8577
[00:28:31.197199] F1 of the network on test samples: 0.8586
[00:28:31.197210] Max Accuracy: 0.8615
[00:28:31.197221] Max F1: 0.8613
[00:28:31.200544] log_dir: /home/nvidia/netmambaplus-reproduction/runs/ciciot-ft-seed1/logs
[00:28:32.050620] Epoch: [75]  [ 0/66]  lr: 0.000422  loss: 0.6835 (0.6835)  eta: 0:00:55  time: 0.8472  data: 0.2143  max mem: 2933
[00:28:44.762058] Epoch: [75]  [20/66]  lr: 0.000418  loss: 0.7089 (0.7051)  eta: 0:00:29  time: 0.6355  data: 0.0003  max mem: 2933
[00:28:57.082815] Epoch: [75]  [40/66]  lr: 0.000413  loss: 0.6884 (0.7031)  eta: 0:00:16  time: 0.6160  data: 0.0002  max mem: 2933
[00:29:09.476157] Epoch: [75]  [60/66]  lr: 0.000408  loss: 0.6823 (0.6981)  eta: 0:00:03  time: 0.6196  data: 0.0002  max mem: 2933
[00:29:12.037831] Epoch: [75]  [65/66]  lr: 0.000407  loss: 0.6926 (0.7061)  eta: 0:00:00  time: 0.5896  data: 0.0002  max mem: 2933
[00:29:12.137149] Epoch: [75] Total time: 0:00:40 (0.6203 s / it)
[00:29:12.137210] Averaged stats: lr: 0.000407  loss: 0.6926 (0.7061)
/home/nvidia/netmambaplus-reproduction/upstream/NetMambaPlus/src/engine_mm.py:220: FutureWarning: `torch.cuda.amp.autocast(args...)` is deprecated. Please use `torch.amp.autocast('cuda', args...)` instead.
  with torch.cuda.amp.autocast():
[00:29:12.542484] Test:  [0/9]  loss: 0.3335 (0.3335)  acc1: 0.8906 (0.8906)  acc3: 0.9922 (0.9922)  eta: 0:00:03  time: 0.4027  data: 0.2569  max mem: 2933
[00:29:14.455979] Test:  [8/9]  loss: 0.4128 (0.4472)  acc1: 0.8203 (0.8567)  acc3: 0.9922 (0.9856)  eta: 0:00:00  time: 0.2573  data: 0.0287  max mem: 2933
[00:29:14.560341] Test: Total time: 0:00:02 (0.2691 s / it)
[00:29:14.620942] * Acc@1 0.8567 Acc@3 0.9856 loss 0.4472
[00:29:14.621006] * Pre 0.8634 Rec 0.8567 F1 0.8575
[00:29:14.622380] Accuracy of the network on test samples: 0.8567
[00:29:14.622395] F1 of the network on test samples: 0.8575
[00:29:14.622403] Max Accuracy: 0.8615
[00:29:14.622411] Max F1: 0.8613
[00:29:14.624552] log_dir: /home/nvidia/netmambaplus-reproduction/runs/ciciot-ft-seed1/logs
[00:29:15.486742] Epoch: [76]  [ 0/66]  lr: 0.000407  loss: 0.6599 (0.6599)  eta: 0:00:56  time: 0.8603  data: 0.2341  max mem: 2933
[00:29:28.144418] Epoch: [76]  [20/66]  lr: 0.000402  loss: 0.6971 (0.7049)  eta: 0:00:29  time: 0.6328  data: 0.0002  max mem: 2933
[00:29:40.443131] Epoch: [76]  [40/66]  lr: 0.000398  loss: 0.7131 (0.7067)  eta: 0:00:16  time: 0.6149  data: 0.0002  max mem: 2933
[00:29:52.662217] Epoch: [76]  [60/66]  lr: 0.000393  loss: 0.6744 (0.7031)  eta: 0:00:03  time: 0.6109  data: 0.0002  max mem: 2933
[00:29:55.209867] Epoch: [76]  [65/66]  lr: 0.000392  loss: 0.6708 (0.7012)  eta: 0:00:00  time: 0.5804  data: 0.0002  max mem: 2933
[00:29:55.332055] Epoch: [76] Total time: 0:00:40 (0.6168 s / it)
[00:29:55.332928] Averaged stats: lr: 0.000392  loss: 0.6708 (0.7012)
/home/nvidia/netmambaplus-reproduction/upstream/NetMambaPlus/src/engine_mm.py:220: FutureWarning: `torch.cuda.amp.autocast(args...)` is deprecated. Please use `torch.amp.autocast('cuda', args...)` instead.
  with torch.cuda.amp.autocast():
[00:29:55.721330] Test:  [0/9]  loss: 0.3672 (0.3672)  acc1: 0.8906 (0.8906)  acc3: 0.9922 (0.9922)  eta: 0:00:03  time: 0.3824  data: 0.2441  max mem: 2933
[00:29:56.707352] Test:  [8/9]  loss: 0.3813 (0.4447)  acc1: 0.8750 (0.8529)  acc3: 0.9922 (0.9885)  eta: 0:00:00  time: 0.1519  data: 0.0272  max mem: 2933
[00:29:56.814296] Test: Total time: 0:00:01 (0.1643 s / it)
[00:29:56.881497] * Acc@1 0.8529 Acc@3 0.9885 loss 0.4447
[00:29:56.881541] * Pre 0.8630 Rec 0.8529 F1 0.8510
[00:29:56.882715] Accuracy of the network on test samples: 0.8529
[00:29:56.882725] F1 of the network on test samples: 0.8510
[00:29:56.882732] Max Accuracy: 0.8615
[00:29:56.882737] Max F1: 0.8613
[00:29:56.885126] log_dir: /home/nvidia/netmambaplus-reproduction/runs/ciciot-ft-seed1/logs
[00:29:57.736123] Epoch: [77]  [ 0/66]  lr: 0.000392  loss: 0.6497 (0.6497)  eta: 0:00:56  time: 0.8489  data: 0.2172  max mem: 2933
[00:30:10.574580] Epoch: [77]  [20/66]  lr: 0.000387  loss: 0.6988 (0.6911)  eta: 0:00:29  time: 0.6419  data: 0.0003  max mem: 2933
[00:30:23.066429] Epoch: [77]  [40/66]  lr: 0.000382  loss: 0.7002 (0.6991)  eta: 0:00:16  time: 0.6245  data: 0.0002  max mem: 2933
[00:30:35.460010] Epoch: [77]  [60/66]  lr: 0.000378  loss: 0.6867 (0.7000)  eta: 0:00:03  time: 0.6196  data: 0.0003  max mem: 2933
[00:30:38.088895] Epoch: [77]  [65/66]  lr: 0.000377  loss: 0.7039 (0.6975)  eta: 0:00:00  time: 0.5912  data: 0.0003  max mem: 2933
[00:30:38.215135] Epoch: [77] Total time: 0:00:41 (0.6262 s / it)
[00:30:38.215216] Averaged stats: lr: 0.000377  loss: 0.7039 (0.6975)
/home/nvidia/netmambaplus-reproduction/upstream/NetMambaPlus/src/engine_mm.py:220: FutureWarning: `torch.cuda.amp.autocast(args...)` is deprecated. Please use `torch.amp.autocast('cuda', args...)` instead.
  with torch.cuda.amp.autocast():
[00:30:38.625689] Test:  [0/9]  loss: 0.3528 (0.3528)  acc1: 0.8828 (0.8828)  acc3: 0.9922 (0.9922)  eta: 0:00:03  time: 0.4068  data: 0.2617  max mem: 2933
[00:30:39.633809] Test:  [8/9]  loss: 0.4170 (0.4444)  acc1: 0.8516 (0.8587)  acc3: 0.9922 (0.9875)  eta: 0:00:00  time: 0.1571  data: 0.0293  max mem: 2933
[00:30:39.751567] Test: Total time: 0:00:01 (0.1705 s / it)
[00:30:39.824590] * Acc@1 0.8587 Acc@3 0.9875 loss 0.4444
[00:30:39.824666] * Pre 0.8642 Rec 0.8587 F1 0.8593
[00:30:39.826270] Accuracy of the network on test samples: 0.8587
[00:30:39.826283] F1 of the network on test samples: 0.8593
[00:30:39.826291] Max Accuracy: 0.8615
[00:30:39.826298] Max F1: 0.8613
[00:30:39.828838] log_dir: /home/nvidia/netmambaplus-reproduction/runs/ciciot-ft-seed1/logs
[00:30:40.725144] Epoch: [78]  [ 0/66]  lr: 0.000376  loss: 0.7697 (0.7697)  eta: 0:00:58  time: 0.8938  data: 0.2515  max mem: 2933
[00:30:53.627974] Epoch: [78]  [20/66]  lr: 0.000372  loss: 0.6818 (0.6893)  eta: 0:00:30  time: 0.6451  data: 0.0004  max mem: 2933
[00:31:06.107598] Epoch: [78]  [40/66]  lr: 0.000367  loss: 0.7029 (0.6930)  eta: 0:00:16  time: 0.6239  data: 0.0003  max mem: 2933
[00:31:18.521936] Epoch: [78]  [60/66]  lr: 0.000363  loss: 0.6946 (0.6963)  eta: 0:00:03  time: 0.6207  data: 0.0003  max mem: 2933
[00:31:21.115635] Epoch: [78]  [65/66]  lr: 0.000361  loss: 0.7108 (0.7095)  eta: 0:00:00  time: 0.5908  data: 0.0003  max mem: 2933
[00:31:21.230047] Epoch: [78] Total time: 0:00:41 (0.6273 s / it)
[00:31:21.230138] Averaged stats: lr: 0.000361  loss: 0.7108 (0.7095)
/home/nvidia/netmambaplus-reproduction/upstream/NetMambaPlus/src/engine_mm.py:220: FutureWarning: `torch.cuda.amp.autocast(args...)` is deprecated. Please use `torch.amp.autocast('cuda', args...)` instead.
  with torch.cuda.amp.autocast():
[00:31:21.639959] Test:  [0/9]  loss: 0.3528 (0.3528)  acc1: 0.8906 (0.8906)  acc3: 0.9922 (0.9922)  eta: 0:00:03  time: 0.4055  data: 0.2618  max mem: 2933
[00:31:22.661194] Test:  [8/9]  loss: 0.4583 (0.4502)  acc1: 0.8516 (0.8577)  acc3: 0.9922 (0.9885)  eta: 0:00:00  time: 0.1584  data: 0.0293  max mem: 2933
[00:31:22.774540] Test: Total time: 0:00:01 (0.1713 s / it)
[00:31:22.843255] * Acc@1 0.8577 Acc@3 0.9885 loss 0.4502
[00:31:22.843314] * Pre 0.8635 Rec 0.8577 F1 0.8584
[00:31:22.845046] Accuracy of the network on test samples: 0.8577
[00:31:22.845057] F1 of the network on test samples: 0.8584
[00:31:22.845064] Max Accuracy: 0.8615
[00:31:22.845070] Max F1: 0.8613
[00:31:22.848959] log_dir: /home/nvidia/netmambaplus-reproduction/runs/ciciot-ft-seed1/logs
[00:31:23.711223] Epoch: [79]  [ 0/66]  lr: 0.000361  loss: 0.6629 (0.6629)  eta: 0:00:56  time: 0.8597  data: 0.2207  max mem: 2933
[00:31:36.612819] Epoch: [79]  [20/66]  lr: 0.000357  loss: 0.7047 (0.7098)  eta: 0:00:30  time: 0.6450  data: 0.0003  max mem: 2933
[00:31:49.159451] Epoch: [79]  [40/66]  lr: 0.000352  loss: 0.6948 (0.7048)  eta: 0:00:16  time: 0.6273  data: 0.0003  max mem: 2933
[00:32:01.573075] Epoch: [79]  [60/66]  lr: 0.000348  loss: 0.6908 (0.7051)  eta: 0:00:03  time: 0.6206  data: 0.0003  max mem: 2933
[00:32:04.215089] Epoch: [79]  [65/66]  lr: 0.000346  loss: 0.7068 (0.7027)  eta: 0:00:00  time: 0.5951  data: 0.0003  max mem: 2933
[00:32:04.334364] Epoch: [79] Total time: 0:00:41 (0.6286 s / it)
[00:32:04.334469] Averaged stats: lr: 0.000346  loss: 0.7068 (0.7027)
/home/nvidia/netmambaplus-reproduction/upstream/NetMambaPlus/src/engine_mm.py:220: FutureWarning: `torch.cuda.amp.autocast(args...)` is deprecated. Please use `torch.amp.autocast('cuda', args...)` instead.
  with torch.cuda.amp.autocast():
[00:32:04.701014] Test:  [0/9]  loss: 0.3474 (0.3474)  acc1: 0.8906 (0.8906)  acc3: 0.9922 (0.9922)  eta: 0:00:03  time: 0.3635  data: 0.2211  max mem: 2933
[00:32:05.701814] Test:  [8/9]  loss: 0.4248 (0.4443)  acc1: 0.8672 (0.8538)  acc3: 0.9922 (0.9856)  eta: 0:00:00  time: 0.1515  data: 0.0247  max mem: 2933
[00:32:05.816657] Test: Total time: 0:00:01 (0.1645 s / it)
[00:32:05.887645] * Acc@1 0.8538 Acc@3 0.9856 loss 0.4443
[00:32:05.887761] * Pre 0.8562 Rec 0.8538 F1 0.8537
[00:32:05.889440] Accuracy of the network on test samples: 0.8538
[00:32:05.890135] F1 of the network on test samples: 0.8537
[00:32:05.890166] Max Accuracy: 0.8615
[00:32:05.890437] Max F1: 0.8613
[00:32:05.892384] log_dir: /home/nvidia/netmambaplus-reproduction/runs/ciciot-ft-seed1/logs
[00:32:06.813054] Epoch: [80]  [ 0/66]  lr: 0.000346  loss: 0.6148 (0.6148)  eta: 0:01:00  time: 0.9183  data: 0.2609  max mem: 2933
[00:32:19.716893] Epoch: [80]  [20/66]  lr: 0.000342  loss: 0.6881 (0.6954)  eta: 0:00:30  time: 0.6451  data: 0.0003  max mem: 2933
[00:32:32.118776] Epoch: [80]  [40/66]  lr: 0.000337  loss: 0.6773 (0.6945)  eta: 0:00:16  time: 0.6200  data: 0.0002  max mem: 2933
[00:32:44.361351] Epoch: [80]  [60/66]  lr: 0.000333  loss: 0.6871 (0.6950)  eta: 0:00:03  time: 0.6121  data: 0.0002  max mem: 2933
[00:32:46.943862] Epoch: [80]  [65/66]  lr: 0.000332  loss: 0.6840 (0.6938)  eta: 0:00:00  time: 0.5887  data: 0.0002  max mem: 2933
[00:32:47.065481] Epoch: [80] Total time: 0:00:41 (0.6238 s / it)
[00:32:47.065606] Averaged stats: lr: 0.000332  loss: 0.6840 (0.6938)
/home/nvidia/netmambaplus-reproduction/upstream/NetMambaPlus/src/engine_mm.py:220: FutureWarning: `torch.cuda.amp.autocast(args...)` is deprecated. Please use `torch.amp.autocast('cuda', args...)` instead.
  with torch.cuda.amp.autocast():
[00:32:47.457345] Test:  [0/9]  loss: 0.3540 (0.3540)  acc1: 0.8828 (0.8828)  acc3: 0.9922 (0.9922)  eta: 0:00:03  time: 0.3891  data: 0.2495  max mem: 2933
[00:32:48.443863] Test:  [8/9]  loss: 0.4385 (0.4401)  acc1: 0.8125 (0.8577)  acc3: 0.9922 (0.9856)  eta: 0:00:00  time: 0.1528  data: 0.0279  max mem: 2933
[00:32:48.535819] Test: Total time: 0:00:01 (0.1632 s / it)
[00:32:48.603622] * Acc@1 0.8577 Acc@3 0.9856 loss 0.4401
[00:32:48.603667] * Pre 0.8650 Rec 0.8577 F1 0.8587
[00:32:48.605922] Accuracy of the network on test samples: 0.8577
[00:32:48.605946] F1 of the network on test samples: 0.8587
[00:32:48.605956] Max Accuracy: 0.8615
[00:32:48.605967] Max F1: 0.8613
[00:32:48.610322] log_dir: /home/nvidia/netmambaplus-reproduction/runs/ciciot-ft-seed1/logs
[00:32:49.485840] Epoch: [81]  [ 0/66]  lr: 0.000331  loss: 0.6912 (0.6912)  eta: 0:00:57  time: 0.8735  data: 0.2332  max mem: 2933
[00:33:02.181127] Epoch: [81]  [20/66]  lr: 0.000327  loss: 0.7031 (0.6987)  eta: 0:00:29  time: 0.6347  data: 0.0003  max mem: 2933
[00:33:14.516392] Epoch: [81]  [40/66]  lr: 0.000322  loss: 0.6828 (0.6910)  eta: 0:00:16  time: 0.6167  data: 0.0002  max mem: 2933
[00:33:26.721040] Epoch: [81]  [60/66]  lr: 0.000318  loss: 0.7081 (0.6983)  eta: 0:00:03  time: 0.6102  data: 0.0002  max mem: 2933
[00:33:29.287942] Epoch: [81]  [65/66]  lr: 0.000317  loss: 0.7081 (0.7006)  eta: 0:00:00  time: 0.5896  data: 0.0002  max mem: 2933
[00:33:29.393743] Epoch: [81] Total time: 0:00:40 (0.6179 s / it)
[00:33:29.394215] Averaged stats: lr: 0.000317  loss: 0.7081 (0.7006)
/home/nvidia/netmambaplus-reproduction/upstream/NetMambaPlus/src/engine_mm.py:220: FutureWarning: `torch.cuda.amp.autocast(args...)` is deprecated. Please use `torch.amp.autocast('cuda', args...)` instead.
  with torch.cuda.amp.autocast():
[00:33:29.782694] Test:  [0/9]  loss: 0.3608 (0.3608)  acc1: 0.8828 (0.8828)  acc3: 0.9922 (0.9922)  eta: 0:00:03  time: 0.3845  data: 0.2438  max mem: 2933
[00:33:30.780720] Test:  [8/9]  loss: 0.4556 (0.4514)  acc1: 0.8359 (0.8548)  acc3: 0.9922 (0.9875)  eta: 0:00:00  time: 0.1536  data: 0.0273  max mem: 2933
[00:33:30.881883] Test: Total time: 0:00:01 (0.1650 s / it)
[00:33:30.950593] * Acc@1 0.8548 Acc@3 0.9875 loss 0.4514
[00:33:30.950735] * Pre 0.8651 Rec 0.8548 F1 0.8562
[00:33:30.952558] Accuracy of the network on test samples: 0.8548
[00:33:30.952570] F1 of the network on test samples: 0.8562
[00:33:30.952578] Max Accuracy: 0.8615
[00:33:30.952584] Max F1: 0.8613
[00:33:30.956291] log_dir: /home/nvidia/netmambaplus-reproduction/runs/ciciot-ft-seed1/logs
[00:33:31.859119] Epoch: [82]  [ 0/66]  lr: 0.000317  loss: 0.7099 (0.7099)  eta: 0:00:59  time: 0.9008  data: 0.2693  max mem: 2933
[00:33:44.582967] Epoch: [82]  [20/66]  lr: 0.000312  loss: 0.6884 (0.6971)  eta: 0:00:29  time: 0.6361  data: 0.0003  max mem: 2933
[00:33:56.798993] Epoch: [82]  [40/66]  lr: 0.000308  loss: 0.6934 (0.6971)  eta: 0:00:16  time: 0.6107  data: 0.0003  max mem: 2933
[00:34:08.940509] Epoch: [82]  [60/66]  lr: 0.000303  loss: 0.6917 (0.6967)  eta: 0:00:03  time: 0.6070  data: 0.0002  max mem: 2933
[00:34:11.462984] Epoch: [82]  [65/66]  lr: 0.000302  loss: 0.6917 (0.6941)  eta: 0:00:00  time: 0.5862  data: 0.0002  max mem: 2933
[00:34:11.582251] Epoch: [82] Total time: 0:00:40 (0.6155 s / it)
[00:34:11.582746] Averaged stats: lr: 0.000302  loss: 0.6917 (0.6941)
/home/nvidia/netmambaplus-reproduction/upstream/NetMambaPlus/src/engine_mm.py:220: FutureWarning: `torch.cuda.amp.autocast(args...)` is deprecated. Please use `torch.amp.autocast('cuda', args...)` instead.
  with torch.cuda.amp.autocast():
[00:34:11.963351] Test:  [0/9]  loss: 0.3650 (0.3650)  acc1: 0.8828 (0.8828)  acc3: 0.9922 (0.9922)  eta: 0:00:03  time: 0.3764  data: 0.2352  max mem: 2933
[00:34:12.963416] Test:  [8/9]  loss: 0.4314 (0.4413)  acc1: 0.8516 (0.8587)  acc3: 0.9922 (0.9865)  eta: 0:00:00  time: 0.1529  data: 0.0265  max mem: 2933
[00:34:13.065481] Test: Total time: 0:00:01 (0.1644 s / it)
[00:34:13.130151] * Acc@1 0.8587 Acc@3 0.9865 loss 0.4413
[00:34:13.130201] * Pre 0.8654 Rec 0.8587 F1 0.8595
[00:34:13.131630] Accuracy of the network on test samples: 0.8587
[00:34:13.131644] F1 of the network on test samples: 0.8595
[00:34:13.131652] Max Accuracy: 0.8615
[00:34:13.131660] Max F1: 0.8613
[00:34:13.134350] log_dir: /home/nvidia/netmambaplus-reproduction/runs/ciciot-ft-seed1/logs
[00:34:14.015325] Epoch: [83]  [ 0/66]  lr: 0.000302  loss: 0.7528 (0.7528)  eta: 0:00:57  time: 0.8786  data: 0.2526  max mem: 2933
[00:34:26.578241] Epoch: [83]  [20/66]  lr: 0.000298  loss: 0.6862 (0.6943)  eta: 0:00:29  time: 0.6281  data: 0.0002  max mem: 2933
[00:34:38.928628] Epoch: [83]  [40/66]  lr: 0.000293  loss: 0.6955 (0.6930)  eta: 0:00:16  time: 0.6175  data: 0.0002  max mem: 2933
[00:34:51.109663] Epoch: [83]  [60/66]  lr: 0.000289  loss: 0.6828 (0.6952)  eta: 0:00:03  time: 0.6090  data: 0.0003  max mem: 2933
[00:34:53.668989] Epoch: [83]  [65/66]  lr: 0.000288  loss: 0.6951 (0.6994)  eta: 0:00:00  time: 0.5902  data: 0.0003  max mem: 2933
[00:34:53.778071] Epoch: [83] Total time: 0:00:40 (0.6158 s / it)
[00:34:53.778178] Averaged stats: lr: 0.000288  loss: 0.6951 (0.6994)
/home/nvidia/netmambaplus-reproduction/upstream/NetMambaPlus/src/engine_mm.py:220: FutureWarning: `torch.cuda.amp.autocast(args...)` is deprecated. Please use `torch.amp.autocast('cuda', args...)` instead.
  with torch.cuda.amp.autocast():
[00:34:54.178403] Test:  [0/9]  loss: 0.3665 (0.3665)  acc1: 0.8828 (0.8828)  acc3: 0.9922 (0.9922)  eta: 0:00:03  time: 0.3970  data: 0.2565  max mem: 2933
[00:34:55.177770] Test:  [8/9]  loss: 0.4221 (0.4446)  acc1: 0.8516 (0.8587)  acc3: 0.9922 (0.9875)  eta: 0:00:00  time: 0.1551  data: 0.0286  max mem: 2933
[00:34:55.278009] Test: Total time: 0:00:01 (0.1664 s / it)
[00:34:55.343330] * Acc@1 0.8587 Acc@3 0.9875 loss 0.4446
[00:34:55.343380] * Pre 0.8654 Rec 0.8587 F1 0.8595
[00:34:55.345438] Accuracy of the network on test samples: 0.8587
[00:34:55.345454] F1 of the network on test samples: 0.8595
[00:34:55.345467] Max Accuracy: 0.8615
[00:34:55.345480] Max F1: 0.8613
[00:34:55.348578] log_dir: /home/nvidia/netmambaplus-reproduction/runs/ciciot-ft-seed1/logs
[00:34:56.186196] Epoch: [84]  [ 0/66]  lr: 0.000288  loss: 0.7096 (0.7096)  eta: 0:00:55  time: 0.8359  data: 0.2113  max mem: 2933
[00:35:08.762850] Epoch: [84]  [20/66]  lr: 0.000284  loss: 0.6867 (0.7088)  eta: 0:00:29  time: 0.6288  data: 0.0003  max mem: 2933
[00:35:21.344678] Epoch: [84]  [40/66]  lr: 0.000279  loss: 0.7063 (0.7051)  eta: 0:00:16  time: 0.6290  data: 0.0002  max mem: 2933
[00:35:33.681718] Epoch: [84]  [60/66]  lr: 0.000275  loss: 0.6983 (0.7061)  eta: 0:00:03  time: 0.6168  data: 0.0003  max mem: 2933
[00:35:36.245425] Epoch: [84]  [65/66]  lr: 0.000274  loss: 0.6973 (0.7003)  eta: 0:00:00  time: 0.5953  data: 0.0003  max mem: 2933
[00:35:36.361207] Epoch: [84] Total time: 0:00:41 (0.6214 s / it)
[00:35:36.361360] Averaged stats: lr: 0.000274  loss: 0.6973 (0.7003)
/home/nvidia/netmambaplus-reproduction/upstream/NetMambaPlus/src/engine_mm.py:220: FutureWarning: `torch.cuda.amp.autocast(args...)` is deprecated. Please use `torch.amp.autocast('cuda', args...)` instead.
  with torch.cuda.amp.autocast():
[00:35:36.735582] Test:  [0/9]  loss: 0.3528 (0.3528)  acc1: 0.8828 (0.8828)  acc3: 0.9922 (0.9922)  eta: 0:00:03  time: 0.3708  data: 0.2282  max mem: 2933
[00:35:37.739226] Test:  [8/9]  loss: 0.3970 (0.4440)  acc1: 0.8750 (0.8538)  acc3: 0.9922 (0.9846)  eta: 0:00:00  time: 0.1527  data: 0.0255  max mem: 2933
[00:35:37.847174] Test: Total time: 0:00:01 (0.1649 s / it)
[00:35:37.919240] * Acc@1 0.8538 Acc@3 0.9846 loss 0.4440
[00:35:37.919418] * Pre 0.8649 Rec 0.8538 F1 0.8527
[00:35:37.921981] Accuracy of the network on test samples: 0.8538
[00:35:37.922312] F1 of the network on test samples: 0.8527
[00:35:37.922323] Max Accuracy: 0.8615
[00:35:37.922332] Max F1: 0.8613
[00:35:37.924655] log_dir: /home/nvidia/netmambaplus-reproduction/runs/ciciot-ft-seed1/logs
[00:35:38.846887] Epoch: [85]  [ 0/66]  lr: 0.000274  loss: 0.6927 (0.6927)  eta: 0:01:00  time: 0.9201  data: 0.2688  max mem: 2933
[00:35:51.522967] Epoch: [85]  [20/66]  lr: 0.000270  loss: 0.6865 (0.7038)  eta: 0:00:29  time: 0.6337  data: 0.0003  max mem: 2933
[00:36:04.229406] Epoch: [85]  [40/66]  lr: 0.000265  loss: 0.6799 (0.7003)  eta: 0:00:16  time: 0.6353  data: 0.0002  max mem: 2933
[00:36:16.704743] Epoch: [85]  [60/66]  lr: 0.000261  loss: 0.6969 (0.6992)  eta: 0:00:03  time: 0.6237  data: 0.0003  max mem: 2933
[00:36:19.306693] Epoch: [85]  [65/66]  lr: 0.000260  loss: 0.6875 (0.6950)  eta: 0:00:00  time: 0.6021  data: 0.0003  max mem: 2933
[00:36:19.422733] Epoch: [85] Total time: 0:00:41 (0.6288 s / it)
[00:36:19.422839] Averaged stats: lr: 0.000260  loss: 0.6875 (0.6950)
/home/nvidia/netmambaplus-reproduction/upstream/NetMambaPlus/src/engine_mm.py:220: FutureWarning: `torch.cuda.amp.autocast(args...)` is deprecated. Please use `torch.amp.autocast('cuda', args...)` instead.
  with torch.cuda.amp.autocast():
[00:36:19.816766] Test:  [0/9]  loss: 0.3665 (0.3665)  acc1: 0.8906 (0.8906)  acc3: 0.9922 (0.9922)  eta: 0:00:03  time: 0.3889  data: 0.2474  max mem: 2933
[00:36:20.811431] Test:  [8/9]  loss: 0.4329 (0.4444)  acc1: 0.8203 (0.8577)  acc3: 0.9922 (0.9865)  eta: 0:00:00  time: 0.1537  data: 0.0277  max mem: 2933
[00:36:20.926474] Test: Total time: 0:00:01 (0.1667 s / it)
[00:36:20.990681] * Acc@1 0.8577 Acc@3 0.9865 loss 0.4444
[00:36:20.990788] * Pre 0.8645 Rec 0.8577 F1 0.8585
[00:36:20.993204] Accuracy of the network on test samples: 0.8577
[00:36:20.994469] F1 of the network on test samples: 0.8585
[00:36:20.994536] Max Accuracy: 0.8615
[00:36:20.994546] Max F1: 0.8613
[00:36:20.996896] log_dir: /home/nvidia/netmambaplus-reproduction/runs/ciciot-ft-seed1/logs
[00:36:21.873181] Epoch: [86]  [ 0/66]  lr: 0.000260  loss: 0.7174 (0.7174)  eta: 0:00:57  time: 0.8742  data: 0.2265  max mem: 2933
[00:36:34.409917] Epoch: [86]  [20/66]  lr: 0.000256  loss: 0.6974 (0.7019)  eta: 0:00:29  time: 0.6268  data: 0.0003  max mem: 2933
[00:36:47.342511] Epoch: [86]  [40/66]  lr: 0.000252  loss: 0.6923 (0.6995)  eta: 0:00:16  time: 0.6466  data: 0.0003  max mem: 2933
[00:36:59.725342] Epoch: [86]  [60/66]  lr: 0.000247  loss: 0.6928 (0.6969)  eta: 0:00:03  time: 0.6190  data: 0.0003  max mem: 2933
[00:37:02.353914] Epoch: [86]  [65/66]  lr: 0.000246  loss: 0.6888 (0.6929)  eta: 0:00:00  time: 0.6056  data: 0.0003  max mem: 2933
[00:37:02.474244] Epoch: [86] Total time: 0:00:41 (0.6284 s / it)
[00:37:02.474350] Averaged stats: lr: 0.000246  loss: 0.6888 (0.6929)
/home/nvidia/netmambaplus-reproduction/upstream/NetMambaPlus/src/engine_mm.py:220: FutureWarning: `torch.cuda.amp.autocast(args...)` is deprecated. Please use `torch.amp.autocast('cuda', args...)` instead.
  with torch.cuda.amp.autocast():
[00:37:02.848692] Test:  [0/9]  loss: 0.3816 (0.3816)  acc1: 0.8906 (0.8906)  acc3: 0.9922 (0.9922)  eta: 0:00:03  time: 0.3682  data: 0.2259  max mem: 2933
[00:37:03.856575] Test:  [8/9]  loss: 0.4495 (0.4500)  acc1: 0.8203 (0.8587)  acc3: 0.9922 (0.9865)  eta: 0:00:00  time: 0.1528  data: 0.0253  max mem: 2933
[00:37:03.957212] Test: Total time: 0:00:01 (0.1645 s / it)
[00:37:04.026564] * Acc@1 0.8587 Acc@3 0.9865 loss 0.4500
[00:37:04.026635] * Pre 0.8653 Rec 0.8587 F1 0.8594
[00:37:04.028488] Accuracy of the network on test samples: 0.8587
[00:37:04.028504] F1 of the network on test samples: 0.8594
[00:37:04.028515] Max Accuracy: 0.8615
[00:37:04.028525] Max F1: 0.8613
[00:37:04.032392] log_dir: /home/nvidia/netmambaplus-reproduction/runs/ciciot-ft-seed1/logs
[00:37:04.952396] Epoch: [87]  [ 0/66]  lr: 0.000246  loss: 0.7119 (0.7119)  eta: 0:01:00  time: 0.9178  data: 0.2672  max mem: 2933
[00:37:17.498268] Epoch: [87]  [20/66]  lr: 0.000242  loss: 0.7069 (0.6980)  eta: 0:00:29  time: 0.6272  data: 0.0003  max mem: 2933
[00:37:30.391977] Epoch: [87]  [40/66]  lr: 0.000238  loss: 0.6959 (0.6980)  eta: 0:00:16  time: 0.6446  data: 0.0003  max mem: 2933
[00:37:42.683529] Epoch: [87]  [60/66]  lr: 0.000234  loss: 0.6945 (0.6962)  eta: 0:00:03  time: 0.6145  data: 0.0002  max mem: 2933
[00:37:45.212896] Epoch: [87]  [65/66]  lr: 0.000233  loss: 0.6945 (0.7133)  eta: 0:00:00  time: 0.5976  data: 0.0002  max mem: 2933
[00:37:45.329921] Epoch: [87] Total time: 0:00:41 (0.6257 s / it)
[00:37:45.330036] Averaged stats: lr: 0.000233  loss: 0.6945 (0.7133)
/home/nvidia/netmambaplus-reproduction/upstream/NetMambaPlus/src/engine_mm.py:220: FutureWarning: `torch.cuda.amp.autocast(args...)` is deprecated. Please use `torch.amp.autocast('cuda', args...)` instead.
  with torch.cuda.amp.autocast():
[00:37:45.726603] Test:  [0/9]  loss: 0.3540 (0.3540)  acc1: 0.8906 (0.8906)  acc3: 0.9922 (0.9922)  eta: 0:00:03  time: 0.3914  data: 0.2499  max mem: 2933
[00:37:46.724861] Test:  [8/9]  loss: 0.3962 (0.4453)  acc1: 0.8750 (0.8529)  acc3: 0.9922 (0.9865)  eta: 0:00:00  time: 0.1543  data: 0.0279  max mem: 2933
[00:37:46.832723] Test: Total time: 0:00:01 (0.1666 s / it)
[00:37:46.899327] * Acc@1 0.8529 Acc@3 0.9865 loss 0.4453
[00:37:46.899366] * Pre 0.8642 Rec 0.8529 F1 0.8514
[00:37:46.900688] Accuracy of the network on test samples: 0.8529
[00:37:46.900701] F1 of the network on test samples: 0.8514
[00:37:46.900710] Max Accuracy: 0.8615
[00:37:46.900719] Max F1: 0.8613
[00:37:46.904440] log_dir: /home/nvidia/netmambaplus-reproduction/runs/ciciot-ft-seed1/logs
[00:37:47.760262] Epoch: [88]  [ 0/66]  lr: 0.000233  loss: 0.6898 (0.6898)  eta: 0:00:56  time: 0.8538  data: 0.2259  max mem: 2933
[00:38:00.084675] Epoch: [88]  [20/66]  lr: 0.000229  loss: 0.6837 (0.7014)  eta: 0:00:28  time: 0.6162  data: 0.0002  max mem: 2933
[00:38:12.750333] Epoch: [88]  [40/66]  lr: 0.000225  loss: 0.6941 (0.7039)  eta: 0:00:16  time: 0.6332  data: 0.0002  max mem: 2933
[00:38:24.951331] Epoch: [88]  [60/66]  lr: 0.000221  loss: 0.6966 (0.7015)  eta: 0:00:03  time: 0.6100  data: 0.0002  max mem: 2933
[00:38:27.502884] Epoch: [88]  [65/66]  lr: 0.000220  loss: 0.6966 (0.7032)  eta: 0:00:00  time: 0.5978  data: 0.0002  max mem: 2933
[00:38:27.610502] Epoch: [88] Total time: 0:00:40 (0.6168 s / it)
[00:38:27.610595] Averaged stats: lr: 0.000220  loss: 0.6966 (0.7032)
/home/nvidia/netmambaplus-reproduction/upstream/NetMambaPlus/src/engine_mm.py:220: FutureWarning: `torch.cuda.amp.autocast(args...)` is deprecated. Please use `torch.amp.autocast('cuda', args...)` instead.
  with torch.cuda.amp.autocast():
[00:38:27.964461] Test:  [0/9]  loss: 0.3657 (0.3657)  acc1: 0.8828 (0.8828)  acc3: 0.9922 (0.9922)  eta: 0:00:03  time: 0.3492  data: 0.2104  max mem: 2933
[00:38:28.971542] Test:  [8/9]  loss: 0.4214 (0.4480)  acc1: 0.8281 (0.8510)  acc3: 0.9922 (0.9865)  eta: 0:00:00  time: 0.1506  data: 0.0236  max mem: 2933
[00:38:29.081009] Test: Total time: 0:00:01 (0.1631 s / it)
[00:38:29.147364] * Acc@1 0.8510 Acc@3 0.9865 loss 0.4480
[00:38:29.147443] * Pre 0.8553 Rec 0.8510 F1 0.8514
[00:38:29.149687] Accuracy of the network on test samples: 0.8510
[00:38:29.149705] F1 of the network on test samples: 0.8514
[00:38:29.149713] Max Accuracy: 0.8615
[00:38:29.149721] Max F1: 0.8613
[00:38:29.152723] log_dir: /home/nvidia/netmambaplus-reproduction/runs/ciciot-ft-seed1/logs
[00:38:29.997114] Epoch: [89]  [ 0/66]  lr: 0.000220  loss: 0.8116 (0.8116)  eta: 0:00:55  time: 0.8410  data: 0.2132  max mem: 2933
[00:38:42.298414] Epoch: [89]  [20/66]  lr: 0.000216  loss: 0.6879 (0.6874)  eta: 0:00:28  time: 0.6150  data: 0.0002  max mem: 2933
[00:38:54.938748] Epoch: [89]  [40/66]  lr: 0.000212  loss: 0.6946 (0.6911)  eta: 0:00:16  time: 0.6320  data: 0.0002  max mem: 2933
[00:39:07.122195] Epoch: [89]  [60/66]  lr: 0.000208  loss: 0.7013 (0.6963)  eta: 0:00:03  time: 0.6091  data: 0.0002  max mem: 2933
[00:39:09.682113] Epoch: [89]  [65/66]  lr: 0.000207  loss: 0.6972 (0.6969)  eta: 0:00:00  time: 0.5986  data: 0.0002  max mem: 2933
[00:39:09.783050] Epoch: [89] Total time: 0:00:40 (0.6156 s / it)
[00:39:09.783257] Averaged stats: lr: 0.000207  loss: 0.6972 (0.6969)
/home/nvidia/netmambaplus-reproduction/upstream/NetMambaPlus/src/engine_mm.py:220: FutureWarning: `torch.cuda.amp.autocast(args...)` is deprecated. Please use `torch.amp.autocast('cuda', args...)` instead.
  with torch.cuda.amp.autocast():
[00:39:10.148911] Test:  [0/9]  loss: 0.3584 (0.3584)  acc1: 0.8906 (0.8906)  acc3: 0.9922 (0.9922)  eta: 0:00:03  time: 0.3602  data: 0.2201  max mem: 2933
[00:39:11.171626] Test:  [8/9]  loss: 0.4270 (0.4467)  acc1: 0.8125 (0.8567)  acc3: 0.9922 (0.9856)  eta: 0:00:00  time: 0.1536  data: 0.0246  max mem: 2933
[00:39:11.283579] Test: Total time: 0:00:01 (0.1665 s / it)
[00:39:11.349000] * Acc@1 0.8567 Acc@3 0.9856 loss 0.4467
[00:39:11.349041] * Pre 0.8635 Rec 0.8567 F1 0.8576
[00:39:11.350247] Accuracy of the network on test samples: 0.8567
[00:39:11.350267] F1 of the network on test samples: 0.8576
[00:39:11.350278] Max Accuracy: 0.8615
[00:39:11.350292] Max F1: 0.8613
[00:39:11.353794] log_dir: /home/nvidia/netmambaplus-reproduction/runs/ciciot-ft-seed1/logs
[00:39:12.207822] Epoch: [90]  [ 0/66]  lr: 0.000207  loss: 0.7259 (0.7259)  eta: 0:00:56  time: 0.8513  data: 0.2236  max mem: 2933
[00:39:24.543541] Epoch: [90]  [20/66]  lr: 0.000203  loss: 0.6780 (0.6968)  eta: 0:00:28  time: 0.6167  data: 0.0002  max mem: 2933
[00:39:37.182371] Epoch: [90]  [40/66]  lr: 0.000199  loss: 0.6907 (0.6922)  eta: 0:00:16  time: 0.6319  data: 0.0002  max mem: 2933
[00:39:49.345923] Epoch: [90]  [60/66]  lr: 0.000195  loss: 0.6842 (0.6940)  eta: 0:00:03  time: 0.6081  data: 0.0003  max mem: 2933
[00:39:51.883982] Epoch: [90]  [65/66]  lr: 0.000195  loss: 0.6842 (0.6918)  eta: 0:00:00  time: 0.6002  data: 0.0003  max mem: 2933
[00:39:51.991682] Epoch: [90] Total time: 0:00:40 (0.6157 s / it)
[00:39:51.991795] Averaged stats: lr: 0.000195  loss: 0.6842 (0.6918)
/home/nvidia/netmambaplus-reproduction/upstream/NetMambaPlus/src/engine_mm.py:220: FutureWarning: `torch.cuda.amp.autocast(args...)` is deprecated. Please use `torch.amp.autocast('cuda', args...)` instead.
  with torch.cuda.amp.autocast():
[00:39:52.403596] Test:  [0/9]  loss: 0.3567 (0.3567)  acc1: 0.8906 (0.8906)  acc3: 0.9922 (0.9922)  eta: 0:00:03  time: 0.4069  data: 0.2628  max mem: 2933
[00:39:53.397264] Test:  [8/9]  loss: 0.4326 (0.4482)  acc1: 0.8125 (0.8577)  acc3: 0.9922 (0.9865)  eta: 0:00:00  time: 0.1555  data: 0.0294  max mem: 2933
[00:39:53.504656] Test: Total time: 0:00:01 (0.1678 s / it)
[00:39:53.569747] * Acc@1 0.8577 Acc@3 0.9865 loss 0.4482
[00:39:53.569821] * Pre 0.8628 Rec 0.8567 F1 0.8575
[00:39:53.571703] Accuracy of the network on test samples: 0.8577
[00:39:53.571712] F1 of the network on test samples: 0.8575
[00:39:53.571719] Max Accuracy: 0.8615
[00:39:53.571727] Max F1: 0.8613
[00:39:53.575386] log_dir: /home/nvidia/netmambaplus-reproduction/runs/ciciot-ft-seed1/logs
[00:39:54.467943] Epoch: [91]  [ 0/66]  lr: 0.000194  loss: 0.6495 (0.6495)  eta: 0:00:58  time: 0.8902  data: 0.2537  max mem: 2933
[00:40:06.827197] Epoch: [91]  [20/66]  lr: 0.000191  loss: 0.6998 (0.6893)  eta: 0:00:29  time: 0.6179  data: 0.0003  max mem: 2933
[00:40:19.821256] Epoch: [91]  [40/66]  lr: 0.000187  loss: 0.6718 (0.6856)  eta: 0:00:16  time: 0.6496  data: 0.0002  max mem: 2933
[00:40:32.201035] Epoch: [91]  [60/66]  lr: 0.000183  loss: 0.6950 (0.6924)  eta: 0:00:03  time: 0.6189  data: 0.0003  max mem: 2933
[00:40:34.795164] Epoch: [91]  [65/66]  lr: 0.000182  loss: 0.6902 (0.6908)  eta: 0:00:00  time: 0.6130  data: 0.0003  max mem: 2933
[00:40:34.901238] Epoch: [91] Total time: 0:00:41 (0.6261 s / it)
[00:40:34.901368] Averaged stats: lr: 0.000182  loss: 0.6902 (0.6908)
/home/nvidia/netmambaplus-reproduction/upstream/NetMambaPlus/src/engine_mm.py:220: FutureWarning: `torch.cuda.amp.autocast(args...)` is deprecated. Please use `torch.amp.autocast('cuda', args...)` instead.
  with torch.cuda.amp.autocast():
[00:40:35.268268] Test:  [0/9]  loss: 0.3511 (0.3511)  acc1: 0.8828 (0.8828)  acc3: 0.9922 (0.9922)  eta: 0:00:03  time: 0.3628  data: 0.2229  max mem: 2933
[00:40:36.278552] Test:  [8/9]  loss: 0.4221 (0.4458)  acc1: 0.8125 (0.8567)  acc3: 0.9922 (0.9865)  eta: 0:00:00  time: 0.1525  data: 0.0249  max mem: 2933
[00:40:36.398573] Test: Total time: 0:00:01 (0.1661 s / it)
[00:40:36.467382] * Acc@1 0.8567 Acc@3 0.9865 loss 0.4458
[00:40:36.467448] * Pre 0.8636 Rec 0.8567 F1 0.8577
[00:40:36.469370] Accuracy of the network on test samples: 0.8567
[00:40:36.469389] F1 of the network on test samples: 0.8577
[00:40:36.469397] Max Accuracy: 0.8615
[00:40:36.469406] Max F1: 0.8613
[00:40:36.472447] log_dir: /home/nvidia/netmambaplus-reproduction/runs/ciciot-ft-seed1/logs
[00:40:37.376312] Epoch: [92]  [ 0/66]  lr: 0.000182  loss: 0.7589 (0.7589)  eta: 0:00:59  time: 0.9004  data: 0.2496  max mem: 2933
[00:40:49.891170] Epoch: [92]  [20/66]  lr: 0.000178  loss: 0.6856 (0.6930)  eta: 0:00:29  time: 0.6257  data: 0.0003  max mem: 2933
[00:41:02.786566] Epoch: [92]  [40/66]  lr: 0.000175  loss: 0.6921 (0.7025)  eta: 0:00:16  time: 0.6447  data: 0.0003  max mem: 2933
[00:41:15.217854] Epoch: [92]  [60/66]  lr: 0.000171  loss: 0.6761 (0.6939)  eta: 0:00:03  time: 0.6215  data: 0.0002  max mem: 2933
[00:41:17.817222] Epoch: [92]  [65/66]  lr: 0.000170  loss: 0.6845 (0.6935)  eta: 0:00:00  time: 0.6157  data: 0.0002  max mem: 2933
[00:41:17.936908] Epoch: [92] Total time: 0:00:41 (0.6282 s / it)
[00:41:17.937030] Averaged stats: lr: 0.000170  loss: 0.6845 (0.6935)
/home/nvidia/netmambaplus-reproduction/upstream/NetMambaPlus/src/engine_mm.py:220: FutureWarning: `torch.cuda.amp.autocast(args...)` is deprecated. Please use `torch.amp.autocast('cuda', args...)` instead.
  with torch.cuda.amp.autocast():
[00:41:18.321887] Test:  [0/9]  loss: 0.3782 (0.3782)  acc1: 0.8906 (0.8906)  acc3: 0.9922 (0.9922)  eta: 0:00:03  time: 0.3787  data: 0.2379  max mem: 2933
[00:41:19.319832] Test:  [8/9]  loss: 0.4097 (0.4447)  acc1: 0.8750 (0.8538)  acc3: 0.9922 (0.9846)  eta: 0:00:00  time: 0.1529  data: 0.0266  max mem: 2933
[00:41:19.426250] Test: Total time: 0:00:01 (0.1652 s / it)
[00:41:19.498843] * Acc@1 0.8538 Acc@3 0.9846 loss 0.4447
[00:41:19.498935] * Pre 0.8648 Rec 0.8538 F1 0.8523
[00:41:19.501222] Accuracy of the network on test samples: 0.8538
[00:41:19.501660] F1 of the network on test samples: 0.8523
[00:41:19.501668] Max Accuracy: 0.8615
[00:41:19.501675] Max F1: 0.8613
[00:41:19.504976] log_dir: /home/nvidia/netmambaplus-reproduction/runs/ciciot-ft-seed1/logs
[00:41:20.407948] Epoch: [93]  [ 0/66]  lr: 0.000170  loss: 0.7227 (0.7227)  eta: 0:00:59  time: 0.9009  data: 0.2483  max mem: 2933
[00:41:32.872676] Epoch: [93]  [20/66]  lr: 0.000167  loss: 0.6848 (0.7077)  eta: 0:00:29  time: 0.6232  data: 0.0003  max mem: 2933
[00:41:45.751310] Epoch: [93]  [40/66]  lr: 0.000163  loss: 0.6938 (0.6973)  eta: 0:00:16  time: 0.6439  data: 0.0003  max mem: 2933
[00:41:58.255795] Epoch: [93]  [60/66]  lr: 0.000160  loss: 0.6925 (0.6955)  eta: 0:00:03  time: 0.6252  data: 0.0003  max mem: 2933
[00:42:00.869619] Epoch: [93]  [65/66]  lr: 0.000159  loss: 0.6996 (0.7024)  eta: 0:00:00  time: 0.6174  data: 0.0004  max mem: 2933
[00:42:00.978240] Epoch: [93] Total time: 0:00:41 (0.6284 s / it)
[00:42:00.978362] Averaged stats: lr: 0.000159  loss: 0.6996 (0.7024)
/home/nvidia/netmambaplus-reproduction/upstream/NetMambaPlus/src/engine_mm.py:220: FutureWarning: `torch.cuda.amp.autocast(args...)` is deprecated. Please use `torch.amp.autocast('cuda', args...)` instead.
  with torch.cuda.amp.autocast():
[00:42:01.358367] Test:  [0/9]  loss: 0.3787 (0.3787)  acc1: 0.8828 (0.8828)  acc3: 0.9922 (0.9922)  eta: 0:00:03  time: 0.3768  data: 0.2311  max mem: 2933
[00:42:02.355992] Test:  [8/9]  loss: 0.3914 (0.4440)  acc1: 0.8359 (0.8538)  acc3: 0.9922 (0.9846)  eta: 0:00:00  time: 0.1526  data: 0.0259  max mem: 2933
[00:42:02.462765] Test: Total time: 0:00:01 (0.1647 s / it)
[00:42:02.530091] * Acc@1 0.8538 Acc@3 0.9846 loss 0.4440
[00:42:02.530247] * Pre 0.8635 Rec 0.8538 F1 0.8552
[00:42:02.532236] Accuracy of the network on test samples: 0.8538
[00:42:02.532724] F1 of the network on test samples: 0.8552
[00:42:02.532732] Max Accuracy: 0.8615
[00:42:02.532890] Max F1: 0.8613
[00:42:02.535223] log_dir: /home/nvidia/netmambaplus-reproduction/runs/ciciot-ft-seed1/logs
[00:42:03.418603] Epoch: [94]  [ 0/66]  lr: 0.000159  loss: 0.7292 (0.7292)  eta: 0:00:58  time: 0.8811  data: 0.2368  max mem: 2933
[00:42:15.971626] Epoch: [94]  [20/66]  lr: 0.000155  loss: 0.6909 (0.6920)  eta: 0:00:29  time: 0.6276  data: 0.0002  max mem: 2933
[00:42:28.772000] Epoch: [94]  [40/66]  lr: 0.000152  loss: 0.6941 (0.6964)  eta: 0:00:16  time: 0.6400  data: 0.0003  max mem: 2933
[00:42:41.200779] Epoch: [94]  [60/66]  lr: 0.000148  loss: 0.7063 (0.6990)  eta: 0:00:03  time: 0.6214  data: 0.0002  max mem: 2933
[00:42:43.782872] Epoch: [94]  [65/66]  lr: 0.000147  loss: 0.7032 (0.6944)  eta: 0:00:00  time: 0.6095  data: 0.0003  max mem: 2933
[00:42:43.899637] Epoch: [94] Total time: 0:00:41 (0.6267 s / it)
[00:42:43.899696] Averaged stats: lr: 0.000147  loss: 0.7032 (0.6944)
/home/nvidia/netmambaplus-reproduction/upstream/NetMambaPlus/src/engine_mm.py:220: FutureWarning: `torch.cuda.amp.autocast(args...)` is deprecated. Please use `torch.amp.autocast('cuda', args...)` instead.
  with torch.cuda.amp.autocast():
[00:42:44.255174] Test:  [0/9]  loss: 0.3523 (0.3523)  acc1: 0.8828 (0.8828)  acc3: 0.9922 (0.9922)  eta: 0:00:03  time: 0.3522  data: 0.2128  max mem: 2933
[00:42:45.245236] Test:  [8/9]  loss: 0.4104 (0.4428)  acc1: 0.8750 (0.8510)  acc3: 0.9922 (0.9865)  eta: 0:00:00  time: 0.1490  data: 0.0238  max mem: 2933
[00:42:45.361840] Test: Total time: 0:00:01 (0.1622 s / it)
[00:42:45.427927] * Acc@1 0.8510 Acc@3 0.9865 loss 0.4428
[00:42:45.427987] * Pre 0.8616 Rec 0.8510 F1 0.8496
[00:42:45.429323] Accuracy of the network on test samples: 0.8510
[00:42:45.429662] F1 of the network on test samples: 0.8496
[00:42:45.429677] Max Accuracy: 0.8615
[00:42:45.429688] Max F1: 0.8613
[00:42:45.433083] log_dir: /home/nvidia/netmambaplus-reproduction/runs/ciciot-ft-seed1/logs
[00:42:46.319817] Epoch: [95]  [ 0/66]  lr: 0.000147  loss: 0.7533 (0.7533)  eta: 0:00:58  time: 0.8838  data: 0.2547  max mem: 2933
[00:42:58.672646] Epoch: [95]  [20/66]  lr: 0.000144  loss: 0.7016 (0.7031)  eta: 0:00:28  time: 0.6176  data: 0.0003  max mem: 2933
[00:43:11.215693] Epoch: [95]  [40/66]  lr: 0.000141  loss: 0.6912 (0.6941)  eta: 0:00:16  time: 0.6271  data: 0.0003  max mem: 2933
[00:43:21.566043] Epoch: [95]  [60/66]  lr: 0.000137  loss: 0.6996 (0.6969)  eta: 0:00:03  time: 0.5175  data: 0.0002  max mem: 2933
[00:43:23.268410] Epoch: [95]  [65/66]  lr: 0.000137  loss: 0.6942 (0.7031)  eta: 0:00:00  time: 0.4675  data: 0.0002  max mem: 2933
[00:43:23.387334] Epoch: [95] Total time: 0:00:37 (0.5751 s / it)
[00:43:23.387423] Averaged stats: lr: 0.000137  loss: 0.6942 (0.7031)
/home/nvidia/netmambaplus-reproduction/upstream/NetMambaPlus/src/engine_mm.py:220: FutureWarning: `torch.cuda.amp.autocast(args...)` is deprecated. Please use `torch.amp.autocast('cuda', args...)` instead.
  with torch.cuda.amp.autocast():
[00:43:23.751904] Test:  [0/9]  loss: 0.3545 (0.3545)  acc1: 0.8906 (0.8906)  acc3: 0.9922 (0.9922)  eta: 0:00:03  time: 0.3582  data: 0.2672  max mem: 2933
[00:43:24.409812] Test:  [8/9]  loss: 0.4419 (0.4433)  acc1: 0.8125 (0.8558)  acc3: 0.9922 (0.9856)  eta: 0:00:00  time: 0.1128  data: 0.0299  max mem: 2933
[00:43:24.514001] Test: Total time: 0:00:01 (0.1248 s / it)
[00:43:24.587356] * Acc@1 0.8558 Acc@3 0.9856 loss 0.4433
[00:43:24.587459] * Pre 0.8631 Rec 0.8558 F1 0.8567
[00:43:24.589352] Accuracy of the network on test samples: 0.8558
[00:43:24.589374] F1 of the network on test samples: 0.8567
[00:43:24.589382] Max Accuracy: 0.8615
[00:43:24.589390] Max F1: 0.8613
[00:43:24.593223] log_dir: /home/nvidia/netmambaplus-reproduction/runs/ciciot-ft-seed1/logs
[00:43:25.264738] Epoch: [96]  [ 0/66]  lr: 0.000136  loss: 0.6582 (0.6582)  eta: 0:00:44  time: 0.6702  data: 0.2383  max mem: 2933
[00:43:32.816482] Epoch: [96]  [20/66]  lr: 0.000133  loss: 0.6766 (0.6803)  eta: 0:00:18  time: 0.3775  data: 0.0002  max mem: 2933
[00:43:41.235326] Epoch: [96]  [40/66]  lr: 0.000130  loss: 0.6882 (0.6906)  eta: 0:00:10  time: 0.4209  data: 0.0002  max mem: 2933
[00:43:49.642214] Epoch: [96]  [60/66]  lr: 0.000127  loss: 0.7057 (0.6952)  eta: 0:00:02  time: 0.4203  data: 0.0002  max mem: 2933
[00:43:51.341481] Epoch: [96]  [65/66]  lr: 0.000126  loss: 0.7250 (0.7107)  eta: 0:00:00  time: 0.4006  data: 0.0002  max mem: 2933
[00:43:51.467755] Epoch: [96] Total time: 0:00:26 (0.4072 s / it)
[00:43:51.467851] Averaged stats: lr: 0.000126  loss: 0.7250 (0.7107)
/home/nvidia/netmambaplus-reproduction/upstream/NetMambaPlus/src/engine_mm.py:220: FutureWarning: `torch.cuda.amp.autocast(args...)` is deprecated. Please use `torch.amp.autocast('cuda', args...)` instead.
  with torch.cuda.amp.autocast():
[00:43:51.882524] Test:  [0/9]  loss: 0.3479 (0.3479)  acc1: 0.8906 (0.8906)  acc3: 0.9922 (0.9922)  eta: 0:00:03  time: 0.4113  data: 0.3183  max mem: 2933
[00:43:52.535999] Test:  [8/9]  loss: 0.4282 (0.4447)  acc1: 0.8516 (0.8587)  acc3: 0.9922 (0.9865)  eta: 0:00:00  time: 0.1182  data: 0.0355  max mem: 2933
[00:43:52.650192] Test: Total time: 0:00:01 (0.1312 s / it)
[00:43:52.715991] * Acc@1 0.8587 Acc@3 0.9865 loss 0.4447
[00:43:52.716149] * Pre 0.8645 Rec 0.8587 F1 0.8594
[00:43:52.718907] Accuracy of the network on test samples: 0.8587
[00:43:52.719256] F1 of the network on test samples: 0.8594
[00:43:52.719263] Max Accuracy: 0.8615
[00:43:52.719268] Max F1: 0.8613
[00:43:52.722442] log_dir: /home/nvidia/netmambaplus-reproduction/runs/ciciot-ft-seed1/logs
[00:43:53.411886] Epoch: [97]  [ 0/66]  lr: 0.000126  loss: 0.7261 (0.7261)  eta: 0:00:45  time: 0.6873  data: 0.2667  max mem: 2933
[00:44:00.782442] Epoch: [97]  [20/66]  lr: 0.000123  loss: 0.6924 (0.6988)  eta: 0:00:17  time: 0.3685  data: 0.0002  max mem: 2933
[00:44:09.202384] Epoch: [97]  [40/66]  lr: 0.000120  loss: 0.6938 (0.6971)  eta: 0:00:10  time: 0.4210  data: 0.0002  max mem: 2933
[00:44:17.637758] Epoch: [97]  [60/66]  lr: 0.000117  loss: 0.6999 (0.6965)  eta: 0:00:02  time: 0.4217  data: 0.0002  max mem: 2933
[00:44:19.334996] Epoch: [97]  [65/66]  lr: 0.000116  loss: 0.6767 (0.6935)  eta: 0:00:00  time: 0.4015  data: 0.0002  max mem: 2933
[00:44:19.443544] Epoch: [97] Total time: 0:00:26 (0.4049 s / it)
[00:44:19.443700] Averaged stats: lr: 0.000116  loss: 0.6767 (0.6935)
/home/nvidia/netmambaplus-reproduction/upstream/NetMambaPlus/src/engine_mm.py:220: FutureWarning: `torch.cuda.amp.autocast(args...)` is deprecated. Please use `torch.amp.autocast('cuda', args...)` instead.
  with torch.cuda.amp.autocast():
[00:44:19.745955] Test:  [0/9]  loss: 0.3506 (0.3506)  acc1: 0.8906 (0.8906)  acc3: 0.9922 (0.9922)  eta: 0:00:02  time: 0.2982  data: 0.2008  max mem: 2933
[00:44:20.392003] Test:  [8/9]  loss: 0.4128 (0.4419)  acc1: 0.8516 (0.8587)  acc3: 0.9922 (0.9856)  eta: 0:00:00  time: 0.1048  data: 0.0225  max mem: 2933
[00:44:20.496463] Test: Total time: 0:00:01 (0.1167 s / it)
[00:44:20.562510] * Acc@1 0.8587 Acc@3 0.9856 loss 0.4419
[00:44:20.562653] * Pre 0.8645 Rec 0.8587 F1 0.8594
[00:44:20.565081] Accuracy of the network on test samples: 0.8587
[00:44:20.566061] F1 of the network on test samples: 0.8594
[00:44:20.566089] Max Accuracy: 0.8615
[00:44:20.566099] Max F1: 0.8613
[00:44:20.568974] log_dir: /home/nvidia/netmambaplus-reproduction/runs/ciciot-ft-seed1/logs
[00:44:21.235191] Epoch: [98]  [ 0/66]  lr: 0.000116  loss: 0.6448 (0.6448)  eta: 0:00:43  time: 0.6639  data: 0.2384  max mem: 2933
[00:44:28.613125] Epoch: [98]  [20/66]  lr: 0.000113  loss: 0.6900 (0.6838)  eta: 0:00:17  time: 0.3688  data: 0.0002  max mem: 2933
[00:44:37.520692] Epoch: [98]  [40/66]  lr: 0.000110  loss: 0.6872 (0.6870)  eta: 0:00:10  time: 0.4453  data: 0.0003  max mem: 2933
[00:44:50.215864] Epoch: [98]  [60/66]  lr: 0.000107  loss: 0.7044 (0.6932)  eta: 0:00:02  time: 0.6347  data: 0.0002  max mem: 2933
[00:44:51.921578] Epoch: [98]  [65/66]  lr: 0.000106  loss: 0.6938 (0.6912)  eta: 0:00:00  time: 0.5042  data: 0.0002  max mem: 2933
[00:44:52.032832] Epoch: [98] Total time: 0:00:31 (0.4767 s / it)
[00:44:52.032899] Averaged stats: lr: 0.000106  loss: 0.6938 (0.6912)
/home/nvidia/netmambaplus-reproduction/upstream/NetMambaPlus/src/engine_mm.py:220: FutureWarning: `torch.cuda.amp.autocast(args...)` is deprecated. Please use `torch.amp.autocast('cuda', args...)` instead.
  with torch.cuda.amp.autocast():
[00:44:52.363126] Test:  [0/9]  loss: 0.3562 (0.3562)  acc1: 0.8906 (0.8906)  acc3: 0.9922 (0.9922)  eta: 0:00:02  time: 0.3229  data: 0.2310  max mem: 2933
[00:44:53.013402] Test:  [8/9]  loss: 0.4133 (0.4422)  acc1: 0.8516 (0.8587)  acc3: 0.9922 (0.9856)  eta: 0:00:00  time: 0.1081  data: 0.0258  max mem: 2933
[00:44:53.120636] Test: Total time: 0:00:01 (0.1205 s / it)
[00:44:53.188838] * Acc@1 0.8587 Acc@3 0.9856 loss 0.4422
[00:44:53.188943] * Pre 0.8645 Rec 0.8587 F1 0.8594
[00:44:53.191302] Accuracy of the network on test samples: 0.8587
[00:44:53.191857] F1 of the network on test samples: 0.8594
[00:44:53.191868] Max Accuracy: 0.8615
[00:44:53.191877] Max F1: 0.8613
[00:44:53.194890] log_dir: /home/nvidia/netmambaplus-reproduction/runs/ciciot-ft-seed1/logs
[00:44:53.653219] Epoch: [99]  [ 0/66]  lr: 0.000106  loss: 0.6765 (0.6765)  eta: 0:00:30  time: 0.4574  data: 0.2651  max mem: 2933
[00:45:01.080803] Epoch: [99]  [20/66]  lr: 0.000103  loss: 0.6998 (0.7016)  eta: 0:00:17  time: 0.3713  data: 0.0001  max mem: 2933
[00:45:09.584905] Epoch: [99]  [40/66]  lr: 0.000100  loss: 0.6943 (0.6984)  eta: 0:00:10  time: 0.4251  data: 0.0003  max mem: 2933
[00:45:18.073160] Epoch: [99]  [60/66]  lr: 0.000097  loss: 0.6857 (0.6941)  eta: 0:00:02  time: 0.4244  data: 0.0002  max mem: 2933
[00:45:19.826591] Epoch: [99]  [65/66]  lr: 0.000097  loss: 0.6788 (0.6904)  eta: 0:00:00  time: 0.4062  data: 0.0002  max mem: 2933
[00:45:19.945673] Epoch: [99] Total time: 0:00:26 (0.4053 s / it)
[00:45:19.945864] Averaged stats: lr: 0.000097  loss: 0.6788 (0.6904)
/home/nvidia/netmambaplus-reproduction/upstream/NetMambaPlus/src/engine_mm.py:220: FutureWarning: `torch.cuda.amp.autocast(args...)` is deprecated. Please use `torch.amp.autocast('cuda', args...)` instead.
  with torch.cuda.amp.autocast():
[00:45:20.331490] Test:  [0/9]  loss: 0.3728 (0.3728)  acc1: 0.8906 (0.8906)  acc3: 0.9922 (0.9922)  eta: 0:00:03  time: 0.3807  data: 0.2824  max mem: 2933
[00:45:20.990552] Test:  [8/9]  loss: 0.4277 (0.4451)  acc1: 0.8125 (0.8577)  acc3: 0.9922 (0.9865)  eta: 0:00:00  time: 0.1154  data: 0.0316  max mem: 2933
[00:45:21.093003] Test: Total time: 0:00:01 (0.1271 s / it)
[00:45:21.159489] * Acc@1 0.8577 Acc@3 0.9865 loss 0.4451
[00:45:21.159546] * Pre 0.8641 Rec 0.8577 F1 0.8585
[00:45:21.160963] Accuracy of the network on test samples: 0.8577
[00:45:21.160980] F1 of the network on test samples: 0.8585
[00:45:21.161630] Max Accuracy: 0.8615
[00:45:21.161655] Max F1: 0.8613
[00:45:21.164199] log_dir: /home/nvidia/netmambaplus-reproduction/runs/ciciot-ft-seed1/logs
[00:45:21.826869] Epoch: [100]  [ 0/66]  lr: 0.000096  loss: 0.7091 (0.7091)  eta: 0:00:43  time: 0.6594  data: 0.2368  max mem: 2933
[00:45:29.362688] Epoch: [100]  [20/66]  lr: 0.000094  loss: 0.6857 (0.6897)  eta: 0:00:17  time: 0.3767  data: 0.0002  max mem: 2933
[00:45:37.911407] Epoch: [100]  [40/66]  lr: 0.000091  loss: 0.6889 (0.6904)  eta: 0:00:10  time: 0.4274  data: 0.0003  max mem: 2933
[00:45:46.510476] Epoch: [100]  [60/66]  lr: 0.000088  loss: 0.7217 (0.6938)  eta: 0:00:02  time: 0.4299  data: 0.0002  max mem: 2933
[00:45:48.226364] Epoch: [100]  [65/66]  lr: 0.000088  loss: 0.7113 (0.6947)  eta: 0:00:00  time: 0.4089  data: 0.0003  max mem: 2933
[00:45:48.386269] Epoch: [100] Total time: 0:00:27 (0.4125 s / it)
[00:45:48.386387] Averaged stats: lr: 0.000088  loss: 0.7113 (0.6947)
/home/nvidia/netmambaplus-reproduction/upstream/NetMambaPlus/src/engine_mm.py:220: FutureWarning: `torch.cuda.amp.autocast(args...)` is deprecated. Please use `torch.amp.autocast('cuda', args...)` instead.
  with torch.cuda.amp.autocast():
[00:45:48.719163] Test:  [0/9]  loss: 0.3564 (0.3564)  acc1: 0.8906 (0.8906)  acc3: 0.9922 (0.9922)  eta: 0:00:02  time: 0.3294  data: 0.2338  max mem: 2933
[00:45:50.005811] Test:  [8/9]  loss: 0.4160 (0.4429)  acc1: 0.8516 (0.8587)  acc3: 0.9922 (0.9856)  eta: 0:00:00  time: 0.1795  data: 0.0261  max mem: 2933
[00:45:50.057838] Test: Total time: 0:00:01 (0.1855 s / it)
[00:45:50.112525] * Acc@1 0.8587 Acc@3 0.9856 loss 0.4429
[00:45:50.112627] * Pre 0.8645 Rec 0.8587 F1 0.8594
[00:45:50.114002] Accuracy of the network on test samples: 0.8587
[00:45:50.114169] F1 of the network on test samples: 0.8594
[00:45:50.114177] Max Accuracy: 0.8615
[00:45:50.114237] Max F1: 0.8613
[00:45:50.115076] log_dir: /home/nvidia/netmambaplus-reproduction/runs/ciciot-ft-seed1/logs
[00:45:50.660287] Epoch: [101]  [ 0/66]  lr: 0.000087  loss: 0.6234 (0.6234)  eta: 0:00:35  time: 0.5438  data: 0.1700  max mem: 2933
[00:45:58.739751] Epoch: [101]  [20/66]  lr: 0.000085  loss: 0.6944 (0.6829)  eta: 0:00:18  time: 0.4039  data: 0.0003  max mem: 2933
[00:46:07.284689] Epoch: [101]  [40/66]  lr: 0.000082  loss: 0.6977 (0.6955)  eta: 0:00:10  time: 0.4272  data: 0.0002  max mem: 2933
[00:46:15.844144] Epoch: [101]  [60/66]  lr: 0.000080  loss: 0.6833 (0.6921)  eta: 0:00:02  time: 0.4279  data: 0.0003  max mem: 2933
[00:46:17.570913] Epoch: [101]  [65/66]  lr: 0.000079  loss: 0.6858 (0.6952)  eta: 0:00:00  time: 0.4059  data: 0.0003  max mem: 2933
[00:46:17.684116] Epoch: [101] Total time: 0:00:27 (0.4177 s / it)
[00:46:17.684291] Averaged stats: lr: 0.000079  loss: 0.6858 (0.6952)
/home/nvidia/netmambaplus-reproduction/upstream/NetMambaPlus/src/engine_mm.py:220: FutureWarning: `torch.cuda.amp.autocast(args...)` is deprecated. Please use `torch.amp.autocast('cuda', args...)` instead.
  with torch.cuda.amp.autocast():
[00:46:18.027163] Test:  [0/9]  loss: 0.3557 (0.3557)  acc1: 0.8906 (0.8906)  acc3: 0.9922 (0.9922)  eta: 0:00:03  time: 0.3385  data: 0.2453  max mem: 2933
[00:46:18.331635] Test:  [8/9]  loss: 0.4231 (0.4419)  acc1: 0.8516 (0.8587)  acc3: 0.9922 (0.9865)  eta: 0:00:00  time: 0.0714  data: 0.0274  max mem: 2933
[00:46:18.397072] Test: Total time: 0:00:00 (0.0789 s / it)
[00:46:18.461343] * Acc@1 0.8587 Acc@3 0.9865 loss 0.4419
[00:46:18.461384] * Pre 0.8645 Rec 0.8587 F1 0.8594
[00:46:18.462254] Accuracy of the network on test samples: 0.8587
[00:46:18.462264] F1 of the network on test samples: 0.8594
[00:46:18.462269] Max Accuracy: 0.8615
[00:46:18.462273] Max F1: 0.8613
[00:46:18.465029] log_dir: /home/nvidia/netmambaplus-reproduction/runs/ciciot-ft-seed1/logs
[00:46:18.855753] Epoch: [102]  [ 0/66]  lr: 0.000079  loss: 0.6602 (0.6602)  eta: 0:00:25  time: 0.3895  data: 0.1698  max mem: 2933
[00:46:28.342034] Epoch: [102]  [20/66]  lr: 0.000076  loss: 0.6897 (0.6967)  eta: 0:00:21  time: 0.4743  data: 0.0002  max mem: 2933
[00:46:37.353869] Epoch: [102]  [40/66]  lr: 0.000074  loss: 0.6980 (0.6918)  eta: 0:00:11  time: 0.4505  data: 0.0002  max mem: 2933
[00:46:45.924961] Epoch: [102]  [60/66]  lr: 0.000071  loss: 0.6817 (0.6897)  eta: 0:00:02  time: 0.4285  data: 0.0003  max mem: 2933
[00:46:47.661823] Epoch: [102]  [65/66]  lr: 0.000071  loss: 0.6943 (0.6947)  eta: 0:00:00  time: 0.4086  data: 0.0003  max mem: 2933
[00:46:47.782458] Epoch: [102] Total time: 0:00:29 (0.4442 s / it)
[00:46:47.782672] Averaged stats: lr: 0.000071  loss: 0.6943 (0.6947)
/home/nvidia/netmambaplus-reproduction/upstream/NetMambaPlus/src/engine_mm.py:220: FutureWarning: `torch.cuda.amp.autocast(args...)` is deprecated. Please use `torch.amp.autocast('cuda', args...)` instead.
  with torch.cuda.amp.autocast():
[00:46:47.998241] Test:  [0/9]  loss: 0.3591 (0.3591)  acc1: 0.8906 (0.8906)  acc3: 0.9922 (0.9922)  eta: 0:00:01  time: 0.2127  data: 0.1688  max mem: 2933
[00:46:48.456680] Test:  [8/9]  loss: 0.4395 (0.4437)  acc1: 0.8125 (0.8587)  acc3: 0.9922 (0.9856)  eta: 0:00:00  time: 0.0745  data: 0.0188  max mem: 2933
[00:46:48.521942] Test: Total time: 0:00:00 (0.0819 s / it)
[00:46:48.583929] * Acc@1 0.8587 Acc@3 0.9856 loss 0.4437
[00:46:48.584041] * Pre 0.8652 Rec 0.8587 F1 0.8595
[00:46:48.585270] Accuracy of the network on test samples: 0.8587
[00:46:48.585529] F1 of the network on test samples: 0.8595
[00:46:48.585535] Max Accuracy: 0.8615
[00:46:48.585540] Max F1: 0.8613
[00:46:48.586726] log_dir: /home/nvidia/netmambaplus-reproduction/runs/ciciot-ft-seed1/logs
[00:46:48.918131] Epoch: [103]  [ 0/66]  lr: 0.000071  loss: 0.6766 (0.6766)  eta: 0:00:21  time: 0.3306  data: 0.1347  max mem: 2933
[00:46:57.394087] Epoch: [103]  [20/66]  lr: 0.000068  loss: 0.6900 (0.6772)  eta: 0:00:19  time: 0.4238  data: 0.0003  max mem: 2933
[00:47:05.965170] Epoch: [103]  [40/66]  lr: 0.000066  loss: 0.6820 (0.6879)  eta: 0:00:11  time: 0.4285  data: 0.0003  max mem: 2933
[00:47:14.535467] Epoch: [103]  [60/66]  lr: 0.000063  loss: 0.6895 (0.6914)  eta: 0:00:02  time: 0.4284  data: 0.0002  max mem: 2933
[00:47:16.253879] Epoch: [103]  [65/66]  lr: 0.000063  loss: 0.6895 (0.6878)  eta: 0:00:00  time: 0.4074  data: 0.0002  max mem: 2933
[00:47:16.365889] Epoch: [103] Total time: 0:00:27 (0.4209 s / it)
[00:47:16.366036] Averaged stats: lr: 0.000063  loss: 0.6895 (0.6878)
/home/nvidia/netmambaplus-reproduction/upstream/NetMambaPlus/src/engine_mm.py:220: FutureWarning: `torch.cuda.amp.autocast(args...)` is deprecated. Please use `torch.amp.autocast('cuda', args...)` instead.
  with torch.cuda.amp.autocast():
[00:47:16.530519] Test:  [0/9]  loss: 0.3660 (0.3660)  acc1: 0.8906 (0.8906)  acc3: 0.9922 (0.9922)  eta: 0:00:01  time: 0.1627  data: 0.1155  max mem: 2933
[00:47:17.115326] Test:  [8/9]  loss: 0.4336 (0.4448)  acc1: 0.8516 (0.8596)  acc3: 0.9922 (0.9856)  eta: 0:00:00  time: 0.0830  data: 0.0130  max mem: 2933
[00:47:17.193152] Test: Total time: 0:00:00 (0.0918 s / it)
[00:47:17.251035] * Acc@1 0.8596 Acc@3 0.9856 loss 0.4448
[00:47:17.251072] * Pre 0.8656 Rec 0.8596 F1 0.8603
[00:47:17.251961] Accuracy of the network on test samples: 0.8596
[00:47:17.252167] F1 of the network on test samples: 0.8603
[00:47:17.252173] Max Accuracy: 0.8615
[00:47:17.252177] Max F1: 0.8613
[00:47:17.253376] log_dir: /home/nvidia/netmambaplus-reproduction/runs/ciciot-ft-seed1/logs
[00:47:17.723974] Epoch: [104]  [ 0/66]  lr: 0.000063  loss: 0.6081 (0.6081)  eta: 0:00:30  time: 0.4672  data: 0.1103  max mem: 2933
[00:47:26.486529] Epoch: [104]  [20/66]  lr: 0.000061  loss: 0.6809 (0.6879)  eta: 0:00:20  time: 0.4381  data: 0.0003  max mem: 2933
[00:47:35.003865] Epoch: [104]  [40/66]  lr: 0.000058  loss: 0.6798 (0.6848)  eta: 0:00:11  time: 0.4258  data: 0.0003  max mem: 2933
[00:47:43.462054] Epoch: [104]  [60/66]  lr: 0.000056  loss: 0.6972 (0.6877)  eta: 0:00:02  time: 0.4229  data: 0.0002  max mem: 2933
[00:47:45.000164] Epoch: [104]  [65/66]  lr: 0.000056  loss: 0.7080 (0.6913)  eta: 0:00:00  time: 0.3931  data: 0.0002  max mem: 2933
[00:47:45.045517] Epoch: [104] Total time: 0:00:27 (0.4211 s / it)
[00:47:45.045567] Averaged stats: lr: 0.000056  loss: 0.7080 (0.6913)
/home/nvidia/netmambaplus-reproduction/upstream/NetMambaPlus/src/engine_mm.py:220: FutureWarning: `torch.cuda.amp.autocast(args...)` is deprecated. Please use `torch.amp.autocast('cuda', args...)` instead.
  with torch.cuda.amp.autocast():
[00:47:45.224211] Test:  [0/9]  loss: 0.3655 (0.3655)  acc1: 0.8906 (0.8906)  acc3: 0.9922 (0.9922)  eta: 0:00:01  time: 0.1760  data: 0.0889  max mem: 2933
[00:47:45.787512] Test:  [8/9]  loss: 0.4207 (0.4434)  acc1: 0.8516 (0.8587)  acc3: 0.9922 (0.9856)  eta: 0:00:00  time: 0.0821  data: 0.0101  max mem: 2933
[00:47:45.830572] Test: Total time: 0:00:00 (0.0871 s / it)
[00:47:45.886842] * Acc@1 0.8587 Acc@3 0.9856 loss 0.4434
[00:47:45.886878] * Pre 0.8645 Rec 0.8587 F1 0.8594
[00:47:45.887667] Accuracy of the network on test samples: 0.8587
[00:47:45.887677] F1 of the network on test samples: 0.8594
[00:47:45.887682] Max Accuracy: 0.8615
[00:47:45.887688] Max F1: 0.8613
[00:47:45.889073] log_dir: /home/nvidia/netmambaplus-reproduction/runs/ciciot-ft-seed1/logs
[00:47:46.366717] Epoch: [105]  [ 0/66]  lr: 0.000055  loss: 0.5841 (0.5841)  eta: 0:00:31  time: 0.4753  data: 0.0834  max mem: 2933
[00:47:54.777578] Epoch: [105]  [20/66]  lr: 0.000053  loss: 0.7098 (0.7039)  eta: 0:00:19  time: 0.4205  data: 0.0002  max mem: 2933
[00:48:03.179852] Epoch: [105]  [40/66]  lr: 0.000051  loss: 0.6781 (0.6987)  eta: 0:00:10  time: 0.4201  data: 0.0003  max mem: 2933
[00:48:11.606301] Epoch: [105]  [60/66]  lr: 0.000049  loss: 0.6610 (0.6929)  eta: 0:00:02  time: 0.4213  data: 0.0002  max mem: 2933
[00:48:13.129985] Epoch: [105]  [65/66]  lr: 0.000049  loss: 0.6600 (0.6913)  eta: 0:00:00  time: 0.3925  data: 0.0002  max mem: 2933
[00:48:13.194714] Epoch: [105] Total time: 0:00:27 (0.4137 s / it)
[00:48:13.194773] Averaged stats: lr: 0.000049  loss: 0.6600 (0.6913)
/home/nvidia/netmambaplus-reproduction/upstream/NetMambaPlus/src/engine_mm.py:220: FutureWarning: `torch.cuda.amp.autocast(args...)` is deprecated. Please use `torch.amp.autocast('cuda', args...)` instead.
  with torch.cuda.amp.autocast():
[00:48:13.410917] Test:  [0/9]  loss: 0.3635 (0.3635)  acc1: 0.8828 (0.8828)  acc3: 0.9922 (0.9922)  eta: 0:00:01  time: 0.2127  data: 0.1230  max mem: 2933
[00:48:13.872672] Test:  [8/9]  loss: 0.4211 (0.4437)  acc1: 0.8125 (0.8567)  acc3: 0.9922 (0.9856)  eta: 0:00:00  time: 0.0749  data: 0.0137  max mem: 2933
[00:48:13.926933] Test: Total time: 0:00:00 (0.0813 s / it)
[00:48:13.981781] * Acc@1 0.8567 Acc@3 0.9856 loss 0.4437
[00:48:13.981819] * Pre 0.8636 Rec 0.8567 F1 0.8577
[00:48:13.982611] Accuracy of the network on test samples: 0.8567
[00:48:13.982621] F1 of the network on test samples: 0.8577
[00:48:13.982626] Max Accuracy: 0.8615
[00:48:13.982631] Max F1: 0.8613
[00:48:13.984298] log_dir: /home/nvidia/netmambaplus-reproduction/runs/ciciot-ft-seed1/logs
[00:48:14.637243] Epoch: [106]  [ 0/66]  lr: 0.000049  loss: 0.6872 (0.6872)  eta: 0:00:42  time: 0.6497  data: 0.2129  max mem: 2933
[00:48:23.086679] Epoch: [106]  [20/66]  lr: 0.000047  loss: 0.6787 (0.6812)  eta: 0:00:19  time: 0.4224  data: 0.0003  max mem: 2933
[00:48:31.520843] Epoch: [106]  [40/66]  lr: 0.000045  loss: 0.7019 (0.6904)  eta: 0:00:11  time: 0.4216  data: 0.0002  max mem: 2933
[00:48:40.377845] Epoch: [106]  [60/66]  lr: 0.000043  loss: 0.6861 (0.6911)  eta: 0:00:02  time: 0.4428  data: 0.0002  max mem: 2933
[00:48:42.194812] Epoch: [106]  [65/66]  lr: 0.000042  loss: 0.7045 (0.6889)  eta: 0:00:00  time: 0.4265  data: 0.0002  max mem: 2933
[00:48:42.260276] Epoch: [106] Total time: 0:00:28 (0.4284 s / it)
[00:48:42.260413] Averaged stats: lr: 0.000042  loss: 0.7045 (0.6889)
/home/nvidia/netmambaplus-reproduction/upstream/NetMambaPlus/src/engine_mm.py:220: FutureWarning: `torch.cuda.amp.autocast(args...)` is deprecated. Please use `torch.amp.autocast('cuda', args...)` instead.
  with torch.cuda.amp.autocast():
[00:48:42.464237] Test:  [0/9]  loss: 0.3687 (0.3687)  acc1: 0.8906 (0.8906)  acc3: 0.9922 (0.9922)  eta: 0:00:01  time: 0.2009  data: 0.1475  max mem: 2933
[00:48:43.167353] Test:  [8/9]  loss: 0.4292 (0.4451)  acc1: 0.8125 (0.8567)  acc3: 0.9922 (0.9865)  eta: 0:00:00  time: 0.1004  data: 0.0165  max mem: 2933
[00:48:43.259770] Test: Total time: 0:00:00 (0.1108 s / it)
[00:48:43.329632] * Acc@1 0.8567 Acc@3 0.9865 loss 0.4451
[00:48:43.329770] * Pre 0.8630 Rec 0.8567 F1 0.8575
[00:48:43.332120] Accuracy of the network on test samples: 0.8567
[00:48:43.332145] F1 of the network on test samples: 0.8575
[00:48:43.332157] Max Accuracy: 0.8615
[00:48:43.332165] Max F1: 0.8613
[00:48:43.336445] log_dir: /home/nvidia/netmambaplus-reproduction/runs/ciciot-ft-seed1/logs
[00:48:44.145434] Epoch: [107]  [ 0/66]  lr: 0.000042  loss: 0.7712 (0.7712)  eta: 0:00:53  time: 0.8058  data: 0.2308  max mem: 2933
[00:48:52.913344] Epoch: [107]  [20/66]  lr: 0.000040  loss: 0.6769 (0.6895)  eta: 0:00:20  time: 0.4384  data: 0.0003  max mem: 2933
[00:49:01.322544] Epoch: [107]  [40/66]  lr: 0.000038  loss: 0.6672 (0.6849)  eta: 0:00:11  time: 0.4204  data: 0.0002  max mem: 2933
[00:49:09.610546] Epoch: [107]  [60/66]  lr: 0.000037  loss: 0.6823 (0.6873)  eta: 0:00:02  time: 0.4144  data: 0.0002  max mem: 2933
[00:49:10.792475] Epoch: [107]  [65/66]  lr: 0.000036  loss: 0.6912 (0.6995)  eta: 0:00:00  time: 0.3693  data: 0.0002  max mem: 2933
[00:49:10.845485] Epoch: [107] Total time: 0:00:27 (0.4168 s / it)
[00:49:10.845677] Averaged stats: lr: 0.000036  loss: 0.6912 (0.6995)
/home/nvidia/netmambaplus-reproduction/upstream/NetMambaPlus/src/engine_mm.py:220: FutureWarning: `torch.cuda.amp.autocast(args...)` is deprecated. Please use `torch.amp.autocast('cuda', args...)` instead.
  with torch.cuda.amp.autocast():
[00:49:10.966208] Test:  [0/9]  loss: 0.3569 (0.3569)  acc1: 0.8906 (0.8906)  acc3: 0.9922 (0.9922)  eta: 0:00:01  time: 0.1191  data: 0.0736  max mem: 2933
[00:49:11.594161] Test:  [8/9]  loss: 0.4248 (0.4420)  acc1: 0.8516 (0.8587)  acc3: 0.9922 (0.9865)  eta: 0:00:00  time: 0.0829  data: 0.0082  max mem: 2933
[00:49:11.709654] Test: Total time: 0:00:00 (0.0959 s / it)
[00:49:11.774901] * Acc@1 0.8587 Acc@3 0.9865 loss 0.4420
[00:49:11.774984] * Pre 0.8645 Rec 0.8587 F1 0.8594
[00:49:11.777278] Accuracy of the network on test samples: 0.8587
[00:49:11.777297] F1 of the network on test samples: 0.8594
[00:49:11.777307] Max Accuracy: 0.8615
[00:49:11.777318] Max F1: 0.8613
[00:49:11.781192] log_dir: /home/nvidia/netmambaplus-reproduction/runs/ciciot-ft-seed1/logs
[00:49:12.461692] Epoch: [108]  [ 0/66]  lr: 0.000036  loss: 0.6398 (0.6398)  eta: 0:00:44  time: 0.6781  data: 0.2546  max mem: 2933
[00:49:20.880478] Epoch: [108]  [20/66]  lr: 0.000034  loss: 0.6950 (0.6938)  eta: 0:00:19  time: 0.4209  data: 0.0002  max mem: 2933
[00:49:29.297555] Epoch: [108]  [40/66]  lr: 0.000033  loss: 0.6717 (0.6896)  eta: 0:00:11  time: 0.4208  data: 0.0002  max mem: 2933
[00:49:37.408894] Epoch: [108]  [60/66]  lr: 0.000031  loss: 0.6967 (0.6909)  eta: 0:00:02  time: 0.4055  data: 0.0002  max mem: 2933
[00:49:38.573027] Epoch: [108]  [65/66]  lr: 0.000031  loss: 0.6982 (0.7041)  eta: 0:00:00  time: 0.3597  data: 0.0001  max mem: 2933
[00:49:38.628331] Epoch: [108] Total time: 0:00:26 (0.4068 s / it)
[00:49:38.628382] Averaged stats: lr: 0.000031  loss: 0.6982 (0.7041)
/home/nvidia/netmambaplus-reproduction/upstream/NetMambaPlus/src/engine_mm.py:220: FutureWarning: `torch.cuda.amp.autocast(args...)` is deprecated. Please use `torch.amp.autocast('cuda', args...)` instead.
  with torch.cuda.amp.autocast():
[00:49:38.818545] Test:  [0/9]  loss: 0.3596 (0.3596)  acc1: 0.8906 (0.8906)  acc3: 0.9922 (0.9922)  eta: 0:00:01  time: 0.1869  data: 0.0883  max mem: 2933
[00:49:39.460074] Test:  [8/9]  loss: 0.4258 (0.4439)  acc1: 0.8516 (0.8577)  acc3: 0.9922 (0.9856)  eta: 0:00:00  time: 0.0919  data: 0.0100  max mem: 2933
[00:49:39.571050] Test: Total time: 0:00:00 (0.1046 s / it)
[00:49:39.638677] * Acc@1 0.8577 Acc@3 0.9856 loss 0.4439
[00:49:39.638772] * Pre 0.8633 Rec 0.8577 F1 0.8584
[00:49:39.640563] Accuracy of the network on test samples: 0.8577
[00:49:39.640573] F1 of the network on test samples: 0.8584
[00:49:39.640578] Max Accuracy: 0.8615
[00:49:39.640583] Max F1: 0.8613
[00:49:39.643372] log_dir: /home/nvidia/netmambaplus-reproduction/runs/ciciot-ft-seed1/logs
[00:49:40.331538] Epoch: [109]  [ 0/66]  lr: 0.000031  loss: 0.6909 (0.6909)  eta: 0:00:45  time: 0.6853  data: 0.2599  max mem: 2933
[00:49:48.717613] Epoch: [109]  [20/66]  lr: 0.000029  loss: 0.6881 (0.7026)  eta: 0:00:19  time: 0.4192  data: 0.0002  max mem: 2933
[00:49:57.310279] Epoch: [109]  [40/66]  lr: 0.000027  loss: 0.6876 (0.6968)  eta: 0:00:11  time: 0.4296  data: 0.0002  max mem: 2933
[00:50:05.456030] Epoch: [109]  [60/66]  lr: 0.000026  loss: 0.6863 (0.6943)  eta: 0:00:02  time: 0.4073  data: 0.0002  max mem: 2933
[00:50:06.646594] Epoch: [109]  [65/66]  lr: 0.000026  loss: 0.6816 (0.6970)  eta: 0:00:00  time: 0.3624  data: 0.0002  max mem: 2933
[00:50:06.692048] Epoch: [109] Total time: 0:00:27 (0.4098 s / it)
[00:50:06.692101] Averaged stats: lr: 0.000026  loss: 0.6816 (0.6970)
/home/nvidia/netmambaplus-reproduction/upstream/NetMambaPlus/src/engine_mm.py:220: FutureWarning: `torch.cuda.amp.autocast(args...)` is deprecated. Please use `torch.amp.autocast('cuda', args...)` instead.
  with torch.cuda.amp.autocast():
[00:50:06.954892] Test:  [0/9]  loss: 0.3613 (0.3613)  acc1: 0.8906 (0.8906)  acc3: 0.9922 (0.9922)  eta: 0:00:02  time: 0.2614  data: 0.1624  max mem: 2933
[00:50:07.590975] Test:  [8/9]  loss: 0.4282 (0.4451)  acc1: 0.8516 (0.8587)  acc3: 0.9922 (0.9856)  eta: 0:00:00  time: 0.0997  data: 0.0183  max mem: 2933
[00:50:07.707076] Test: Total time: 0:00:01 (0.1127 s / it)
[00:50:07.778283] * Acc@1 0.8587 Acc@3 0.9856 loss 0.4451
[00:50:07.778353] * Pre 0.8645 Rec 0.8587 F1 0.8594
[00:50:07.779791] Accuracy of the network on test samples: 0.8587
[00:50:07.780090] F1 of the network on test samples: 0.8594
[00:50:07.780100] Max Accuracy: 0.8615
[00:50:07.780112] Max F1: 0.8613
[00:50:07.784061] log_dir: /home/nvidia/netmambaplus-reproduction/runs/ciciot-ft-seed1/logs
[00:50:08.502548] Epoch: [110]  [ 0/66]  lr: 0.000025  loss: 0.6850 (0.6850)  eta: 0:00:47  time: 0.7163  data: 0.2731  max mem: 2933
[00:50:17.096767] Epoch: [110]  [20/66]  lr: 0.000024  loss: 0.6791 (0.6835)  eta: 0:00:20  time: 0.4296  data: 0.0003  max mem: 2933
[00:50:25.677712] Epoch: [110]  [40/66]  lr: 0.000023  loss: 0.6945 (0.6916)  eta: 0:00:11  time: 0.4290  data: 0.0003  max mem: 2933
[00:50:33.763335] Epoch: [110]  [60/66]  lr: 0.000021  loss: 0.6734 (0.6906)  eta: 0:00:02  time: 0.4042  data: 0.0003  max mem: 2933
[00:50:34.927625] Epoch: [110]  [65/66]  lr: 0.000021  loss: 0.6791 (0.6872)  eta: 0:00:00  time: 0.3568  data: 0.0002  max mem: 2933
[00:50:35.018040] Epoch: [110] Total time: 0:00:27 (0.4126 s / it)
[00:50:35.018187] Averaged stats: lr: 0.000021  loss: 0.6791 (0.6872)
/home/nvidia/netmambaplus-reproduction/upstream/NetMambaPlus/src/engine_mm.py:220: FutureWarning: `torch.cuda.amp.autocast(args...)` is deprecated. Please use `torch.amp.autocast('cuda', args...)` instead.
  with torch.cuda.amp.autocast():
[00:50:35.365152] Test:  [0/9]  loss: 0.3616 (0.3616)  acc1: 0.8906 (0.8906)  acc3: 0.9922 (0.9922)  eta: 0:00:03  time: 0.3433  data: 0.2529  max mem: 2933
[00:50:36.024597] Test:  [8/9]  loss: 0.4255 (0.4443)  acc1: 0.8516 (0.8587)  acc3: 0.9922 (0.9856)  eta: 0:00:00  time: 0.1113  data: 0.0282  max mem: 2933
[00:50:36.131171] Test: Total time: 0:00:01 (0.1234 s / it)
[00:50:36.205452] * Acc@1 0.8587 Acc@3 0.9856 loss 0.4443
[00:50:36.205543] * Pre 0.8645 Rec 0.8587 F1 0.8594
[00:50:36.207740] Accuracy of the network on test samples: 0.8587
[00:50:36.207757] F1 of the network on test samples: 0.8594
[00:50:36.207766] Max Accuracy: 0.8615
[00:50:36.207776] Max F1: 0.8613
[00:50:36.211460] log_dir: /home/nvidia/netmambaplus-reproduction/runs/ciciot-ft-seed1/logs
[00:50:36.922369] Epoch: [111]  [ 0/66]  lr: 0.000021  loss: 0.7047 (0.7047)  eta: 0:00:46  time: 0.7077  data: 0.2700  max mem: 2933
[00:50:45.505683] Epoch: [111]  [20/66]  lr: 0.000020  loss: 0.6895 (0.7018)  eta: 0:00:20  time: 0.4291  data: 0.0003  max mem: 2933
[00:50:54.080125] Epoch: [111]  [40/66]  lr: 0.000018  loss: 0.6819 (0.6988)  eta: 0:00:11  time: 0.4286  data: 0.0003  max mem: 2933
[00:51:02.144565] Epoch: [111]  [60/66]  lr: 0.000017  loss: 0.6641 (0.6919)  eta: 0:00:02  time: 0.4032  data: 0.0002  max mem: 2933
[00:51:03.338274] Epoch: [111]  [65/66]  lr: 0.000017  loss: 0.6611 (0.6866)  eta: 0:00:00  time: 0.3551  data: 0.0002  max mem: 2933
[00:51:03.452907] Epoch: [111] Total time: 0:00:27 (0.4127 s / it)
[00:51:03.453037] Averaged stats: lr: 0.000017  loss: 0.6611 (0.6866)
/home/nvidia/netmambaplus-reproduction/upstream/NetMambaPlus/src/engine_mm.py:220: FutureWarning: `torch.cuda.amp.autocast(args...)` is deprecated. Please use `torch.amp.autocast('cuda', args...)` instead.
  with torch.cuda.amp.autocast():
[00:51:03.787601] Test:  [0/9]  loss: 0.3621 (0.3621)  acc1: 0.8906 (0.8906)  acc3: 0.9922 (0.9922)  eta: 0:00:02  time: 0.3301  data: 0.2348  max mem: 2933
[00:51:04.446045] Test:  [8/9]  loss: 0.4263 (0.4441)  acc1: 0.8516 (0.8587)  acc3: 0.9922 (0.9856)  eta: 0:00:00  time: 0.1098  data: 0.0262  max mem: 2933
[00:51:04.558973] Test: Total time: 0:00:01 (0.1227 s / it)
[00:51:04.632177] * Acc@1 0.8587 Acc@3 0.9856 loss 0.4441
[00:51:04.632258] * Pre 0.8645 Rec 0.8587 F1 0.8594
[00:51:04.634603] Accuracy of the network on test samples: 0.8587
[00:51:04.635472] F1 of the network on test samples: 0.8594
[00:51:04.635484] Max Accuracy: 0.8615
[00:51:04.635494] Max F1: 0.8613
[00:51:04.637732] log_dir: /home/nvidia/netmambaplus-reproduction/runs/ciciot-ft-seed1/logs
[00:51:05.315350] Epoch: [112]  [ 0/66]  lr: 0.000017  loss: 0.6692 (0.6692)  eta: 0:00:44  time: 0.6741  data: 0.2451  max mem: 2933
[00:51:13.890017] Epoch: [112]  [20/66]  lr: 0.000016  loss: 0.6892 (0.6819)  eta: 0:00:20  time: 0.4287  data: 0.0003  max mem: 2933
[00:51:22.610135] Epoch: [112]  [40/66]  lr: 0.000014  loss: 0.6843 (0.6862)  eta: 0:00:11  time: 0.4359  data: 0.0003  max mem: 2933
[00:51:30.690406] Epoch: [112]  [60/66]  lr: 0.000013  loss: 0.7027 (0.6898)  eta: 0:00:02  time: 0.4040  data: 0.0002  max mem: 2933
[00:51:31.993225] Epoch: [112]  [65/66]  lr: 0.000013  loss: 0.6962 (0.6855)  eta: 0:00:00  time: 0.3611  data: 0.0002  max mem: 2933
[00:51:32.125169] Epoch: [112] Total time: 0:00:27 (0.4165 s / it)
[00:51:32.125328] Averaged stats: lr: 0.000013  loss: 0.6962 (0.6855)
/home/nvidia/netmambaplus-reproduction/upstream/NetMambaPlus/src/engine_mm.py:220: FutureWarning: `torch.cuda.amp.autocast(args...)` is deprecated. Please use `torch.amp.autocast('cuda', args...)` instead.
  with torch.cuda.amp.autocast():
[00:51:32.452745] Test:  [0/9]  loss: 0.3630 (0.3630)  acc1: 0.8906 (0.8906)  acc3: 0.9922 (0.9922)  eta: 0:00:02  time: 0.3200  data: 0.2246  max mem: 2933
[00:51:33.112009] Test:  [8/9]  loss: 0.4255 (0.4434)  acc1: 0.8516 (0.8587)  acc3: 0.9922 (0.9856)  eta: 0:00:00  time: 0.1087  data: 0.0251  max mem: 2933
[00:51:33.227196] Test: Total time: 0:00:01 (0.1221 s / it)
[00:51:33.301845] * Acc@1 0.8587 Acc@3 0.9856 loss 0.4434
[00:51:33.301902] * Pre 0.8645 Rec 0.8587 F1 0.8594
[00:51:33.303179] Accuracy of the network on test samples: 0.8587
[00:51:33.303192] F1 of the network on test samples: 0.8594
[00:51:33.303200] Max Accuracy: 0.8615
[00:51:33.303214] Max F1: 0.8613
[00:51:33.306193] log_dir: /home/nvidia/netmambaplus-reproduction/runs/ciciot-ft-seed1/logs
[00:51:34.017837] Epoch: [113]  [ 0/66]  lr: 0.000013  loss: 0.7219 (0.7219)  eta: 0:00:46  time: 0.7099  data: 0.2745  max mem: 2933
[00:51:42.949940] Epoch: [113]  [20/66]  lr: 0.000012  loss: 0.7117 (0.7086)  eta: 0:00:21  time: 0.4465  data: 0.0005  max mem: 2933
[00:51:51.906594] Epoch: [113]  [40/66]  lr: 0.000011  loss: 0.6593 (0.6885)  eta: 0:00:11  time: 0.4478  data: 0.0005  max mem: 2933
[00:51:59.849307] Epoch: [113]  [60/66]  lr: 0.000010  loss: 0.6680 (0.6882)  eta: 0:00:02  time: 0.3971  data: 0.0003  max mem: 2933
[00:52:01.420514] Epoch: [113]  [65/66]  lr: 0.000010  loss: 0.6724 (0.6850)  eta: 0:00:00  time: 0.3632  data: 0.0003  max mem: 2933
[00:52:01.528575] Epoch: [113] Total time: 0:00:28 (0.4276 s / it)
[00:52:01.528688] Averaged stats: lr: 0.000010  loss: 0.6724 (0.6850)
/home/nvidia/netmambaplus-reproduction/upstream/NetMambaPlus/src/engine_mm.py:220: FutureWarning: `torch.cuda.amp.autocast(args...)` is deprecated. Please use `torch.amp.autocast('cuda', args...)` instead.
  with torch.cuda.amp.autocast():
[00:52:01.882436] Test:  [0/9]  loss: 0.3618 (0.3618)  acc1: 0.8906 (0.8906)  acc3: 0.9922 (0.9922)  eta: 0:00:03  time: 0.3502  data: 0.2598  max mem: 2933
[00:52:02.536440] Test:  [8/9]  loss: 0.4260 (0.4429)  acc1: 0.8516 (0.8587)  acc3: 0.9922 (0.9856)  eta: 0:00:00  time: 0.1115  data: 0.0290  max mem: 2933
[00:52:02.648651] Test: Total time: 0:00:01 (0.1242 s / it)
[00:52:02.727647] * Acc@1 0.8587 Acc@3 0.9856 loss 0.4429
[00:52:02.727751] * Pre 0.8645 Rec 0.8587 F1 0.8594
[00:52:02.730617] Accuracy of the network on test samples: 0.8587
[00:52:02.731209] F1 of the network on test samples: 0.8594
[00:52:02.731382] Max Accuracy: 0.8615
[00:52:02.731403] Max F1: 0.8613
[00:52:02.733152] log_dir: /home/nvidia/netmambaplus-reproduction/runs/ciciot-ft-seed1/logs
[00:52:03.441847] Epoch: [114]  [ 0/66]  lr: 0.000010  loss: 0.7103 (0.7103)  eta: 0:00:46  time: 0.7059  data: 0.2693  max mem: 2933
[00:52:11.997559] Epoch: [114]  [20/66]  lr: 0.000009  loss: 0.6942 (0.6908)  eta: 0:00:20  time: 0.4277  data: 0.0003  max mem: 2933
[00:52:20.551845] Epoch: [114]  [40/66]  lr: 0.000008  loss: 0.6895 (0.6875)  eta: 0:00:11  time: 0.4276  data: 0.0002  max mem: 2933
[00:52:28.027437] Epoch: [114]  [60/66]  lr: 0.000007  loss: 0.7108 (0.6927)  eta: 0:00:02  time: 0.3737  data: 0.0002  max mem: 2933
[00:52:29.937955] Epoch: [114]  [65/66]  lr: 0.000007  loss: 0.6897 (0.6868)  eta: 0:00:00  time: 0.3620  data: 0.0002  max mem: 2933
[00:52:30.038860] Epoch: [114] Total time: 0:00:27 (0.4137 s / it)
[00:52:30.038956] Averaged stats: lr: 0.000007  loss: 0.6897 (0.6868)
/home/nvidia/netmambaplus-reproduction/upstream/NetMambaPlus/src/engine_mm.py:220: FutureWarning: `torch.cuda.amp.autocast(args...)` is deprecated. Please use `torch.amp.autocast('cuda', args...)` instead.
  with torch.cuda.amp.autocast():
[00:52:30.358043] Test:  [0/9]  loss: 0.3621 (0.3621)  acc1: 0.8906 (0.8906)  acc3: 0.9922 (0.9922)  eta: 0:00:02  time: 0.3165  data: 0.2235  max mem: 2933
[00:52:31.013123] Test:  [8/9]  loss: 0.4265 (0.4430)  acc1: 0.8516 (0.8587)  acc3: 0.9922 (0.9856)  eta: 0:00:00  time: 0.1079  data: 0.0249  max mem: 2933
[00:52:31.119319] Test: Total time: 0:00:01 (0.1198 s / it)
[00:52:31.183533] * Acc@1 0.8587 Acc@3 0.9856 loss 0.4430
[00:52:31.183593] * Pre 0.8645 Rec 0.8587 F1 0.8594
[00:52:31.185523] Accuracy of the network on test samples: 0.8587
[00:52:31.185954] F1 of the network on test samples: 0.8594
[00:52:31.185965] Max Accuracy: 0.8615
[00:52:31.185973] Max F1: 0.8613
[00:52:31.188318] log_dir: /home/nvidia/netmambaplus-reproduction/runs/ciciot-ft-seed1/logs
[00:52:31.877201] Epoch: [115]  [ 0/66]  lr: 0.000007  loss: 0.7487 (0.7487)  eta: 0:00:45  time: 0.6869  data: 0.2614  max mem: 2933
[00:52:40.362569] Epoch: [115]  [20/66]  lr: 0.000006  loss: 0.6908 (0.6999)  eta: 0:00:20  time: 0.4242  data: 0.0003  max mem: 2933
[00:52:48.826083] Epoch: [115]  [40/66]  lr: 0.000006  loss: 0.6767 (0.6927)  eta: 0:00:11  time: 0.4231  data: 0.0002  max mem: 2933
[00:52:56.219803] Epoch: [115]  [60/66]  lr: 0.000005  loss: 0.6857 (0.6908)  eta: 0:00:02  time: 0.3696  data: 0.0002  max mem: 2933
[00:52:57.923386] Epoch: [115]  [65/66]  lr: 0.000005  loss: 0.6747 (0.6862)  eta: 0:00:00  time: 0.3497  data: 0.0002  max mem: 2933
[00:52:58.046363] Epoch: [115] Total time: 0:00:26 (0.4069 s / it)
[00:52:58.046594] Averaged stats: lr: 0.000005  loss: 0.6747 (0.6862)
/home/nvidia/netmambaplus-reproduction/upstream/NetMambaPlus/src/engine_mm.py:220: FutureWarning: `torch.cuda.amp.autocast(args...)` is deprecated. Please use `torch.amp.autocast('cuda', args...)` instead.
  with torch.cuda.amp.autocast():
[00:52:58.375751] Test:  [0/9]  loss: 0.3625 (0.3625)  acc1: 0.8906 (0.8906)  acc3: 0.9922 (0.9922)  eta: 0:00:02  time: 0.3232  data: 0.2291  max mem: 2933
[00:52:59.027176] Test:  [8/9]  loss: 0.4275 (0.4434)  acc1: 0.8516 (0.8587)  acc3: 0.9922 (0.9856)  eta: 0:00:00  time: 0.1082  data: 0.0256  max mem: 2933
[00:52:59.144994] Test: Total time: 0:00:01 (0.1219 s / it)
[00:52:59.210133] * Acc@1 0.8587 Acc@3 0.9856 loss 0.4434
[00:52:59.210175] * Pre 0.8645 Rec 0.8587 F1 0.8594
[00:52:59.211648] Accuracy of the network on test samples: 0.8587
[00:52:59.211677] F1 of the network on test samples: 0.8594
[00:52:59.211689] Max Accuracy: 0.8615
[00:52:59.211698] Max F1: 0.8613
[00:52:59.215192] log_dir: /home/nvidia/netmambaplus-reproduction/runs/ciciot-ft-seed1/logs
[00:52:59.890728] Epoch: [116]  [ 0/66]  lr: 0.000005  loss: 0.7103 (0.7103)  eta: 0:00:44  time: 0.6734  data: 0.2400  max mem: 2933
[00:53:08.328389] Epoch: [116]  [20/66]  lr: 0.000004  loss: 0.6641 (0.6756)  eta: 0:00:19  time: 0.4218  data: 0.0003  max mem: 2933
[00:53:16.782273] Epoch: [116]  [40/66]  lr: 0.000004  loss: 0.7046 (0.6900)  eta: 0:00:11  time: 0.4226  data: 0.0002  max mem: 2933
[00:53:24.193140] Epoch: [116]  [60/66]  lr: 0.000003  loss: 0.6865 (0.6903)  eta: 0:00:02  time: 0.3705  data: 0.0002  max mem: 2933
[00:53:25.884874] Epoch: [116]  [65/66]  lr: 0.000003  loss: 0.6841 (0.6883)  eta: 0:00:00  time: 0.3495  data: 0.0002  max mem: 2933
[00:53:26.018196] Epoch: [116] Total time: 0:00:26 (0.4061 s / it)
[00:53:26.018319] Averaged stats: lr: 0.000003  loss: 0.6841 (0.6883)
/home/nvidia/netmambaplus-reproduction/upstream/NetMambaPlus/src/engine_mm.py:220: FutureWarning: `torch.cuda.amp.autocast(args...)` is deprecated. Please use `torch.amp.autocast('cuda', args...)` instead.
  with torch.cuda.amp.autocast():
[00:53:26.339141] Test:  [0/9]  loss: 0.3623 (0.3623)  acc1: 0.8906 (0.8906)  acc3: 0.9922 (0.9922)  eta: 0:00:02  time: 0.3172  data: 0.2244  max mem: 2933
[00:53:26.983742] Test:  [8/9]  loss: 0.4270 (0.4434)  acc1: 0.8516 (0.8587)  acc3: 0.9922 (0.9865)  eta: 0:00:00  time: 0.1067  data: 0.0251  max mem: 2933
[00:53:27.106752] Test: Total time: 0:00:01 (0.1207 s / it)
[00:53:27.174517] * Acc@1 0.8587 Acc@3 0.9865 loss 0.4434
[00:53:27.174607] * Pre 0.8645 Rec 0.8587 F1 0.8594
[00:53:27.176240] Accuracy of the network on test samples: 0.8587
[00:53:27.176647] F1 of the network on test samples: 0.8594
[00:53:27.176661] Max Accuracy: 0.8615
[00:53:27.176673] Max F1: 0.8613
[00:53:27.179115] log_dir: /home/nvidia/netmambaplus-reproduction/runs/ciciot-ft-seed1/logs
[00:53:27.852411] Epoch: [117]  [ 0/66]  lr: 0.000003  loss: 0.7528 (0.7528)  eta: 0:00:44  time: 0.6695  data: 0.2414  max mem: 2933
[00:53:36.293840] Epoch: [117]  [20/66]  lr: 0.000003  loss: 0.6764 (0.6964)  eta: 0:00:19  time: 0.4220  data: 0.0003  max mem: 2933
[00:53:44.723698] Epoch: [117]  [40/66]  lr: 0.000002  loss: 0.6863 (0.6954)  eta: 0:00:11  time: 0.4214  data: 0.0002  max mem: 2933
[00:53:51.776878] Epoch: [117]  [60/66]  lr: 0.000002  loss: 0.6778 (0.6899)  eta: 0:00:02  time: 0.3526  data: 0.0002  max mem: 2933
[00:53:53.009683] Epoch: [117]  [65/66]  lr: 0.000002  loss: 0.6750 (0.6895)  eta: 0:00:00  time: 0.3095  data: 0.0002  max mem: 2933
[00:53:53.063988] Epoch: [117] Total time: 0:00:25 (0.3922 s / it)
[00:53:53.064036] Averaged stats: lr: 0.000002  loss: 0.6750 (0.6895)
/home/nvidia/netmambaplus-reproduction/upstream/NetMambaPlus/src/engine_mm.py:220: FutureWarning: `torch.cuda.amp.autocast(args...)` is deprecated. Please use `torch.amp.autocast('cuda', args...)` instead.
  with torch.cuda.amp.autocast():
[00:53:53.182184] Test:  [0/9]  loss: 0.3625 (0.3625)  acc1: 0.8906 (0.8906)  acc3: 0.9922 (0.9922)  eta: 0:00:01  time: 0.1164  data: 0.0750  max mem: 2933
[00:53:53.579966] Test:  [8/9]  loss: 0.4275 (0.4434)  acc1: 0.8516 (0.8587)  acc3: 0.9922 (0.9856)  eta: 0:00:00  time: 0.0571  data: 0.0084  max mem: 2933
[00:53:53.622258] Test: Total time: 0:00:00 (0.0619 s / it)
[00:53:53.677896] * Acc@1 0.8587 Acc@3 0.9856 loss 0.4434
[00:53:53.677930] * Pre 0.8645 Rec 0.8587 F1 0.8594
[00:53:53.678695] Accuracy of the network on test samples: 0.8587
[00:53:53.678704] F1 of the network on test samples: 0.8594
[00:53:53.678709] Max Accuracy: 0.8615
[00:53:53.678714] Max F1: 0.8613
[00:53:53.680725] log_dir: /home/nvidia/netmambaplus-reproduction/runs/ciciot-ft-seed1/logs
[00:53:54.021458] Epoch: [118]  [ 0/66]  lr: 0.000002  loss: 0.6581 (0.6581)  eta: 0:00:22  time: 0.3397  data: 0.1017  max mem: 2933
[00:53:58.107057] Epoch: [118]  [20/66]  lr: 0.000002  loss: 0.6971 (0.6885)  eta: 0:00:09  time: 0.2043  data: 0.0001  max mem: 2933
[00:54:01.799928] Epoch: [118]  [40/66]  lr: 0.000001  loss: 0.6938 (0.6867)  eta: 0:00:05  time: 0.1846  data: 0.0001  max mem: 2933
[00:54:06.104089] Epoch: [118]  [60/66]  lr: 0.000001  loss: 0.6856 (0.6908)  eta: 0:00:01  time: 0.2152  data: 0.0001  max mem: 2933
[00:54:07.375554] Epoch: [118]  [65/66]  lr: 0.000001  loss: 0.6740 (0.6857)  eta: 0:00:00  time: 0.2326  data: 0.0001  max mem: 2933
[00:54:07.448179] Epoch: [118] Total time: 0:00:13 (0.2086 s / it)
[00:54:07.448279] Averaged stats: lr: 0.000001  loss: 0.6740 (0.6857)
/home/nvidia/netmambaplus-reproduction/upstream/NetMambaPlus/src/engine_mm.py:220: FutureWarning: `torch.cuda.amp.autocast(args...)` is deprecated. Please use `torch.amp.autocast('cuda', args...)` instead.
  with torch.cuda.amp.autocast():
[00:54:07.653607] Test:  [0/9]  loss: 0.3625 (0.3625)  acc1: 0.8906 (0.8906)  acc3: 0.9922 (0.9922)  eta: 0:00:01  time: 0.2025  data: 0.1184  max mem: 2933
[00:54:08.092949] Test:  [8/9]  loss: 0.4258 (0.4432)  acc1: 0.8516 (0.8587)  acc3: 0.9922 (0.9865)  eta: 0:00:00  time: 0.0713  data: 0.0132  max mem: 2933
[00:54:08.135490] Test: Total time: 0:00:00 (0.0762 s / it)
[00:54:08.191109] * Acc@1 0.8587 Acc@3 0.9865 loss 0.4432
[00:54:08.191150] * Pre 0.8645 Rec 0.8587 F1 0.8594
[00:54:08.192078] Accuracy of the network on test samples: 0.8587
[00:54:08.192322] F1 of the network on test samples: 0.8594
[00:54:08.192328] Max Accuracy: 0.8615
[00:54:08.192338] Max F1: 0.8613
[00:54:08.193551] log_dir: /home/nvidia/netmambaplus-reproduction/runs/ciciot-ft-seed1/logs
[00:54:08.486791] Epoch: [119]  [ 0/66]  lr: 0.000001  loss: 0.6935 (0.6935)  eta: 0:00:19  time: 0.2923  data: 0.0893  max mem: 2933
[00:54:12.570088] Epoch: [119]  [20/66]  lr: 0.000001  loss: 0.7022 (0.6926)  eta: 0:00:09  time: 0.2041  data: 0.0001  max mem: 2933
[00:54:16.404547] Epoch: [119]  [40/66]  lr: 0.000001  loss: 0.6943 (0.6916)  eta: 0:00:05  time: 0.1917  data: 0.0001  max mem: 2933
[00:54:22.104005] Epoch: [119]  [60/66]  lr: 0.000001  loss: 0.6711 (0.6885)  eta: 0:00:01  time: 0.2849  data: 0.0001  max mem: 2933
[00:54:23.055326] Epoch: [119]  [65/66]  lr: 0.000001  loss: 0.6718 (0.7044)  eta: 0:00:00  time: 0.2630  data: 0.0001  max mem: 2933
[00:54:23.109825] Epoch: [119] Total time: 0:00:14 (0.2260 s / it)
[00:54:23.109873] Averaged stats: lr: 0.000001  loss: 0.6718 (0.7044)
/home/nvidia/netmambaplus-reproduction/upstream/NetMambaPlus/src/engine_mm.py:220: FutureWarning: `torch.cuda.amp.autocast(args...)` is deprecated. Please use `torch.amp.autocast('cuda', args...)` instead.
  with torch.cuda.amp.autocast():
[00:54:23.237101] Test:  [0/9]  loss: 0.3625 (0.3625)  acc1: 0.8906 (0.8906)  acc3: 0.9922 (0.9922)  eta: 0:00:01  time: 0.1251  data: 0.0820  max mem: 2933
[00:54:23.536758] Test:  [8/9]  loss: 0.4260 (0.4433)  acc1: 0.8516 (0.8587)  acc3: 0.9922 (0.9856)  eta: 0:00:00  time: 0.0472  data: 0.0092  max mem: 2933
[00:54:23.591632] Test: Total time: 0:00:00 (0.0534 s / it)
[00:54:23.645881] * Acc@1 0.8587 Acc@3 0.9856 loss 0.4433
[00:54:23.645918] * Pre 0.8645 Rec 0.8587 F1 0.8594
[00:54:23.646732] Accuracy of the network on test samples: 0.8587
[00:54:23.647183] F1 of the network on test samples: 0.8594
[00:54:23.647197] Max Accuracy: 0.8615
[00:54:23.647202] Max F1: 0.8613
[00:54:23.647672] Training time 1:19:27
/home/nvidia/netmambaplus-reproduction/upstream/NetMambaPlus/src/fine-tune.py:229: UserWarning: Environment variable TORCH_FORCE_NO_WEIGHTS_ONLY_LOAD detected, since the`weights_only` argument was not explicitly passed to `torch.load`, forcing weights_only=False.
  best_checkpoint = torch.load(os.path.join(args.output_dir, "checkpoint-best.pth"), map_location='cpu')
[00:54:23.743636] Dataset: <util.loader_data.ByteSizeIntervalDataset object at 0xee20ee7c74d0>, type: byte_size_interval, size_key: sizes, ratio: 1.0
/home/nvidia/netmambaplus-reproduction/upstream/NetMambaPlus/src/engine_mm.py:220: FutureWarning: `torch.cuda.amp.autocast(args...)` is deprecated. Please use `torch.amp.autocast('cuda', args...)` instead.
  with torch.cuda.amp.autocast():
[00:54:23.899056] Test:  [0/9]  loss: 0.3213 (0.3213)  acc1: 0.9062 (0.9062)  acc3: 1.0000 (1.0000)  eta: 0:00:01  time: 0.1541  data: 0.1126  max mem: 2933
[00:54:24.172159] Test:  [8/9]  loss: 0.4480 (0.4863)  acc1: 0.8235 (0.8405)  acc3: 0.9766 (0.9769)  eta: 0:00:00  time: 0.0474  data: 0.0126  max mem: 2933
[00:54:24.232011] Test: Total time: 0:00:00 (0.0542 s / it)
[00:54:24.290598] * Acc@1 0.8405 Acc@3 0.9769 loss 0.4863
[00:54:24.290636] * Pre 0.8449 Rec 0.8405 F1 0.8408
