/home/nvidia/.cache/netmambaplus-reproduction/venv-gb10/lib/python3.12/site-packages/mamba_ssm/ops/selective_scan_interface.py:158: FutureWarning: `torch.cuda.amp.custom_fwd(args...)` is deprecated. Please use `torch.amp.custom_fwd(args..., device_type='cuda')` instead.
  @custom_fwd
/home/nvidia/.cache/netmambaplus-reproduction/venv-gb10/lib/python3.12/site-packages/mamba_ssm/ops/selective_scan_interface.py:227: FutureWarning: `torch.cuda.amp.custom_bwd(args...)` is deprecated. Please use `torch.amp.custom_bwd(args..., device_type='cuda')` instead.
  @custom_bwd
/home/nvidia/.cache/netmambaplus-reproduction/venv-gb10/lib/python3.12/site-packages/mamba_ssm/ops/selective_scan_interface.py:295: FutureWarning: `torch.cuda.amp.custom_fwd(args...)` is deprecated. Please use `torch.amp.custom_fwd(args..., device_type='cuda')` instead.
  @custom_fwd
/home/nvidia/.cache/netmambaplus-reproduction/venv-gb10/lib/python3.12/site-packages/mamba_ssm/ops/selective_scan_interface.py:368: FutureWarning: `torch.cuda.amp.custom_bwd(args...)` is deprecated. Please use `torch.amp.custom_bwd(args..., device_type='cuda')` instead.
  @custom_bwd
/home/nvidia/.cache/netmambaplus-reproduction/venv-gb10/lib/python3.12/site-packages/mamba_ssm/ops/selective_scan_interface.py:440: FutureWarning: `torch.cuda.amp.custom_fwd(args...)` is deprecated. Please use `torch.amp.custom_fwd(args..., device_type='cuda')` instead.
  @custom_fwd
/home/nvidia/.cache/netmambaplus-reproduction/venv-gb10/lib/python3.12/site-packages/mamba_ssm/ops/selective_scan_interface.py:520: FutureWarning: `torch.cuda.amp.custom_bwd(args...)` is deprecated. Please use `torch.amp.custom_bwd(args..., device_type='cuda')` instead.
  @custom_bwd
/home/nvidia/.cache/netmambaplus-reproduction/venv-gb10/lib/python3.12/site-packages/mamba_ssm/ops/triton/layernorm.py:507: FutureWarning: `torch.cuda.amp.custom_fwd(args...)` is deprecated. Please use `torch.amp.custom_fwd(args..., device_type='cuda')` instead.
  @custom_fwd
/home/nvidia/.cache/netmambaplus-reproduction/venv-gb10/lib/python3.12/site-packages/mamba_ssm/ops/triton/layernorm.py:566: FutureWarning: `torch.cuda.amp.custom_bwd(args...)` is deprecated. Please use `torch.amp.custom_bwd(args..., device_type='cuda')` instead.
  @custom_bwd
Not using distributed mode
[23:34:53.223265] job dir: /home/nvidia/netmambaplus-reproduction/upstream/NetMambaPlus/src
[23:34:53.223332] Namespace(batch_size=128,
epochs=120,
save_steps_freq=5000,
accum_iter=1,
model='fuse3_mamba_classifier',
input_size=40,
drop_path=0.1,
clip_grad=None,
weight_decay=0.05,
lr=None,
blr=0.002,
layer_decay=0.75,
min_lr=1e-06,
warmup_epochs=20,
smoothing=0.1,
finetune='/home/nvidia/.cache/netmambaplus-reproduction/checkpoints/fuse3_mamba.pth',
data_path='/home/nvidia/.cache/netmambaplus-reproduction/data/ciciot2022',
nb_classes=6,
output_dir='/home/nvidia/netmambaplus-reproduction/runs/ciciot-ft-seed2',
ckpt_dir='/home/nvidia/netmambaplus-reproduction/runs/ciciot-ft-seed2',
log_dir='/home/nvidia/netmambaplus-reproduction/runs/ciciot-ft-seed2/logs',
device='cuda',
seed=2,
resume='',
start_epoch=0,
eval=False,
num_workers=2,
pin_mem=True,
world_size=1,
local_rank=-1,
dist_on_itp=False,
dist_url='env://',
if_amp=False,
num_packet=5,
num_packet_byte=320,
stride_size=4,
class_balance=False,
class_balance_beta=0.999,
ldam=False,
data_ratio=1.0,
dataset_type='byte_size_interval',
seq_len=20,
seq_key='sizes',
size_key='sizes',
train_from_scratch=False,
average='weighted',
distributed=False)
[23:34:54.266042] Dataset: <util.loader_data.ByteSizeIntervalDataset object at 0xf66513179f70>, type: byte_size_interval, size_key: sizes, ratio: 1.0
/home/nvidia/.cache/netmambaplus-reproduction/venv-gb10/lib/python3.12/site-packages/torch/cuda/__init__.py:283: UserWarning: 
    Found GPU0 NVIDIA GB10 which is of cuda capability 12.1.
    Minimum and Maximum cuda capability supported by this version of PyTorch is
    (8.0) - (12.0)
    
  warnings.warn(
[23:34:55.876272] Dataset: <util.loader_data.ByteSizeIntervalDataset object at 0xf6651332f200>, type: byte_size_interval, size_key: sizes, ratio: 1.0
[23:34:55.959090] trainable params: 1870080 || all params: 1870080 || trainable%: 100.0000
/home/nvidia/netmambaplus-reproduction/upstream/NetMambaPlus/src/fine-tune.py:116: UserWarning: Environment variable TORCH_FORCE_NO_WEIGHTS_ONLY_LOAD detected, since the`weights_only` argument was not explicitly passed to `torch.load`, forcing weights_only=False.
  checkpoint = torch.load(args.finetune, map_location='cpu')
[23:34:56.032006] Load pre-trained checkpoint from: /home/nvidia/.cache/netmambaplus-reproduction/checkpoints/fuse3_mamba.pth
[23:34:56.034741] _IncompatibleKeys(missing_keys=['head.weight'], unexpected_keys=['byte_mask_token', 'byte_decoder_pos_embed', 'byte_decoder_embed.weight', 'byte_decoder_embed.bias', 'byte_decoder_blocks.0.mixer.A_log', 'byte_decoder_blocks.0.mixer.D', 'byte_decoder_blocks.0.mixer.in_proj.weight', 'byte_decoder_blocks.0.mixer.conv1d.weight', 'byte_decoder_blocks.0.mixer.conv1d.bias', 'byte_decoder_blocks.0.mixer.x_proj.weight', 'byte_decoder_blocks.0.mixer.dt_proj.weight', 'byte_decoder_blocks.0.mixer.dt_proj.bias', 'byte_decoder_blocks.0.mixer.out_proj.weight', 'byte_decoder_blocks.0.norm.weight', 'byte_decoder_blocks.1.mixer.A_log', 'byte_decoder_blocks.1.mixer.D', 'byte_decoder_blocks.1.mixer.in_proj.weight', 'byte_decoder_blocks.1.mixer.conv1d.weight', 'byte_decoder_blocks.1.mixer.conv1d.bias', 'byte_decoder_blocks.1.mixer.x_proj.weight', 'byte_decoder_blocks.1.mixer.dt_proj.weight', 'byte_decoder_blocks.1.mixer.dt_proj.bias', 'byte_decoder_blocks.1.mixer.out_proj.weight', 'byte_decoder_blocks.1.norm.weight', 'decoder_norm_f.weight', 'byte_decoder_pred.weight', 'byte_decoder_pred.bias', 'size_decoder_pred.weight', 'size_decoder_pred.bias', 'iat_decoder_pred.weight', 'iat_decoder_pred.bias'])
[23:34:56.128485] Model = NetMamba(
  (byte_embed): StrideEmbed(
    (proj): Conv1d(1, 256, kernel_size=(4,), stride=(4,))
  )
  (size_embed): FixedCosineEmbed()
  (iat_embed): FixedCosineEmbed()
  (pos_drop): Dropout(p=0.0, inplace=False)
  (drop_path): DropPath()
  (encoder_blocks): ModuleList(
    (0-1): 2 x Block(
      (mixer): Mamba(
        (in_proj): Linear(in_features=256, out_features=1024, bias=False)
        (conv1d): Conv1d(512, 512, kernel_size=(4,), stride=(1,), padding=(3,), groups=512)
        (act): SiLU()
        (x_proj): Linear(in_features=512, out_features=48, bias=False)
        (dt_proj): Linear(in_features=16, out_features=512, bias=True)
        (out_proj): Linear(in_features=512, out_features=256, bias=False)
      )
      (norm): RMSNorm()
      (drop_path): Identity()
    )
    (2-3): 2 x Block(
      (mixer): Mamba(
        (in_proj): Linear(in_features=256, out_features=1024, bias=False)
        (conv1d): Conv1d(512, 512, kernel_size=(4,), stride=(1,), padding=(3,), groups=512)
        (act): SiLU()
        (x_proj): Linear(in_features=512, out_features=48, bias=False)
        (dt_proj): Linear(in_features=16, out_features=512, bias=True)
        (out_proj): Linear(in_features=512, out_features=256, bias=False)
      )
      (norm): RMSNorm()
      (drop_path): DropPath()
    )
  )
  (norm_f): RMSNorm()
  (head): Linear(in_features=256, out_features=6, bias=False)
)
[23:34:56.128511] number of params (M): 1.87
[23:34:56.128570] base lr: 2.00e-03
[23:34:56.128578] actual lr: 1.00e-03
[23:34:56.128588] accumulate grad iterations: 1
[23:34:56.128595] effective batch size: 128
[23:34:56.132351] criterion = CrossEntropyLoss()
[23:34:56.132377] Start training for 120 epochs
[23:34:56.132894] log_dir: /home/nvidia/netmambaplus-reproduction/runs/ciciot-ft-seed2/logs
[23:35:03.053516] Epoch: [0]  [ 0/66]  lr: 0.000000  loss: 1.7919 (1.7919)  eta: 0:07:36  time: 6.9194  data: 0.1802  max mem: 2919
[23:35:15.225869] Epoch: [0]  [20/66]  lr: 0.000015  loss: 1.7839 (1.7827)  eta: 0:00:41  time: 0.6085  data: 0.0003  max mem: 2933
[23:35:27.922171] Epoch: [0]  [40/66]  lr: 0.000030  loss: 1.7398 (1.7590)  eta: 0:00:20  time: 0.6348  data: 0.0003  max mem: 2933
[23:35:40.568218] Epoch: [0]  [60/66]  lr: 0.000045  loss: 1.6819 (1.7339)  eta: 0:00:04  time: 0.6323  data: 0.0003  max mem: 2933
[23:35:43.181959] Epoch: [0]  [65/66]  lr: 0.000049  loss: 1.6697 (1.7299)  eta: 0:00:00  time: 0.6052  data: 0.0003  max mem: 2933
[23:35:43.259161] Epoch: [0] Total time: 0:00:47 (0.7140 s / it)
[23:35:43.259261] Averaged stats: lr: 0.000049  loss: 1.6697 (1.7299)
/home/nvidia/netmambaplus-reproduction/upstream/NetMambaPlus/src/engine_mm.py:220: FutureWarning: `torch.cuda.amp.autocast(args...)` is deprecated. Please use `torch.amp.autocast('cuda', args...)` instead.
  with torch.cuda.amp.autocast():
[23:35:45.186762] Test:  [0/9]  loss: 1.5557 (1.5557)  acc1: 0.2344 (0.2344)  acc3: 1.0000 (1.0000)  eta: 0:00:17  time: 1.9243  data: 0.2458  max mem: 2933
[23:35:46.127833] Test:  [8/9]  loss: 1.5781 (1.6020)  acc1: 0.2344 (0.3365)  acc3: 0.6875 (0.7212)  eta: 0:00:00  time: 0.3183  data: 0.0275  max mem: 2933
[23:35:46.206552] Test: Total time: 0:00:02 (0.3273 s / it)
/home/nvidia/.cache/netmambaplus-reproduction/venv-gb10/lib/python3.12/site-packages/sklearn/metrics/_classification.py:1565: UndefinedMetricWarning: Precision is ill-defined and being set to 0.0 in labels with no predicted samples. Use `zero_division` parameter to control this behavior.
  _warn_prf(average, modifier, f"{metric.capitalize()} is", len(result))
/home/nvidia/.cache/netmambaplus-reproduction/venv-gb10/lib/python3.12/site-packages/sklearn/metrics/_classification.py:1565: UndefinedMetricWarning: Precision is ill-defined and being set to 0.0 in labels with no predicted samples. Use `zero_division` parameter to control this behavior.
  _warn_prf(average, modifier, f"{metric.capitalize()} is", len(result))
[23:35:47.085381] * Acc@1 0.3365 Acc@3 0.7212 loss 1.6020
[23:35:47.085445] * Pre 0.3083 Rec 0.3365 F1 0.2779
[23:35:47.141877] Accuracy of the network on test samples: 0.3365
[23:35:47.141994] F1 of the network on test samples: 0.2779
[23:35:47.142452] Max Accuracy: 0.3365
[23:35:47.142461] Max F1: 0.2779
[23:35:47.144953] log_dir: /home/nvidia/netmambaplus-reproduction/runs/ciciot-ft-seed2/logs
[23:35:47.832711] Epoch: [1]  [ 0/66]  lr: 0.000050  loss: 1.6520 (1.6520)  eta: 0:00:45  time: 0.6856  data: 0.2533  max mem: 2933
[23:36:00.090543] Epoch: [1]  [20/66]  lr: 0.000065  loss: 1.6427 (1.6404)  eta: 0:00:28  time: 0.6128  data: 0.0003  max mem: 2933
[23:36:12.824414] Epoch: [1]  [40/66]  lr: 0.000080  loss: 1.5555 (1.5968)  eta: 0:00:16  time: 0.6366  data: 0.0003  max mem: 2933
[23:36:25.509723] Epoch: [1]  [60/66]  lr: 0.000095  loss: 1.4290 (1.5366)  eta: 0:00:03  time: 0.6342  data: 0.0003  max mem: 2933
[23:36:28.071058] Epoch: [1]  [65/66]  lr: 0.000099  loss: 1.3647 (1.5227)  eta: 0:00:00  time: 0.6036  data: 0.0003  max mem: 2933
[23:36:28.180390] Epoch: [1] Total time: 0:00:41 (0.6217 s / it)
[23:36:28.180911] Averaged stats: lr: 0.000099  loss: 1.3647 (1.5227)
/home/nvidia/netmambaplus-reproduction/upstream/NetMambaPlus/src/engine_mm.py:220: FutureWarning: `torch.cuda.amp.autocast(args...)` is deprecated. Please use `torch.amp.autocast('cuda', args...)` instead.
  with torch.cuda.amp.autocast():
[23:36:28.568141] Test:  [0/9]  loss: 0.6870 (0.6870)  acc1: 0.8672 (0.8672)  acc3: 0.8750 (0.8750)  eta: 0:00:03  time: 0.3811  data: 0.2341  max mem: 2933
[23:36:29.547471] Test:  [8/9]  loss: 1.2002 (1.1189)  acc1: 0.5000 (0.5923)  acc3: 0.8984 (0.8933)  eta: 0:00:00  time: 0.1511  data: 0.0262  max mem: 2933
[23:36:29.650837] Test: Total time: 0:00:01 (0.1630 s / it)
/home/nvidia/.cache/netmambaplus-reproduction/venv-gb10/lib/python3.12/site-packages/sklearn/metrics/_classification.py:1565: UndefinedMetricWarning: Precision is ill-defined and being set to 0.0 in labels with no predicted samples. Use `zero_division` parameter to control this behavior.
  _warn_prf(average, modifier, f"{metric.capitalize()} is", len(result))
/home/nvidia/.cache/netmambaplus-reproduction/venv-gb10/lib/python3.12/site-packages/sklearn/metrics/_classification.py:1565: UndefinedMetricWarning: Precision is ill-defined and being set to 0.0 in labels with no predicted samples. Use `zero_division` parameter to control this behavior.
  _warn_prf(average, modifier, f"{metric.capitalize()} is", len(result))
[23:36:29.730100] * Acc@1 0.5923 Acc@3 0.8933 loss 1.1189
[23:36:29.730170] * Pre 0.5827 Rec 0.5923 F1 0.5771
[23:36:29.792907] Accuracy of the network on test samples: 0.5923
[23:36:29.793161] F1 of the network on test samples: 0.5771
[23:36:29.793167] Max Accuracy: 0.5923
[23:36:29.793172] Max F1: 0.5771
[23:36:29.795281] log_dir: /home/nvidia/netmambaplus-reproduction/runs/ciciot-ft-seed2/logs
[23:36:30.674319] Epoch: [2]  [ 0/66]  lr: 0.000100  loss: 1.2686 (1.2686)  eta: 0:00:57  time: 0.8765  data: 0.2522  max mem: 2933
[23:36:42.612353] Epoch: [2]  [20/66]  lr: 0.000115  loss: 1.2451 (1.2472)  eta: 0:00:28  time: 0.5968  data: 0.0002  max mem: 2933
[23:36:55.265060] Epoch: [2]  [40/66]  lr: 0.000130  loss: 1.1914 (1.2217)  eta: 0:00:16  time: 0.6325  data: 0.0003  max mem: 2933
[23:37:07.905135] Epoch: [2]  [60/66]  lr: 0.000145  loss: 1.1614 (1.2097)  eta: 0:00:03  time: 0.6319  data: 0.0002  max mem: 2933
[23:37:10.440598] Epoch: [2]  [65/66]  lr: 0.000149  loss: 1.1614 (1.2058)  eta: 0:00:00  time: 0.6008  data: 0.0002  max mem: 2933
[23:37:10.566384] Epoch: [2] Total time: 0:00:40 (0.6177 s / it)
[23:37:10.566550] Averaged stats: lr: 0.000149  loss: 1.1614 (1.2058)
/home/nvidia/netmambaplus-reproduction/upstream/NetMambaPlus/src/engine_mm.py:220: FutureWarning: `torch.cuda.amp.autocast(args...)` is deprecated. Please use `torch.amp.autocast('cuda', args...)` instead.
  with torch.cuda.amp.autocast():
[23:37:10.976373] Test:  [0/9]  loss: 0.4866 (0.4866)  acc1: 0.8672 (0.8672)  acc3: 0.9844 (0.9844)  eta: 0:00:03  time: 0.4056  data: 0.2608  max mem: 2933
[23:37:11.960325] Test:  [8/9]  loss: 0.7891 (0.9042)  acc1: 0.6875 (0.6442)  acc3: 0.9531 (0.9317)  eta: 0:00:00  time: 0.1543  data: 0.0291  max mem: 2933
[23:37:12.083920] Test: Total time: 0:00:01 (0.1683 s / it)
[23:37:12.150427] * Acc@1 0.6442 Acc@3 0.9317 loss 0.9042
[23:37:12.150481] * Pre 0.6811 Rec 0.6442 F1 0.6321
[23:37:12.210061] Accuracy of the network on test samples: 0.6442
[23:37:12.210102] F1 of the network on test samples: 0.6321
[23:37:12.210108] Max Accuracy: 0.6442
[23:37:12.210113] Max F1: 0.6321
[23:37:12.213827] log_dir: /home/nvidia/netmambaplus-reproduction/runs/ciciot-ft-seed2/logs
[23:37:12.901135] Epoch: [3]  [ 0/66]  lr: 0.000150  loss: 1.1012 (1.1012)  eta: 0:00:45  time: 0.6841  data: 0.2118  max mem: 2933
[23:37:24.645310] Epoch: [3]  [20/66]  lr: 0.000165  loss: 1.1497 (1.1557)  eta: 0:00:27  time: 0.5872  data: 0.0002  max mem: 2933
[23:37:37.144085] Epoch: [3]  [40/66]  lr: 0.000180  loss: 1.1280 (1.1319)  eta: 0:00:15  time: 0.6249  data: 0.0002  max mem: 2933
[23:37:49.630041] Epoch: [3]  [60/66]  lr: 0.000195  loss: 1.0422 (1.1073)  eta: 0:00:03  time: 0.6242  data: 0.0002  max mem: 2933
[23:37:52.146972] Epoch: [3]  [65/66]  lr: 0.000199  loss: 1.0422 (1.1071)  eta: 0:00:00  time: 0.5941  data: 0.0002  max mem: 2933
[23:37:52.255095] Epoch: [3] Total time: 0:00:40 (0.6067 s / it)
[23:37:52.255411] Averaged stats: lr: 0.000199  loss: 1.0422 (1.1071)
/home/nvidia/netmambaplus-reproduction/upstream/NetMambaPlus/src/engine_mm.py:220: FutureWarning: `torch.cuda.amp.autocast(args...)` is deprecated. Please use `torch.amp.autocast('cuda', args...)` instead.
  with torch.cuda.amp.autocast():
[23:37:52.654466] Test:  [0/9]  loss: 0.5605 (0.5605)  acc1: 0.8828 (0.8828)  acc3: 0.8906 (0.8906)  eta: 0:00:03  time: 0.3938  data: 0.2501  max mem: 2933
[23:37:53.638733] Test:  [8/9]  loss: 1.0029 (0.9779)  acc1: 0.5625 (0.6260)  acc3: 0.8906 (0.8587)  eta: 0:00:00  time: 0.1530  data: 0.0280  max mem: 2933
[23:37:53.744301] Test: Total time: 0:00:01 (0.1651 s / it)
[23:37:53.809093] * Acc@1 0.6260 Acc@3 0.8587 loss 0.9779
[23:37:53.809187] * Pre 0.7169 Rec 0.6260 F1 0.6378
[23:37:53.811092] Accuracy of the network on test samples: 0.6260
[23:37:53.811621] F1 of the network on test samples: 0.6378
[23:37:53.811633] Max Accuracy: 0.6442
[23:37:53.811766] Max F1: 0.6378
[23:37:53.814888] log_dir: /home/nvidia/netmambaplus-reproduction/runs/ciciot-ft-seed2/logs
[23:37:54.698395] Epoch: [4]  [ 0/66]  lr: 0.000200  loss: 1.1182 (1.1182)  eta: 0:00:58  time: 0.8810  data: 0.2321  max mem: 2933
[23:38:06.175929] Epoch: [4]  [20/66]  lr: 0.000215  loss: 1.0887 (1.1344)  eta: 0:00:27  time: 0.5738  data: 0.0002  max mem: 2933
[23:38:18.678557] Epoch: [4]  [40/66]  lr: 0.000230  loss: 1.0393 (1.0951)  eta: 0:00:15  time: 0.6251  data: 0.0002  max mem: 2933
[23:38:31.265492] Epoch: [4]  [60/66]  lr: 0.000245  loss: 1.0434 (1.0719)  eta: 0:00:03  time: 0.6293  data: 0.0002  max mem: 2933
[23:38:33.773263] Epoch: [4]  [65/66]  lr: 0.000249  loss: 1.0198 (1.0759)  eta: 0:00:00  time: 0.5985  data: 0.0002  max mem: 2933
[23:38:33.883447] Epoch: [4] Total time: 0:00:40 (0.6071 s / it)
[23:38:33.883607] Averaged stats: lr: 0.000249  loss: 1.0198 (1.0759)
/home/nvidia/netmambaplus-reproduction/upstream/NetMambaPlus/src/engine_mm.py:220: FutureWarning: `torch.cuda.amp.autocast(args...)` is deprecated. Please use `torch.amp.autocast('cuda', args...)` instead.
  with torch.cuda.amp.autocast():
[23:38:34.249477] Test:  [0/9]  loss: 0.4434 (0.4434)  acc1: 0.8828 (0.8828)  acc3: 0.9844 (0.9844)  eta: 0:00:03  time: 0.3608  data: 0.2135  max mem: 2933
[23:38:35.233597] Test:  [8/9]  loss: 0.8633 (0.7666)  acc1: 0.6016 (0.7212)  acc3: 0.9844 (0.9731)  eta: 0:00:00  time: 0.1494  data: 0.0239  max mem: 2933
[23:38:35.344294] Test: Total time: 0:00:01 (0.1620 s / it)
[23:38:35.412144] * Acc@1 0.7212 Acc@3 0.9731 loss 0.7666
[23:38:35.412244] * Pre 0.7458 Rec 0.7212 F1 0.7179
[23:38:35.469809] Accuracy of the network on test samples: 0.7212
[23:38:35.470437] F1 of the network on test samples: 0.7179
[23:38:35.470452] Max Accuracy: 0.7212
[23:38:35.470474] Max F1: 0.7179
[23:38:35.472728] log_dir: /home/nvidia/netmambaplus-reproduction/runs/ciciot-ft-seed2/logs
[23:38:36.397259] Epoch: [5]  [ 0/66]  lr: 0.000250  loss: 0.9425 (0.9425)  eta: 0:01:00  time: 0.9210  data: 0.2703  max mem: 2933
[23:38:47.873769] Epoch: [5]  [20/66]  lr: 0.000265  loss: 1.0342 (1.0257)  eta: 0:00:27  time: 0.5738  data: 0.0002  max mem: 2933
[23:39:00.972276] Epoch: [5]  [40/66]  lr: 0.000280  loss: 0.9669 (0.9974)  eta: 0:00:16  time: 0.6549  data: 0.0004  max mem: 2933
[23:39:13.635364] Epoch: [5]  [60/66]  lr: 0.000295  loss: 0.9558 (0.9835)  eta: 0:00:03  time: 0.6331  data: 0.0002  max mem: 2933
[23:39:16.145016] Epoch: [5]  [65/66]  lr: 0.000299  loss: 0.9457 (0.9764)  eta: 0:00:00  time: 0.5980  data: 0.0003  max mem: 2933
[23:39:16.248248] Epoch: [5] Total time: 0:00:40 (0.6178 s / it)
[23:39:16.248576] Averaged stats: lr: 0.000299  loss: 0.9457 (0.9764)
/home/nvidia/netmambaplus-reproduction/upstream/NetMambaPlus/src/engine_mm.py:220: FutureWarning: `torch.cuda.amp.autocast(args...)` is deprecated. Please use `torch.amp.autocast('cuda', args...)` instead.
  with torch.cuda.amp.autocast():
[23:39:16.611099] Test:  [0/9]  loss: 0.4231 (0.4231)  acc1: 0.8828 (0.8828)  acc3: 0.9844 (0.9844)  eta: 0:00:03  time: 0.3583  data: 0.2123  max mem: 2933
[23:39:17.601096] Test:  [8/9]  loss: 0.8970 (0.7146)  acc1: 0.6562 (0.7423)  acc3: 0.9844 (0.9712)  eta: 0:00:00  time: 0.1497  data: 0.0237  max mem: 2933
[23:39:17.708184] Test: Total time: 0:00:01 (0.1619 s / it)
[23:39:17.774811] * Acc@1 0.7423 Acc@3 0.9712 loss 0.7146
[23:39:17.774888] * Pre 0.7618 Rec 0.7423 F1 0.7403
[23:39:17.827839] Accuracy of the network on test samples: 0.7423
[23:39:17.827868] F1 of the network on test samples: 0.7403
[23:39:17.827874] Max Accuracy: 0.7423
[23:39:17.827880] Max F1: 0.7403
[23:39:17.830450] log_dir: /home/nvidia/netmambaplus-reproduction/runs/ciciot-ft-seed2/logs
[23:39:18.723594] Epoch: [6]  [ 0/66]  lr: 0.000300  loss: 0.8316 (0.8316)  eta: 0:00:58  time: 0.8890  data: 0.2536  max mem: 2933
[23:39:29.987336] Epoch: [6]  [20/66]  lr: 0.000315  loss: 0.9488 (0.9431)  eta: 0:00:26  time: 0.5631  data: 0.0002  max mem: 2933
[23:39:42.410342] Epoch: [6]  [40/66]  lr: 0.000330  loss: 0.9213 (0.9329)  eta: 0:00:15  time: 0.6211  data: 0.0002  max mem: 2933
[23:39:54.827506] Epoch: [6]  [60/66]  lr: 0.000345  loss: 0.9385 (0.9366)  eta: 0:00:03  time: 0.6208  data: 0.0002  max mem: 2933
[23:39:57.297701] Epoch: [6]  [65/66]  lr: 0.000349  loss: 0.9380 (0.9310)  eta: 0:00:00  time: 0.5899  data: 0.0002  max mem: 2933
[23:39:57.415475] Epoch: [6] Total time: 0:00:39 (0.5998 s / it)
[23:39:57.415634] Averaged stats: lr: 0.000349  loss: 0.9380 (0.9310)
/home/nvidia/netmambaplus-reproduction/upstream/NetMambaPlus/src/engine_mm.py:220: FutureWarning: `torch.cuda.amp.autocast(args...)` is deprecated. Please use `torch.amp.autocast('cuda', args...)` instead.
  with torch.cuda.amp.autocast():
[23:39:57.793417] Test:  [0/9]  loss: 0.4602 (0.4602)  acc1: 0.8750 (0.8750)  acc3: 0.9922 (0.9922)  eta: 0:00:03  time: 0.3722  data: 0.2263  max mem: 2933
[23:39:58.785954] Test:  [8/9]  loss: 0.7114 (0.7348)  acc1: 0.7266 (0.7462)  acc3: 0.9922 (0.9846)  eta: 0:00:00  time: 0.1516  data: 0.0252  max mem: 2933
[23:39:58.905014] Test: Total time: 0:00:01 (0.1652 s / it)
[23:39:58.974117] * Acc@1 0.7462 Acc@3 0.9846 loss 0.7348
[23:39:58.974166] * Pre 0.7768 Rec 0.7462 F1 0.7425
[23:39:59.026841] Accuracy of the network on test samples: 0.7462
[23:39:59.027464] F1 of the network on test samples: 0.7425
[23:39:59.027476] Max Accuracy: 0.7462
[23:39:59.027610] Max F1: 0.7425
[23:39:59.029798] log_dir: /home/nvidia/netmambaplus-reproduction/runs/ciciot-ft-seed2/logs
[23:39:59.874172] Epoch: [7]  [ 0/66]  lr: 0.000350  loss: 0.8411 (0.8411)  eta: 0:00:55  time: 0.8417  data: 0.2233  max mem: 2933
[23:40:11.072509] Epoch: [7]  [20/66]  lr: 0.000365  loss: 0.9105 (0.9167)  eta: 0:00:26  time: 0.5598  data: 0.0002  max mem: 2933
[23:40:23.779476] Epoch: [7]  [40/66]  lr: 0.000380  loss: 0.9079 (0.9138)  eta: 0:00:15  time: 0.6353  data: 0.0003  max mem: 2933
[23:40:36.502828] Epoch: [7]  [60/66]  lr: 0.000395  loss: 0.8718 (0.9018)  eta: 0:00:03  time: 0.6361  data: 0.0002  max mem: 2933
[23:40:39.040909] Epoch: [7]  [65/66]  lr: 0.000399  loss: 0.8711 (0.8961)  eta: 0:00:00  time: 0.6052  data: 0.0003  max mem: 2933
[23:40:39.174192] Epoch: [7] Total time: 0:00:40 (0.6082 s / it)
[23:40:39.174313] Averaged stats: lr: 0.000399  loss: 0.8711 (0.8961)
/home/nvidia/netmambaplus-reproduction/upstream/NetMambaPlus/src/engine_mm.py:220: FutureWarning: `torch.cuda.amp.autocast(args...)` is deprecated. Please use `torch.amp.autocast('cuda', args...)` instead.
  with torch.cuda.amp.autocast():
[23:40:39.579630] Test:  [0/9]  loss: 0.3850 (0.3850)  acc1: 0.8906 (0.8906)  acc3: 0.9922 (0.9922)  eta: 0:00:03  time: 0.3984  data: 0.2494  max mem: 2933
[23:40:40.581656] Test:  [8/9]  loss: 0.5557 (0.5925)  acc1: 0.7500 (0.7933)  acc3: 0.9922 (0.9788)  eta: 0:00:00  time: 0.1555  data: 0.0278  max mem: 2933
[23:40:40.711772] Test: Total time: 0:00:01 (0.1706 s / it)
[23:40:40.780575] * Acc@1 0.7933 Acc@3 0.9788 loss 0.5925
[23:40:40.780623] * Pre 0.8002 Rec 0.7933 F1 0.7928
[23:40:40.842010] Accuracy of the network on test samples: 0.7933
[23:40:40.842545] F1 of the network on test samples: 0.7928
[23:40:40.842552] Max Accuracy: 0.7933
[23:40:40.842560] Max F1: 0.7928
[23:40:40.844505] log_dir: /home/nvidia/netmambaplus-reproduction/runs/ciciot-ft-seed2/logs
[23:40:41.746854] Epoch: [8]  [ 0/66]  lr: 0.000400  loss: 0.8624 (0.8624)  eta: 0:00:59  time: 0.8985  data: 0.2479  max mem: 2933
[23:40:52.872752] Epoch: [8]  [20/66]  lr: 0.000415  loss: 0.8746 (0.8878)  eta: 0:00:26  time: 0.5562  data: 0.0002  max mem: 2933
[23:41:05.566288] Epoch: [8]  [40/66]  lr: 0.000430  loss: 0.8533 (0.8738)  eta: 0:00:15  time: 0.6346  data: 0.0003  max mem: 2933
[23:41:18.265834] Epoch: [8]  [60/66]  lr: 0.000445  loss: 0.8425 (0.8685)  eta: 0:00:03  time: 0.6349  data: 0.0003  max mem: 2933
[23:41:20.856216] Epoch: [8]  [65/66]  lr: 0.000449  loss: 0.8400 (0.8666)  eta: 0:00:00  time: 0.6058  data: 0.0003  max mem: 2933
[23:41:20.970029] Epoch: [8] Total time: 0:00:40 (0.6080 s / it)
[23:41:20.970127] Averaged stats: lr: 0.000449  loss: 0.8400 (0.8666)
/home/nvidia/netmambaplus-reproduction/upstream/NetMambaPlus/src/engine_mm.py:220: FutureWarning: `torch.cuda.amp.autocast(args...)` is deprecated. Please use `torch.amp.autocast('cuda', args...)` instead.
  with torch.cuda.amp.autocast():
[23:41:21.383105] Test:  [0/9]  loss: 0.3782 (0.3782)  acc1: 0.8906 (0.8906)  acc3: 0.9922 (0.9922)  eta: 0:00:03  time: 0.4091  data: 0.2642  max mem: 2933
[23:41:22.379049] Test:  [8/9]  loss: 0.4438 (0.5931)  acc1: 0.8125 (0.7817)  acc3: 0.9922 (0.9837)  eta: 0:00:00  time: 0.1560  data: 0.0295  max mem: 2933
[23:41:22.486173] Test: Total time: 0:00:01 (0.1682 s / it)
[23:41:22.554509] * Acc@1 0.7817 Acc@3 0.9837 loss 0.5931
[23:41:22.554582] * Pre 0.8031 Rec 0.7817 F1 0.7695
[23:41:22.556359] Accuracy of the network on test samples: 0.7817
[23:41:22.556377] F1 of the network on test samples: 0.7695
[23:41:22.556383] Max Accuracy: 0.7933
[23:41:22.556393] Max F1: 0.7928
[23:41:22.560886] log_dir: /home/nvidia/netmambaplus-reproduction/runs/ciciot-ft-seed2/logs
[23:41:23.444222] Epoch: [9]  [ 0/66]  lr: 0.000450  loss: 0.7782 (0.7782)  eta: 0:00:58  time: 0.8801  data: 0.2439  max mem: 2933
[23:41:34.923878] Epoch: [9]  [20/66]  lr: 0.000465  loss: 0.8575 (0.8730)  eta: 0:00:27  time: 0.5739  data: 0.0003  max mem: 2933
[23:41:47.632458] Epoch: [9]  [40/66]  lr: 0.000480  loss: 0.8369 (0.8587)  eta: 0:00:15  time: 0.6354  data: 0.0002  max mem: 2933
[23:42:00.286212] Epoch: [9]  [60/66]  lr: 0.000495  loss: 0.8294 (0.8522)  eta: 0:00:03  time: 0.6326  data: 0.0003  max mem: 2933
[23:42:02.822989] Epoch: [9]  [65/66]  lr: 0.000499  loss: 0.8158 (0.8450)  eta: 0:00:00  time: 0.6008  data: 0.0003  max mem: 2933
[23:42:02.938945] Epoch: [9] Total time: 0:00:40 (0.6118 s / it)
[23:42:02.939068] Averaged stats: lr: 0.000499  loss: 0.8158 (0.8450)
/home/nvidia/netmambaplus-reproduction/upstream/NetMambaPlus/src/engine_mm.py:220: FutureWarning: `torch.cuda.amp.autocast(args...)` is deprecated. Please use `torch.amp.autocast('cuda', args...)` instead.
  with torch.cuda.amp.autocast():
[23:42:03.334835] Test:  [0/9]  loss: 0.3320 (0.3320)  acc1: 0.8906 (0.8906)  acc3: 0.9922 (0.9922)  eta: 0:00:03  time: 0.3904  data: 0.2463  max mem: 2933
[23:42:04.336109] Test:  [8/9]  loss: 0.6191 (0.5670)  acc1: 0.7109 (0.8010)  acc3: 0.9922 (0.9827)  eta: 0:00:00  time: 0.1546  data: 0.0275  max mem: 2933
[23:42:04.445483] Test: Total time: 0:00:01 (0.1671 s / it)
[23:42:04.513930] * Acc@1 0.8010 Acc@3 0.9827 loss 0.5670
[23:42:04.514028] * Pre 0.8252 Rec 0.8010 F1 0.8025
[23:42:04.571802] Accuracy of the network on test samples: 0.8010
[23:42:04.571859] F1 of the network on test samples: 0.8025
[23:42:04.571867] Max Accuracy: 0.8010
[23:42:04.571877] Max F1: 0.8025
[23:42:04.575701] log_dir: /home/nvidia/netmambaplus-reproduction/runs/ciciot-ft-seed2/logs
[23:42:05.474910] Epoch: [10]  [ 0/66]  lr: 0.000500  loss: 0.7933 (0.7933)  eta: 0:00:59  time: 0.8957  data: 0.2686  max mem: 2933
[23:42:16.830649] Epoch: [10]  [20/66]  lr: 0.000515  loss: 0.8148 (0.8143)  eta: 0:00:26  time: 0.5677  data: 0.0002  max mem: 2933
[23:42:29.289339] Epoch: [10]  [40/66]  lr: 0.000530  loss: 0.8217 (0.8251)  eta: 0:00:15  time: 0.6229  data: 0.0002  max mem: 2933
[23:42:41.759354] Epoch: [10]  [60/66]  lr: 0.000545  loss: 0.8280 (0.8249)  eta: 0:00:03  time: 0.6234  data: 0.0002  max mem: 2933
[23:42:44.306552] Epoch: [10]  [65/66]  lr: 0.000549  loss: 0.8280 (0.8194)  eta: 0:00:00  time: 0.5955  data: 0.0002  max mem: 2933
[23:42:44.415513] Epoch: [10] Total time: 0:00:39 (0.6036 s / it)
[23:42:44.415643] Averaged stats: lr: 0.000549  loss: 0.8280 (0.8194)
/home/nvidia/netmambaplus-reproduction/upstream/NetMambaPlus/src/engine_mm.py:220: FutureWarning: `torch.cuda.amp.autocast(args...)` is deprecated. Please use `torch.amp.autocast('cuda', args...)` instead.
  with torch.cuda.amp.autocast():
[23:42:44.811289] Test:  [0/9]  loss: 0.3506 (0.3506)  acc1: 0.8906 (0.8906)  acc3: 0.9922 (0.9922)  eta: 0:00:03  time: 0.3914  data: 0.2445  max mem: 2933
[23:42:45.797737] Test:  [8/9]  loss: 0.5596 (0.5565)  acc1: 0.7266 (0.8154)  acc3: 0.9922 (0.9837)  eta: 0:00:00  time: 0.1530  data: 0.0273  max mem: 2933
[23:42:45.904336] Test: Total time: 0:00:01 (0.1652 s / it)
[23:42:45.972947] * Acc@1 0.8154 Acc@3 0.9837 loss 0.5565
[23:42:45.973049] * Pre 0.8480 Rec 0.8154 F1 0.8175
[23:42:46.025358] Accuracy of the network on test samples: 0.8154
[23:42:46.025385] F1 of the network on test samples: 0.8175
[23:42:46.025390] Max Accuracy: 0.8154
[23:42:46.025394] Max F1: 0.8175
[23:42:46.028908] log_dir: /home/nvidia/netmambaplus-reproduction/runs/ciciot-ft-seed2/logs
[23:42:46.911980] Epoch: [11]  [ 0/66]  lr: 0.000550  loss: 0.7844 (0.7844)  eta: 0:00:58  time: 0.8803  data: 0.2504  max mem: 2933
[23:42:58.510997] Epoch: [11]  [20/66]  lr: 0.000565  loss: 0.8028 (0.8052)  eta: 0:00:27  time: 0.5799  data: 0.0003  max mem: 2933
[23:43:11.075141] Epoch: [11]  [40/66]  lr: 0.000580  loss: 0.7917 (0.8040)  eta: 0:00:15  time: 0.6282  data: 0.0002  max mem: 2933
[23:43:23.510126] Epoch: [11]  [60/66]  lr: 0.000595  loss: 0.7948 (0.8097)  eta: 0:00:03  time: 0.6217  data: 0.0002  max mem: 2933
[23:43:26.053630] Epoch: [11]  [65/66]  lr: 0.000599  loss: 0.7948 (0.8115)  eta: 0:00:00  time: 0.5940  data: 0.0002  max mem: 2933
[23:43:26.152613] Epoch: [11] Total time: 0:00:40 (0.6079 s / it)
[23:43:26.152732] Averaged stats: lr: 0.000599  loss: 0.7948 (0.8115)
/home/nvidia/netmambaplus-reproduction/upstream/NetMambaPlus/src/engine_mm.py:220: FutureWarning: `torch.cuda.amp.autocast(args...)` is deprecated. Please use `torch.amp.autocast('cuda', args...)` instead.
  with torch.cuda.amp.autocast():
[23:43:26.577984] Test:  [0/9]  loss: 0.4045 (0.4045)  acc1: 0.8984 (0.8984)  acc3: 0.9922 (0.9922)  eta: 0:00:03  time: 0.4207  data: 0.2732  max mem: 2933
[23:43:27.568908] Test:  [8/9]  loss: 0.5801 (0.5439)  acc1: 0.7578 (0.8087)  acc3: 0.9922 (0.9865)  eta: 0:00:00  time: 0.1568  data: 0.0305  max mem: 2933
[23:43:27.686206] Test: Total time: 0:00:01 (0.1701 s / it)
[23:43:27.752811] * Acc@1 0.8087 Acc@3 0.9865 loss 0.5439
[23:43:27.752932] * Pre 0.8296 Rec 0.8087 F1 0.8105
[23:43:27.755048] Accuracy of the network on test samples: 0.8087
[23:43:27.755057] F1 of the network on test samples: 0.8105
[23:43:27.755063] Max Accuracy: 0.8154
[23:43:27.755068] Max F1: 0.8175
[23:43:27.758926] log_dir: /home/nvidia/netmambaplus-reproduction/runs/ciciot-ft-seed2/logs
[23:43:28.683733] Epoch: [12]  [ 0/66]  lr: 0.000600  loss: 0.8071 (0.8071)  eta: 0:01:00  time: 0.9210  data: 0.2867  max mem: 2933
[23:43:40.170618] Epoch: [12]  [20/66]  lr: 0.000615  loss: 0.8478 (0.8521)  eta: 0:00:27  time: 0.5743  data: 0.0002  max mem: 2933
[23:43:52.600495] Epoch: [12]  [40/66]  lr: 0.000630  loss: 0.8216 (0.8396)  eta: 0:00:15  time: 0.6214  data: 0.0002  max mem: 2933
[23:44:04.974076] Epoch: [12]  [60/66]  lr: 0.000645  loss: 0.7816 (0.8298)  eta: 0:00:03  time: 0.6186  data: 0.0002  max mem: 2933
[23:44:07.476113] Epoch: [12]  [65/66]  lr: 0.000649  loss: 0.7816 (0.8351)  eta: 0:00:00  time: 0.5894  data: 0.0002  max mem: 2933
[23:44:07.588160] Epoch: [12] Total time: 0:00:39 (0.6035 s / it)
[23:44:07.588243] Averaged stats: lr: 0.000649  loss: 0.7816 (0.8351)
/home/nvidia/netmambaplus-reproduction/upstream/NetMambaPlus/src/engine_mm.py:220: FutureWarning: `torch.cuda.amp.autocast(args...)` is deprecated. Please use `torch.amp.autocast('cuda', args...)` instead.
  with torch.cuda.amp.autocast():
[23:44:07.964707] Test:  [0/9]  loss: 0.2183 (0.2183)  acc1: 0.8906 (0.8906)  acc3: 0.9922 (0.9922)  eta: 0:00:03  time: 0.3716  data: 0.2310  max mem: 2933
[23:44:08.953663] Test:  [8/9]  loss: 0.5410 (0.5558)  acc1: 0.7891 (0.8202)  acc3: 0.9922 (0.9817)  eta: 0:00:00  time: 0.1511  data: 0.0258  max mem: 2933
[23:44:09.056306] Test: Total time: 0:00:01 (0.1628 s / it)
[23:44:09.123775] * Acc@1 0.8202 Acc@3 0.9817 loss 0.5558
[23:44:09.123832] * Pre 0.8264 Rec 0.8202 F1 0.8208
[23:44:09.176984] Accuracy of the network on test samples: 0.8202
[23:44:09.177033] F1 of the network on test samples: 0.8208
[23:44:09.177039] Max Accuracy: 0.8202
[23:44:09.177045] Max F1: 0.8208
[23:44:09.180542] log_dir: /home/nvidia/netmambaplus-reproduction/runs/ciciot-ft-seed2/logs
[23:44:10.047794] Epoch: [13]  [ 0/66]  lr: 0.000650  loss: 0.8805 (0.8805)  eta: 0:00:57  time: 0.8637  data: 0.2360  max mem: 2933
[23:44:21.657310] Epoch: [13]  [20/66]  lr: 0.000665  loss: 0.8172 (0.8423)  eta: 0:00:27  time: 0.5804  data: 0.0003  max mem: 2933
[23:44:34.015417] Epoch: [13]  [40/66]  lr: 0.000680  loss: 0.7883 (0.8221)  eta: 0:00:15  time: 0.6178  data: 0.0002  max mem: 2933
[23:44:46.419908] Epoch: [13]  [60/66]  lr: 0.000695  loss: 0.7837 (0.8167)  eta: 0:00:03  time: 0.6202  data: 0.0002  max mem: 2933
[23:44:48.914998] Epoch: [13]  [65/66]  lr: 0.000699  loss: 0.7704 (0.8085)  eta: 0:00:00  time: 0.5897  data: 0.0002  max mem: 2933
[23:44:49.034039] Epoch: [13] Total time: 0:00:39 (0.6038 s / it)
[23:44:49.034242] Averaged stats: lr: 0.000699  loss: 0.7704 (0.8085)
/home/nvidia/netmambaplus-reproduction/upstream/NetMambaPlus/src/engine_mm.py:220: FutureWarning: `torch.cuda.amp.autocast(args...)` is deprecated. Please use `torch.amp.autocast('cuda', args...)` instead.
  with torch.cuda.amp.autocast():
[23:44:49.414091] Test:  [0/9]  loss: 0.4189 (0.4189)  acc1: 0.8828 (0.8828)  acc3: 0.9922 (0.9922)  eta: 0:00:03  time: 0.3755  data: 0.2290  max mem: 2933
[23:44:50.411494] Test:  [8/9]  loss: 0.4753 (0.5537)  acc1: 0.8125 (0.8163)  acc3: 0.9922 (0.9865)  eta: 0:00:00  time: 0.1525  data: 0.0256  max mem: 2933
[23:44:50.508874] Test: Total time: 0:00:01 (0.1636 s / it)
[23:44:50.575212] * Acc@1 0.8163 Acc@3 0.9865 loss 0.5537
[23:44:50.575261] * Pre 0.8285 Rec 0.8163 F1 0.8165
[23:44:50.577175] Accuracy of the network on test samples: 0.8163
[23:44:50.577189] F1 of the network on test samples: 0.8165
[23:44:50.577196] Max Accuracy: 0.8202
[23:44:50.577206] Max F1: 0.8208
[23:44:50.580882] log_dir: /home/nvidia/netmambaplus-reproduction/runs/ciciot-ft-seed2/logs
[23:44:51.444432] Epoch: [14]  [ 0/66]  lr: 0.000700  loss: 0.8383 (0.8383)  eta: 0:00:56  time: 0.8610  data: 0.2337  max mem: 2933
[23:45:03.269586] Epoch: [14]  [20/66]  lr: 0.000715  loss: 0.7990 (0.8069)  eta: 0:00:27  time: 0.5912  data: 0.0002  max mem: 2933
[23:45:15.676318] Epoch: [14]  [40/66]  lr: 0.000730  loss: 0.7811 (0.7986)  eta: 0:00:15  time: 0.6203  data: 0.0002  max mem: 2933
[23:45:28.341069] Epoch: [14]  [60/66]  lr: 0.000745  loss: 0.7949 (0.7972)  eta: 0:00:03  time: 0.6332  data: 0.0003  max mem: 2933
[23:45:30.915048] Epoch: [14]  [65/66]  lr: 0.000749  loss: 0.7742 (0.7895)  eta: 0:00:00  time: 0.6037  data: 0.0003  max mem: 2933
[23:45:31.048737] Epoch: [14] Total time: 0:00:40 (0.6131 s / it)
[23:45:31.048873] Averaged stats: lr: 0.000749  loss: 0.7742 (0.7895)
/home/nvidia/netmambaplus-reproduction/upstream/NetMambaPlus/src/engine_mm.py:220: FutureWarning: `torch.cuda.amp.autocast(args...)` is deprecated. Please use `torch.amp.autocast('cuda', args...)` instead.
  with torch.cuda.amp.autocast():
[23:45:31.490523] Test:  [0/9]  loss: 0.4758 (0.4758)  acc1: 0.8906 (0.8906)  acc3: 0.9297 (0.9297)  eta: 0:00:03  time: 0.4371  data: 0.2966  max mem: 2933
[23:45:32.493139] Test:  [8/9]  loss: 0.4758 (0.5118)  acc1: 0.8125 (0.8192)  acc3: 0.9844 (0.9731)  eta: 0:00:00  time: 0.1599  data: 0.0331  max mem: 2933
[23:45:32.598738] Test: Total time: 0:00:01 (0.1719 s / it)
[23:45:32.666940] * Acc@1 0.8192 Acc@3 0.9731 loss 0.5118
[23:45:32.667015] * Pre 0.8282 Rec 0.8192 F1 0.8169
[23:45:32.669371] Accuracy of the network on test samples: 0.8192
[23:45:32.670277] F1 of the network on test samples: 0.8169
[23:45:32.670342] Max Accuracy: 0.8202
[23:45:32.670449] Max F1: 0.8208
[23:45:32.673064] log_dir: /home/nvidia/netmambaplus-reproduction/runs/ciciot-ft-seed2/logs
[23:45:33.567699] Epoch: [15]  [ 0/66]  lr: 0.000750  loss: 0.8351 (0.8351)  eta: 0:00:58  time: 0.8917  data: 0.2374  max mem: 2933
[23:45:45.670448] Epoch: [15]  [20/66]  lr: 0.000765  loss: 0.7678 (0.7773)  eta: 0:00:28  time: 0.6051  data: 0.0003  max mem: 2933
[23:45:58.059269] Epoch: [15]  [40/66]  lr: 0.000780  loss: 0.7863 (0.7805)  eta: 0:00:16  time: 0.6194  data: 0.0003  max mem: 2933
[23:46:10.711514] Epoch: [15]  [60/66]  lr: 0.000795  loss: 0.7676 (0.7810)  eta: 0:00:03  time: 0.6325  data: 0.0003  max mem: 2933
[23:46:13.299457] Epoch: [15]  [65/66]  lr: 0.000799  loss: 0.7676 (0.7846)  eta: 0:00:00  time: 0.6046  data: 0.0003  max mem: 2933
[23:46:13.407677] Epoch: [15] Total time: 0:00:40 (0.6172 s / it)
[23:46:13.408257] Averaged stats: lr: 0.000799  loss: 0.7676 (0.7846)
/home/nvidia/netmambaplus-reproduction/upstream/NetMambaPlus/src/engine_mm.py:220: FutureWarning: `torch.cuda.amp.autocast(args...)` is deprecated. Please use `torch.amp.autocast('cuda', args...)` instead.
  with torch.cuda.amp.autocast():
[23:46:13.806098] Test:  [0/9]  loss: 0.3481 (0.3481)  acc1: 0.8984 (0.8984)  acc3: 0.9922 (0.9922)  eta: 0:00:03  time: 0.3933  data: 0.2452  max mem: 2933
[23:46:14.808910] Test:  [8/9]  loss: 0.4863 (0.4994)  acc1: 0.8125 (0.8346)  acc3: 0.9922 (0.9846)  eta: 0:00:00  time: 0.1550  data: 0.0274  max mem: 2933
[23:46:14.920737] Test: Total time: 0:00:01 (0.1678 s / it)
[23:46:14.992901] * Acc@1 0.8346 Acc@3 0.9846 loss 0.4994
[23:46:14.992980] * Pre 0.8396 Rec 0.8346 F1 0.8349
[23:46:15.052406] Accuracy of the network on test samples: 0.8346
[23:46:15.052471] F1 of the network on test samples: 0.8349
[23:46:15.052482] Max Accuracy: 0.8346
[23:46:15.052494] Max F1: 0.8349
[23:46:15.056136] log_dir: /home/nvidia/netmambaplus-reproduction/runs/ciciot-ft-seed2/logs
[23:46:15.949152] Epoch: [16]  [ 0/66]  lr: 0.000800  loss: 0.8080 (0.8080)  eta: 0:00:58  time: 0.8896  data: 0.2482  max mem: 2933
[23:46:28.212797] Epoch: [16]  [20/66]  lr: 0.000815  loss: 0.8106 (0.8264)  eta: 0:00:28  time: 0.6131  data: 0.0002  max mem: 2933
[23:46:40.459718] Epoch: [16]  [40/66]  lr: 0.000830  loss: 0.7887 (0.8131)  eta: 0:00:16  time: 0.6123  data: 0.0003  max mem: 2933
[23:46:53.145118] Epoch: [16]  [60/66]  lr: 0.000845  loss: 0.7813 (0.8053)  eta: 0:00:03  time: 0.6342  data: 0.0003  max mem: 2933
[23:46:55.731387] Epoch: [16]  [65/66]  lr: 0.000849  loss: 0.7741 (0.8030)  eta: 0:00:00  time: 0.6056  data: 0.0003  max mem: 2933
[23:46:55.844077] Epoch: [16] Total time: 0:00:40 (0.6180 s / it)
[23:46:55.844542] Averaged stats: lr: 0.000849  loss: 0.7741 (0.8030)
/home/nvidia/netmambaplus-reproduction/upstream/NetMambaPlus/src/engine_mm.py:220: FutureWarning: `torch.cuda.amp.autocast(args...)` is deprecated. Please use `torch.amp.autocast('cuda', args...)` instead.
  with torch.cuda.amp.autocast():
[23:46:56.247524] Test:  [0/9]  loss: 0.4429 (0.4429)  acc1: 0.8828 (0.8828)  acc3: 0.9922 (0.9922)  eta: 0:00:03  time: 0.3983  data: 0.2464  max mem: 2933
[23:46:57.256533] Test:  [8/9]  loss: 0.6196 (0.5393)  acc1: 0.7656 (0.8087)  acc3: 0.9922 (0.9865)  eta: 0:00:00  time: 0.1563  data: 0.0275  max mem: 2933
[23:46:57.381022] Test: Total time: 0:00:01 (0.1704 s / it)
[23:46:57.449939] * Acc@1 0.8087 Acc@3 0.9865 loss 0.5393
[23:46:57.450007] * Pre 0.8494 Rec 0.8077 F1 0.8109
[23:46:57.452334] Accuracy of the network on test samples: 0.8087
[23:46:57.452752] F1 of the network on test samples: 0.8109
[23:46:57.452759] Max Accuracy: 0.8346
[23:46:57.452764] Max F1: 0.8349
[23:46:57.455988] log_dir: /home/nvidia/netmambaplus-reproduction/runs/ciciot-ft-seed2/logs
[23:46:58.337562] Epoch: [17]  [ 0/66]  lr: 0.000850  loss: 0.7878 (0.7878)  eta: 0:00:57  time: 0.8785  data: 0.2375  max mem: 2933
[23:47:10.665966] Epoch: [17]  [20/66]  lr: 0.000865  loss: 0.7635 (0.7735)  eta: 0:00:28  time: 0.6164  data: 0.0003  max mem: 2933
[23:47:22.580915] Epoch: [17]  [40/66]  lr: 0.000880  loss: 0.7545 (0.7705)  eta: 0:00:15  time: 0.5957  data: 0.0002  max mem: 2933
[23:47:35.082751] Epoch: [17]  [60/66]  lr: 0.000895  loss: 0.7910 (0.7823)  eta: 0:00:03  time: 0.6250  data: 0.0002  max mem: 2933
[23:47:37.604387] Epoch: [17]  [65/66]  lr: 0.000899  loss: 0.7718 (0.7817)  eta: 0:00:00  time: 0.5944  data: 0.0003  max mem: 2933
[23:47:37.710951] Epoch: [17] Total time: 0:00:40 (0.6099 s / it)
[23:47:37.711287] Averaged stats: lr: 0.000899  loss: 0.7718 (0.7817)
/home/nvidia/netmambaplus-reproduction/upstream/NetMambaPlus/src/engine_mm.py:220: FutureWarning: `torch.cuda.amp.autocast(args...)` is deprecated. Please use `torch.amp.autocast('cuda', args...)` instead.
  with torch.cuda.amp.autocast():
[23:47:38.098433] Test:  [0/9]  loss: 0.3979 (0.3979)  acc1: 0.8750 (0.8750)  acc3: 0.9922 (0.9922)  eta: 0:00:03  time: 0.3832  data: 0.2370  max mem: 2933
[23:47:39.092939] Test:  [8/9]  loss: 0.4202 (0.5127)  acc1: 0.8594 (0.8106)  acc3: 0.9922 (0.9875)  eta: 0:00:00  time: 0.1530  data: 0.0264  max mem: 2933
[23:47:39.201427] Test: Total time: 0:00:01 (0.1653 s / it)
[23:47:39.268733] * Acc@1 0.8106 Acc@3 0.9875 loss 0.5127
[23:47:39.268835] * Pre 0.8215 Rec 0.8106 F1 0.8058
[23:47:39.271197] Accuracy of the network on test samples: 0.8106
[23:47:39.271212] F1 of the network on test samples: 0.8058
[23:47:39.271222] Max Accuracy: 0.8346
[23:47:39.271235] Max F1: 0.8349
[23:47:39.275840] log_dir: /home/nvidia/netmambaplus-reproduction/runs/ciciot-ft-seed2/logs
[23:47:40.144879] Epoch: [18]  [ 0/66]  lr: 0.000900  loss: 0.7205 (0.7205)  eta: 0:00:57  time: 0.8666  data: 0.2389  max mem: 2933
[23:47:52.553222] Epoch: [18]  [20/66]  lr: 0.000915  loss: 0.8196 (0.8071)  eta: 0:00:29  time: 0.6203  data: 0.0003  max mem: 2933
[23:48:04.288726] Epoch: [18]  [40/66]  lr: 0.000930  loss: 0.7426 (0.7821)  eta: 0:00:15  time: 0.5867  data: 0.0002  max mem: 2933
[23:48:16.759239] Epoch: [18]  [60/66]  lr: 0.000945  loss: 0.7507 (0.7736)  eta: 0:00:03  time: 0.6235  data: 0.0002  max mem: 2933
[23:48:19.292344] Epoch: [18]  [65/66]  lr: 0.000949  loss: 0.7464 (0.7754)  eta: 0:00:00  time: 0.5944  data: 0.0002  max mem: 2933
[23:48:19.397929] Epoch: [18] Total time: 0:00:40 (0.6079 s / it)
[23:48:19.398069] Averaged stats: lr: 0.000949  loss: 0.7464 (0.7754)
/home/nvidia/netmambaplus-reproduction/upstream/NetMambaPlus/src/engine_mm.py:220: FutureWarning: `torch.cuda.amp.autocast(args...)` is deprecated. Please use `torch.amp.autocast('cuda', args...)` instead.
  with torch.cuda.amp.autocast():
[23:48:19.825815] Test:  [0/9]  loss: 0.3647 (0.3647)  acc1: 0.8906 (0.8906)  acc3: 0.9922 (0.9922)  eta: 0:00:03  time: 0.4227  data: 0.2752  max mem: 2933
[23:48:20.815349] Test:  [8/9]  loss: 0.4907 (0.5221)  acc1: 0.8281 (0.8365)  acc3: 0.9922 (0.9904)  eta: 0:00:00  time: 0.1569  data: 0.0307  max mem: 2933
[23:48:20.926680] Test: Total time: 0:00:01 (0.1695 s / it)
[23:48:20.994695] * Acc@1 0.8365 Acc@3 0.9904 loss 0.5221
[23:48:20.994756] * Pre 0.8474 Rec 0.8365 F1 0.8378
[23:48:21.053386] Accuracy of the network on test samples: 0.8365
[23:48:21.054005] F1 of the network on test samples: 0.8378
[23:48:21.054014] Max Accuracy: 0.8365
[23:48:21.054023] Max F1: 0.8378
[23:48:21.056571] log_dir: /home/nvidia/netmambaplus-reproduction/runs/ciciot-ft-seed2/logs
[23:48:21.907040] Epoch: [19]  [ 0/66]  lr: 0.000950  loss: 0.7564 (0.7564)  eta: 0:00:55  time: 0.8477  data: 0.2107  max mem: 2933
[23:48:34.415700] Epoch: [19]  [20/66]  lr: 0.000965  loss: 0.7792 (0.7909)  eta: 0:00:29  time: 0.6254  data: 0.0002  max mem: 2933
[23:48:45.334051] Epoch: [19]  [40/66]  lr: 0.000980  loss: 0.7395 (0.7681)  eta: 0:00:15  time: 0.5459  data: 0.0002  max mem: 2933
[23:48:57.777924] Epoch: [19]  [60/66]  lr: 0.000995  loss: 0.7696 (0.7699)  eta: 0:00:03  time: 0.6221  data: 0.0002  max mem: 2933
[23:49:00.292238] Epoch: [19]  [65/66]  lr: 0.000999  loss: 0.7634 (0.7673)  eta: 0:00:00  time: 0.5925  data: 0.0002  max mem: 2933
[23:49:00.421282] Epoch: [19] Total time: 0:00:39 (0.5964 s / it)
[23:49:00.421368] Averaged stats: lr: 0.000999  loss: 0.7634 (0.7673)
/home/nvidia/netmambaplus-reproduction/upstream/NetMambaPlus/src/engine_mm.py:220: FutureWarning: `torch.cuda.amp.autocast(args...)` is deprecated. Please use `torch.amp.autocast('cuda', args...)` instead.
  with torch.cuda.amp.autocast():
[23:49:00.833506] Test:  [0/9]  loss: 0.3608 (0.3608)  acc1: 0.8828 (0.8828)  acc3: 0.9844 (0.9844)  eta: 0:00:03  time: 0.4081  data: 0.2597  max mem: 2933
[23:49:01.823532] Test:  [8/9]  loss: 0.3608 (0.5168)  acc1: 0.8750 (0.8125)  acc3: 0.9922 (0.9817)  eta: 0:00:00  time: 0.1553  data: 0.0290  max mem: 2933
[23:49:01.931784] Test: Total time: 0:00:01 (0.1675 s / it)
[23:49:01.999671] * Acc@1 0.8125 Acc@3 0.9817 loss 0.5168
[23:49:01.999738] * Pre 0.8350 Rec 0.8125 F1 0.8090
[23:49:02.001651] Accuracy of the network on test samples: 0.8125
[23:49:02.001661] F1 of the network on test samples: 0.8090
[23:49:02.001667] Max Accuracy: 0.8365
[23:49:02.001672] Max F1: 0.8378
[23:49:02.005380] log_dir: /home/nvidia/netmambaplus-reproduction/runs/ciciot-ft-seed2/logs
[23:49:02.902226] Epoch: [20]  [ 0/66]  lr: 0.001000  loss: 0.8200 (0.8200)  eta: 0:00:59  time: 0.8949  data: 0.2676  max mem: 2933
[23:49:15.308977] Epoch: [20]  [20/66]  lr: 0.001000  loss: 0.7486 (0.7627)  eta: 0:00:29  time: 0.6203  data: 0.0003  max mem: 2933
[23:49:25.999941] Epoch: [20]  [40/66]  lr: 0.001000  loss: 0.7420 (0.7584)  eta: 0:00:15  time: 0.5345  data: 0.0001  max mem: 2933
[23:49:38.444489] Epoch: [20]  [60/66]  lr: 0.001000  loss: 0.7622 (0.7598)  eta: 0:00:03  time: 0.6222  data: 0.0002  max mem: 2933
[23:49:40.945289] Epoch: [20]  [65/66]  lr: 0.001000  loss: 0.7869 (0.7669)  eta: 0:00:00  time: 0.5921  data: 0.0002  max mem: 2933
[23:49:41.054358] Epoch: [20] Total time: 0:00:39 (0.5917 s / it)
[23:49:41.054552] Averaged stats: lr: 0.001000  loss: 0.7869 (0.7669)
/home/nvidia/netmambaplus-reproduction/upstream/NetMambaPlus/src/engine_mm.py:220: FutureWarning: `torch.cuda.amp.autocast(args...)` is deprecated. Please use `torch.amp.autocast('cuda', args...)` instead.
  with torch.cuda.amp.autocast():
[23:49:41.497121] Test:  [0/9]  loss: 0.3188 (0.3188)  acc1: 0.8906 (0.8906)  acc3: 0.9844 (0.9844)  eta: 0:00:03  time: 0.4387  data: 0.2923  max mem: 2933
[23:49:42.489768] Test:  [8/9]  loss: 0.4756 (0.5053)  acc1: 0.8203 (0.8413)  acc3: 0.9922 (0.9817)  eta: 0:00:00  time: 0.1590  data: 0.0326  max mem: 2933
[23:49:42.605413] Test: Total time: 0:00:01 (0.1720 s / it)
[23:49:42.674876] * Acc@1 0.8413 Acc@3 0.9817 loss 0.5053
[23:49:42.674973] * Pre 0.8472 Rec 0.8413 F1 0.8418
[23:49:42.733395] Accuracy of the network on test samples: 0.8413
[23:49:42.733438] F1 of the network on test samples: 0.8418
[23:49:42.733443] Max Accuracy: 0.8413
[23:49:42.733451] Max F1: 0.8418
[23:49:42.737302] log_dir: /home/nvidia/netmambaplus-reproduction/runs/ciciot-ft-seed2/logs
[23:49:43.612560] Epoch: [21]  [ 0/66]  lr: 0.001000  loss: 0.7840 (0.7840)  eta: 0:00:57  time: 0.8723  data: 0.2460  max mem: 2933
[23:49:56.070713] Epoch: [21]  [20/66]  lr: 0.001000  loss: 0.8030 (0.8080)  eta: 0:00:29  time: 0.6229  data: 0.0002  max mem: 2933
[23:50:06.709354] Epoch: [21]  [40/66]  lr: 0.000999  loss: 0.7598 (0.7912)  eta: 0:00:15  time: 0.5319  data: 0.0003  max mem: 2933
[23:50:19.413591] Epoch: [21]  [60/66]  lr: 0.000999  loss: 0.7767 (0.7835)  eta: 0:00:03  time: 0.6352  data: 0.0002  max mem: 2933
[23:50:21.995848] Epoch: [21]  [65/66]  lr: 0.000999  loss: 0.7497 (0.7751)  eta: 0:00:00  time: 0.6070  data: 0.0002  max mem: 2933
[23:50:22.102433] Epoch: [21] Total time: 0:00:39 (0.5964 s / it)
[23:50:22.102544] Averaged stats: lr: 0.000999  loss: 0.7497 (0.7751)
/home/nvidia/netmambaplus-reproduction/upstream/NetMambaPlus/src/engine_mm.py:220: FutureWarning: `torch.cuda.amp.autocast(args...)` is deprecated. Please use `torch.amp.autocast('cuda', args...)` instead.
  with torch.cuda.amp.autocast():
[23:50:22.528906] Test:  [0/9]  loss: 0.4402 (0.4402)  acc1: 0.8828 (0.8828)  acc3: 0.9844 (0.9844)  eta: 0:00:03  time: 0.4217  data: 0.2778  max mem: 2933
[23:50:23.554842] Test:  [8/9]  loss: 0.4363 (0.4921)  acc1: 0.8750 (0.8317)  acc3: 0.9922 (0.9856)  eta: 0:00:00  time: 0.1608  data: 0.0311  max mem: 2933
[23:50:23.678144] Test: Total time: 0:00:01 (0.1748 s / it)
[23:50:23.756239] * Acc@1 0.8317 Acc@3 0.9856 loss 0.4921
[23:50:23.756299] * Pre 0.8392 Rec 0.8317 F1 0.8271
[23:50:23.758912] Accuracy of the network on test samples: 0.8317
[23:50:23.759466] F1 of the network on test samples: 0.8271
[23:50:23.759473] Max Accuracy: 0.8413
[23:50:23.759481] Max F1: 0.8418
[23:50:23.763183] log_dir: /home/nvidia/netmambaplus-reproduction/runs/ciciot-ft-seed2/logs
[23:50:24.672212] Epoch: [22]  [ 0/66]  lr: 0.000999  loss: 0.8636 (0.8636)  eta: 0:00:59  time: 0.9066  data: 0.2493  max mem: 2933
[23:50:37.498151] Epoch: [22]  [20/66]  lr: 0.000999  loss: 0.7529 (0.7752)  eta: 0:00:30  time: 0.6412  data: 0.0003  max mem: 2933
[23:50:48.166867] Epoch: [22]  [40/66]  lr: 0.000998  loss: 0.7527 (0.7639)  eta: 0:00:15  time: 0.5334  data: 0.0002  max mem: 2933
[23:51:00.878719] Epoch: [22]  [60/66]  lr: 0.000998  loss: 0.7476 (0.7608)  eta: 0:00:03  time: 0.6355  data: 0.0002  max mem: 2933
[23:51:03.466635] Epoch: [22]  [65/66]  lr: 0.000998  loss: 0.7334 (0.7542)  eta: 0:00:00  time: 0.6070  data: 0.0002  max mem: 2933
[23:51:03.593053] Epoch: [22] Total time: 0:00:39 (0.6035 s / it)
[23:51:03.593154] Averaged stats: lr: 0.000998  loss: 0.7334 (0.7542)
/home/nvidia/netmambaplus-reproduction/upstream/NetMambaPlus/src/engine_mm.py:220: FutureWarning: `torch.cuda.amp.autocast(args...)` is deprecated. Please use `torch.amp.autocast('cuda', args...)` instead.
  with torch.cuda.amp.autocast():
[23:51:04.036789] Test:  [0/9]  loss: 0.4189 (0.4189)  acc1: 0.8828 (0.8828)  acc3: 0.9922 (0.9922)  eta: 0:00:03  time: 0.4363  data: 0.2892  max mem: 2933
[23:51:05.056226] Test:  [8/9]  loss: 0.4639 (0.4766)  acc1: 0.8359 (0.8481)  acc3: 0.9922 (0.9856)  eta: 0:00:00  time: 0.1617  data: 0.0324  max mem: 2933
[23:51:05.165931] Test: Total time: 0:00:01 (0.1745 s / it)
[23:51:05.236029] * Acc@1 0.8481 Acc@3 0.9856 loss 0.4766
[23:51:05.236109] * Pre 0.8554 Rec 0.8481 F1 0.8488
[23:51:05.295875] Accuracy of the network on test samples: 0.8481
[23:51:05.296535] F1 of the network on test samples: 0.8488
[23:51:05.296544] Max Accuracy: 0.8481
[23:51:05.296552] Max F1: 0.8488
[23:51:05.299322] log_dir: /home/nvidia/netmambaplus-reproduction/runs/ciciot-ft-seed2/logs
[23:51:06.178307] Epoch: [23]  [ 0/66]  lr: 0.000998  loss: 0.7048 (0.7048)  eta: 0:00:57  time: 0.8760  data: 0.2398  max mem: 2933
[23:51:18.849204] Epoch: [23]  [20/66]  lr: 0.000997  loss: 0.7376 (0.7458)  eta: 0:00:29  time: 0.6335  data: 0.0003  max mem: 2933
[23:51:29.647573] Epoch: [23]  [40/66]  lr: 0.000997  loss: 0.7468 (0.7578)  eta: 0:00:15  time: 0.5398  data: 0.0002  max mem: 2933
[23:51:42.418820] Epoch: [23]  [60/66]  lr: 0.000996  loss: 0.7408 (0.7554)  eta: 0:00:03  time: 0.6385  data: 0.0003  max mem: 2933
[23:51:44.988076] Epoch: [23]  [65/66]  lr: 0.000996  loss: 0.7408 (0.7519)  eta: 0:00:00  time: 0.6072  data: 0.0003  max mem: 2933
[23:51:45.114588] Epoch: [23] Total time: 0:00:39 (0.6033 s / it)
[23:51:45.115270] Averaged stats: lr: 0.000996  loss: 0.7408 (0.7519)
/home/nvidia/netmambaplus-reproduction/upstream/NetMambaPlus/src/engine_mm.py:220: FutureWarning: `torch.cuda.amp.autocast(args...)` is deprecated. Please use `torch.amp.autocast('cuda', args...)` instead.
  with torch.cuda.amp.autocast():
[23:51:45.558897] Test:  [0/9]  loss: 0.3662 (0.3662)  acc1: 0.8828 (0.8828)  acc3: 0.9844 (0.9844)  eta: 0:00:03  time: 0.4388  data: 0.2932  max mem: 2933
[23:51:46.565940] Test:  [8/9]  loss: 0.5273 (0.4659)  acc1: 0.8281 (0.8452)  acc3: 0.9922 (0.9875)  eta: 0:00:00  time: 0.1605  data: 0.0328  max mem: 2933
[23:51:46.677145] Test: Total time: 0:00:01 (0.1733 s / it)
[23:51:46.748420] * Acc@1 0.8452 Acc@3 0.9875 loss 0.4659
[23:51:46.748491] * Pre 0.8608 Rec 0.8452 F1 0.8471
[23:51:46.750316] Accuracy of the network on test samples: 0.8452
[23:51:46.750885] F1 of the network on test samples: 0.8471
[23:51:46.750893] Max Accuracy: 0.8481
[23:51:46.750926] Max F1: 0.8488
[23:51:46.754231] log_dir: /home/nvidia/netmambaplus-reproduction/runs/ciciot-ft-seed2/logs
[23:51:47.645542] Epoch: [24]  [ 0/66]  lr: 0.000996  loss: 0.6581 (0.6581)  eta: 0:00:58  time: 0.8890  data: 0.2491  max mem: 2933
[23:52:00.349728] Epoch: [24]  [20/66]  lr: 0.000995  loss: 0.7463 (0.7348)  eta: 0:00:29  time: 0.6351  data: 0.0003  max mem: 2933
[23:52:11.672794] Epoch: [24]  [40/66]  lr: 0.000995  loss: 0.7541 (0.7470)  eta: 0:00:15  time: 0.5661  data: 0.0003  max mem: 2933
[23:52:24.182673] Epoch: [24]  [60/66]  lr: 0.000994  loss: 0.7424 (0.7498)  eta: 0:00:03  time: 0.6254  data: 0.0002  max mem: 2933
[23:52:26.685261] Epoch: [24]  [65/66]  lr: 0.000994  loss: 0.7505 (0.7475)  eta: 0:00:00  time: 0.5938  data: 0.0002  max mem: 2933
[23:52:26.812582] Epoch: [24] Total time: 0:00:40 (0.6069 s / it)
[23:52:26.812681] Averaged stats: lr: 0.000994  loss: 0.7505 (0.7475)
/home/nvidia/netmambaplus-reproduction/upstream/NetMambaPlus/src/engine_mm.py:220: FutureWarning: `torch.cuda.amp.autocast(args...)` is deprecated. Please use `torch.amp.autocast('cuda', args...)` instead.
  with torch.cuda.amp.autocast():
[23:52:27.239394] Test:  [0/9]  loss: 0.4177 (0.4177)  acc1: 0.8828 (0.8828)  acc3: 0.9766 (0.9766)  eta: 0:00:03  time: 0.4219  data: 0.2729  max mem: 2933
[23:52:28.224328] Test:  [8/9]  loss: 0.4861 (0.4632)  acc1: 0.8359 (0.8433)  acc3: 0.9844 (0.9788)  eta: 0:00:00  time: 0.1562  data: 0.0304  max mem: 2933
[23:52:28.342050] Test: Total time: 0:00:01 (0.1697 s / it)
[23:52:28.409280] * Acc@1 0.8433 Acc@3 0.9788 loss 0.4632
[23:52:28.409395] * Pre 0.8486 Rec 0.8433 F1 0.8438
[23:52:28.411227] Accuracy of the network on test samples: 0.8433
[23:52:28.411240] F1 of the network on test samples: 0.8438
[23:52:28.411249] Max Accuracy: 0.8481
[23:52:28.411257] Max F1: 0.8488
[23:52:28.415041] log_dir: /home/nvidia/netmambaplus-reproduction/runs/ciciot-ft-seed2/logs
[23:52:29.305931] Epoch: [25]  [ 0/66]  lr: 0.000994  loss: 0.8294 (0.8294)  eta: 0:00:58  time: 0.8875  data: 0.2652  max mem: 2933
[23:52:41.837028] Epoch: [25]  [20/66]  lr: 0.000993  loss: 0.7799 (0.7734)  eta: 0:00:29  time: 0.6265  data: 0.0002  max mem: 2933
[23:52:53.792682] Epoch: [25]  [40/66]  lr: 0.000992  loss: 0.7433 (0.7627)  eta: 0:00:16  time: 0.5977  data: 0.0003  max mem: 2933
[23:53:05.487706] Epoch: [25]  [60/66]  lr: 0.000991  loss: 0.7335 (0.7553)  eta: 0:00:03  time: 0.5847  data: 0.0002  max mem: 2933
[23:53:08.040194] Epoch: [25]  [65/66]  lr: 0.000991  loss: 0.7195 (0.7506)  eta: 0:00:00  time: 0.5981  data: 0.0002  max mem: 2933
[23:53:08.162430] Epoch: [25] Total time: 0:00:39 (0.6022 s / it)
[23:53:08.162564] Averaged stats: lr: 0.000991  loss: 0.7195 (0.7506)
/home/nvidia/netmambaplus-reproduction/upstream/NetMambaPlus/src/engine_mm.py:220: FutureWarning: `torch.cuda.amp.autocast(args...)` is deprecated. Please use `torch.amp.autocast('cuda', args...)` instead.
  with torch.cuda.amp.autocast():
[23:53:08.549548] Test:  [0/9]  loss: 0.3765 (0.3765)  acc1: 0.8828 (0.8828)  acc3: 0.9766 (0.9766)  eta: 0:00:03  time: 0.3793  data: 0.2303  max mem: 2933
[23:53:09.556300] Test:  [8/9]  loss: 0.4050 (0.4568)  acc1: 0.8750 (0.8394)  acc3: 0.9844 (0.9837)  eta: 0:00:00  time: 0.1539  data: 0.0258  max mem: 2933
[23:53:09.675828] Test: Total time: 0:00:01 (0.1679 s / it)
[23:53:10.693079] * Acc@1 0.8394 Acc@3 0.9837 loss 0.4568
[23:53:10.693180] * Pre 0.8479 Rec 0.8394 F1 0.8362
[23:53:10.694556] Accuracy of the network on test samples: 0.8394
[23:53:10.694568] F1 of the network on test samples: 0.8362
[23:53:10.694574] Max Accuracy: 0.8481
[23:53:10.694580] Max F1: 0.8488
[23:53:10.697728] log_dir: /home/nvidia/netmambaplus-reproduction/runs/ciciot-ft-seed2/logs
[23:53:11.602168] Epoch: [26]  [ 0/66]  lr: 0.000991  loss: 0.7307 (0.7307)  eta: 0:00:59  time: 0.9019  data: 0.2687  max mem: 2933
[23:53:24.145595] Epoch: [26]  [20/66]  lr: 0.000990  loss: 0.7547 (0.7688)  eta: 0:00:29  time: 0.6271  data: 0.0003  max mem: 2933
[23:53:36.249704] Epoch: [26]  [40/66]  lr: 0.000989  loss: 0.7515 (0.7575)  eta: 0:00:16  time: 0.6052  data: 0.0002  max mem: 2933
[23:53:46.884409] Epoch: [26]  [60/66]  lr: 0.000988  loss: 0.7294 (0.7513)  eta: 0:00:03  time: 0.5317  data: 0.0002  max mem: 2933
[23:53:49.404350] Epoch: [26]  [65/66]  lr: 0.000988  loss: 0.7294 (0.7465)  eta: 0:00:00  time: 0.5853  data: 0.0003  max mem: 2933
[23:53:49.522349] Epoch: [26] Total time: 0:00:38 (0.5883 s / it)
[23:53:49.522503] Averaged stats: lr: 0.000988  loss: 0.7294 (0.7465)
/home/nvidia/netmambaplus-reproduction/upstream/NetMambaPlus/src/engine_mm.py:220: FutureWarning: `torch.cuda.amp.autocast(args...)` is deprecated. Please use `torch.amp.autocast('cuda', args...)` instead.
  with torch.cuda.amp.autocast():
[23:53:49.909518] Test:  [0/9]  loss: 0.4036 (0.4036)  acc1: 0.8906 (0.8906)  acc3: 0.9844 (0.9844)  eta: 0:00:03  time: 0.3813  data: 0.2343  max mem: 2933
[23:53:50.906663] Test:  [8/9]  loss: 0.4202 (0.4696)  acc1: 0.8359 (0.8413)  acc3: 0.9844 (0.9798)  eta: 0:00:00  time: 0.1531  data: 0.0264  max mem: 2933
[23:53:51.024858] Test: Total time: 0:00:01 (0.1666 s / it)
[23:53:51.095572] * Acc@1 0.8413 Acc@3 0.9798 loss 0.4696
[23:53:51.095652] * Pre 0.8463 Rec 0.8413 F1 0.8416
[23:53:51.097804] Accuracy of the network on test samples: 0.8413
[23:53:51.097828] F1 of the network on test samples: 0.8416
[23:53:51.097838] Max Accuracy: 0.8481
[23:53:51.097847] Max F1: 0.8488
[23:53:51.102430] log_dir: /home/nvidia/netmambaplus-reproduction/runs/ciciot-ft-seed2/logs
[23:53:51.986912] Epoch: [27]  [ 0/66]  lr: 0.000988  loss: 0.7066 (0.7066)  eta: 0:00:58  time: 0.8815  data: 0.2445  max mem: 2933
[23:54:04.442748] Epoch: [27]  [20/66]  lr: 0.000987  loss: 0.7389 (0.7385)  eta: 0:00:29  time: 0.6227  data: 0.0002  max mem: 2933
[23:54:16.871030] Epoch: [27]  [40/66]  lr: 0.000986  loss: 0.7471 (0.7400)  eta: 0:00:16  time: 0.6214  data: 0.0003  max mem: 2933
[23:54:28.508073] Epoch: [27]  [60/66]  lr: 0.000985  loss: 0.7187 (0.7382)  eta: 0:00:03  time: 0.5818  data: 0.0002  max mem: 2933
[23:54:31.020257] Epoch: [27]  [65/66]  lr: 0.000984  loss: 0.7470 (0.7498)  eta: 0:00:00  time: 0.5774  data: 0.0002  max mem: 2933
[23:54:31.127851] Epoch: [27] Total time: 0:00:40 (0.6064 s / it)
[23:54:31.128117] Averaged stats: lr: 0.000984  loss: 0.7470 (0.7498)
/home/nvidia/netmambaplus-reproduction/upstream/NetMambaPlus/src/engine_mm.py:220: FutureWarning: `torch.cuda.amp.autocast(args...)` is deprecated. Please use `torch.amp.autocast('cuda', args...)` instead.
  with torch.cuda.amp.autocast():
[23:54:31.554384] Test:  [0/9]  loss: 0.3105 (0.3105)  acc1: 0.8906 (0.8906)  acc3: 0.9844 (0.9844)  eta: 0:00:03  time: 0.4221  data: 0.2772  max mem: 2933
[23:54:32.549217] Test:  [8/9]  loss: 0.4707 (0.4698)  acc1: 0.8203 (0.8490)  acc3: 0.9844 (0.9827)  eta: 0:00:00  time: 0.1574  data: 0.0311  max mem: 2933
[23:54:32.657509] Test: Total time: 0:00:01 (0.1697 s / it)
[23:54:32.726322] * Acc@1 0.8490 Acc@3 0.9827 loss 0.4698
[23:54:32.726401] * Pre 0.8559 Rec 0.8490 F1 0.8498
[23:54:32.783238] Accuracy of the network on test samples: 0.8490
[23:54:32.784552] F1 of the network on test samples: 0.8498
[23:54:32.784595] Max Accuracy: 0.8490
[23:54:32.784605] Max F1: 0.8498
[23:54:32.787549] log_dir: /home/nvidia/netmambaplus-reproduction/runs/ciciot-ft-seed2/logs
[23:54:33.701482] Epoch: [28]  [ 0/66]  lr: 0.000984  loss: 0.7107 (0.7107)  eta: 0:01:00  time: 0.9115  data: 0.2772  max mem: 2933
[23:54:46.293848] Epoch: [28]  [20/66]  lr: 0.000983  loss: 0.7538 (0.7596)  eta: 0:00:29  time: 0.6296  data: 0.0002  max mem: 2933
[23:54:58.911024] Epoch: [28]  [40/66]  lr: 0.000982  loss: 0.7474 (0.7552)  eta: 0:00:16  time: 0.6308  data: 0.0002  max mem: 2933
[23:55:10.871366] Epoch: [28]  [60/66]  lr: 0.000981  loss: 0.7623 (0.7643)  eta: 0:00:03  time: 0.5979  data: 0.0004  max mem: 2933
[23:55:13.538431] Epoch: [28]  [65/66]  lr: 0.000980  loss: 0.7623 (0.7614)  eta: 0:00:00  time: 0.5918  data: 0.0005  max mem: 2933
[23:55:13.670630] Epoch: [28] Total time: 0:00:40 (0.6194 s / it)
[23:55:13.670736] Averaged stats: lr: 0.000980  loss: 0.7623 (0.7614)
/home/nvidia/netmambaplus-reproduction/upstream/NetMambaPlus/src/engine_mm.py:220: FutureWarning: `torch.cuda.amp.autocast(args...)` is deprecated. Please use `torch.amp.autocast('cuda', args...)` instead.
  with torch.cuda.amp.autocast():
[23:55:14.118481] Test:  [0/9]  loss: 0.3281 (0.3281)  acc1: 0.8906 (0.8906)  acc3: 0.9844 (0.9844)  eta: 0:00:03  time: 0.4434  data: 0.2862  max mem: 2933
[23:55:15.154994] Test:  [8/9]  loss: 0.3914 (0.4907)  acc1: 0.8750 (0.8394)  acc3: 0.9922 (0.9769)  eta: 0:00:00  time: 0.1643  data: 0.0320  max mem: 2933
[23:55:15.310624] Test: Total time: 0:00:01 (0.1819 s / it)
[23:55:15.393155] * Acc@1 0.8394 Acc@3 0.9769 loss 0.4907
[23:55:15.393222] * Pre 0.8493 Rec 0.8394 F1 0.8340
[23:55:15.395972] Accuracy of the network on test samples: 0.8394
[23:55:15.396620] F1 of the network on test samples: 0.8340
[23:55:15.396631] Max Accuracy: 0.8490
[23:55:15.396648] Max F1: 0.8498
[23:55:15.404340] log_dir: /home/nvidia/netmambaplus-reproduction/runs/ciciot-ft-seed2/logs
[23:55:16.410721] Epoch: [29]  [ 0/66]  lr: 0.000980  loss: 0.8370 (0.8370)  eta: 0:01:06  time: 1.0024  data: 0.3087  max mem: 2933
[23:55:29.789270] Epoch: [29]  [20/66]  lr: 0.000979  loss: 0.7602 (0.7668)  eta: 0:00:31  time: 0.6688  data: 0.0008  max mem: 2933
[23:55:42.624451] Epoch: [29]  [40/66]  lr: 0.000977  loss: 0.7249 (0.7526)  eta: 0:00:17  time: 0.6417  data: 0.0003  max mem: 2933
[23:55:54.177725] Epoch: [29]  [60/66]  lr: 0.000976  loss: 0.7082 (0.7453)  eta: 0:00:03  time: 0.5776  data: 0.0002  max mem: 2933
[23:55:56.738095] Epoch: [29]  [65/66]  lr: 0.000976  loss: 0.7134 (0.7611)  eta: 0:00:00  time: 0.5584  data: 0.0002  max mem: 2933
[23:55:56.865322] Epoch: [29] Total time: 0:00:41 (0.6282 s / it)
[23:55:56.865606] Averaged stats: lr: 0.000976  loss: 0.7134 (0.7611)
/home/nvidia/netmambaplus-reproduction/upstream/NetMambaPlus/src/engine_mm.py:220: FutureWarning: `torch.cuda.amp.autocast(args...)` is deprecated. Please use `torch.amp.autocast('cuda', args...)` instead.
  with torch.cuda.amp.autocast():
[23:55:57.281673] Test:  [0/9]  loss: 0.2491 (0.2491)  acc1: 0.8828 (0.8828)  acc3: 0.9922 (0.9922)  eta: 0:00:03  time: 0.4108  data: 0.2667  max mem: 2933
[23:55:58.294741] Test:  [8/9]  loss: 0.4590 (0.5277)  acc1: 0.8828 (0.8327)  acc3: 0.9922 (0.9846)  eta: 0:00:00  time: 0.1581  data: 0.0298  max mem: 2933
[23:55:58.421131] Test: Total time: 0:00:01 (0.1725 s / it)
[23:55:58.491304] * Acc@1 0.8327 Acc@3 0.9846 loss 0.5277
[23:55:58.491409] * Pre 0.8459 Rec 0.8327 F1 0.8304
[23:55:58.492872] Accuracy of the network on test samples: 0.8327
[23:55:58.493510] F1 of the network on test samples: 0.8304
[23:55:58.493557] Max Accuracy: 0.8490
[23:55:58.493567] Max F1: 0.8498
[23:55:58.496499] log_dir: /home/nvidia/netmambaplus-reproduction/runs/ciciot-ft-seed2/logs
[23:55:59.371157] Epoch: [30]  [ 0/66]  lr: 0.000976  loss: 0.8529 (0.8529)  eta: 0:00:57  time: 0.8716  data: 0.2302  max mem: 2933
[23:56:12.199025] Epoch: [30]  [20/66]  lr: 0.000974  loss: 0.7550 (0.7930)  eta: 0:00:30  time: 0.6413  data: 0.0003  max mem: 2933
[23:56:24.957563] Epoch: [30]  [40/66]  lr: 0.000973  loss: 0.7489 (0.7726)  eta: 0:00:16  time: 0.6379  data: 0.0003  max mem: 2933
[23:56:36.286397] Epoch: [30]  [60/66]  lr: 0.000971  loss: 0.7450 (0.7616)  eta: 0:00:03  time: 0.5664  data: 0.0003  max mem: 2933
[23:56:38.860004] Epoch: [30]  [65/66]  lr: 0.000971  loss: 0.7511 (0.7568)  eta: 0:00:00  time: 0.5445  data: 0.0003  max mem: 2933
[23:56:38.972393] Epoch: [30] Total time: 0:00:40 (0.6133 s / it)
[23:56:38.972533] Averaged stats: lr: 0.000971  loss: 0.7511 (0.7568)
/home/nvidia/netmambaplus-reproduction/upstream/NetMambaPlus/src/engine_mm.py:220: FutureWarning: `torch.cuda.amp.autocast(args...)` is deprecated. Please use `torch.amp.autocast('cuda', args...)` instead.
  with torch.cuda.amp.autocast():
[23:56:39.405687] Test:  [0/9]  loss: 0.3110 (0.3110)  acc1: 0.8906 (0.8906)  acc3: 0.9922 (0.9922)  eta: 0:00:03  time: 0.4279  data: 0.2840  max mem: 2933
[23:56:40.408727] Test:  [8/9]  loss: 0.4006 (0.4482)  acc1: 0.8750 (0.8452)  acc3: 0.9922 (0.9894)  eta: 0:00:00  time: 0.1589  data: 0.0317  max mem: 2933
[23:56:40.513551] Test: Total time: 0:00:01 (0.1709 s / it)
[23:56:40.594315] * Acc@1 0.8452 Acc@3 0.9894 loss 0.4482
[23:56:40.594385] * Pre 0.8536 Rec 0.8452 F1 0.8410
[23:56:40.596298] Accuracy of the network on test samples: 0.8452
[23:56:40.597088] F1 of the network on test samples: 0.8410
[23:56:40.597098] Max Accuracy: 0.8490
[23:56:40.597108] Max F1: 0.8498
[23:56:40.601638] log_dir: /home/nvidia/netmambaplus-reproduction/runs/ciciot-ft-seed2/logs
[23:56:41.524976] Epoch: [31]  [ 0/66]  lr: 0.000970  loss: 0.8005 (0.8005)  eta: 0:01:00  time: 0.9203  data: 0.2821  max mem: 2933
[23:56:54.318012] Epoch: [31]  [20/66]  lr: 0.000969  loss: 0.7326 (0.7523)  eta: 0:00:30  time: 0.6396  data: 0.0004  max mem: 2933
[23:57:06.978046] Epoch: [31]  [40/66]  lr: 0.000967  loss: 0.7241 (0.7407)  eta: 0:00:16  time: 0.6329  data: 0.0003  max mem: 2933
[23:57:18.460660] Epoch: [31]  [60/66]  lr: 0.000965  loss: 0.7280 (0.7371)  eta: 0:00:03  time: 0.5740  data: 0.0002  max mem: 2933
[23:57:20.979487] Epoch: [31]  [65/66]  lr: 0.000965  loss: 0.7211 (0.7378)  eta: 0:00:00  time: 0.5401  data: 0.0002  max mem: 2933
[23:57:21.099132] Epoch: [31] Total time: 0:00:40 (0.6136 s / it)
[23:57:21.099235] Averaged stats: lr: 0.000965  loss: 0.7211 (0.7378)
/home/nvidia/netmambaplus-reproduction/upstream/NetMambaPlus/src/engine_mm.py:220: FutureWarning: `torch.cuda.amp.autocast(args...)` is deprecated. Please use `torch.amp.autocast('cuda', args...)` instead.
  with torch.cuda.amp.autocast():
[23:57:21.511316] Test:  [0/9]  loss: 0.3171 (0.3171)  acc1: 0.8906 (0.8906)  acc3: 0.9922 (0.9922)  eta: 0:00:03  time: 0.4080  data: 0.2589  max mem: 2933
[23:57:22.513176] Test:  [8/9]  loss: 0.4194 (0.4454)  acc1: 0.7969 (0.8433)  acc3: 1.0000 (0.9923)  eta: 0:00:00  time: 0.1566  data: 0.0289  max mem: 2933
[23:57:22.627729] Test: Total time: 0:00:01 (0.1695 s / it)
[23:57:22.697821] * Acc@1 0.8433 Acc@3 0.9923 loss 0.4454
[23:57:22.697897] * Pre 0.8548 Rec 0.8433 F1 0.8449
[23:57:22.700018] Accuracy of the network on test samples: 0.8433
[23:57:22.701060] F1 of the network on test samples: 0.8449
[23:57:22.701094] Max Accuracy: 0.8490
[23:57:22.701109] Max F1: 0.8498
[23:57:22.703886] log_dir: /home/nvidia/netmambaplus-reproduction/runs/ciciot-ft-seed2/logs
[23:57:23.568024] Epoch: [32]  [ 0/66]  lr: 0.000965  loss: 0.6647 (0.6647)  eta: 0:00:56  time: 0.8612  data: 0.2278  max mem: 2933
[23:57:36.104719] Epoch: [32]  [20/66]  lr: 0.000963  loss: 0.7074 (0.7214)  eta: 0:00:29  time: 0.6268  data: 0.0003  max mem: 2933
[23:57:48.633711] Epoch: [32]  [40/66]  lr: 0.000961  loss: 0.7363 (0.7337)  eta: 0:00:16  time: 0.6264  data: 0.0002  max mem: 2933
[23:58:00.045676] Epoch: [32]  [60/66]  lr: 0.000959  loss: 0.6976 (0.7294)  eta: 0:00:03  time: 0.5705  data: 0.0002  max mem: 2933
[23:58:02.581558] Epoch: [32]  [65/66]  lr: 0.000959  loss: 0.7247 (0.7307)  eta: 0:00:00  time: 0.5400  data: 0.0002  max mem: 2933
[23:58:02.699975] Epoch: [32] Total time: 0:00:39 (0.6060 s / it)
[23:58:02.700211] Averaged stats: lr: 0.000959  loss: 0.7247 (0.7307)
/home/nvidia/netmambaplus-reproduction/upstream/NetMambaPlus/src/engine_mm.py:220: FutureWarning: `torch.cuda.amp.autocast(args...)` is deprecated. Please use `torch.amp.autocast('cuda', args...)` instead.
  with torch.cuda.amp.autocast():
[23:58:03.090205] Test:  [0/9]  loss: 0.3884 (0.3884)  acc1: 0.8828 (0.8828)  acc3: 0.9922 (0.9922)  eta: 0:00:03  time: 0.3832  data: 0.2394  max mem: 2933
[23:58:04.078438] Test:  [8/9]  loss: 0.4124 (0.4602)  acc1: 0.8125 (0.8471)  acc3: 0.9922 (0.9875)  eta: 0:00:00  time: 0.1523  data: 0.0267  max mem: 2933
[23:58:04.187695] Test: Total time: 0:00:01 (0.1650 s / it)
[23:58:04.255192] * Acc@1 0.8471 Acc@3 0.9875 loss 0.4602
[23:58:04.255311] * Pre 0.8552 Rec 0.8471 F1 0.8481
[23:58:04.257856] Accuracy of the network on test samples: 0.8471
[23:58:04.258857] F1 of the network on test samples: 0.8481
[23:58:04.259098] Max Accuracy: 0.8490
[23:58:04.259117] Max F1: 0.8498
[23:58:04.261795] log_dir: /home/nvidia/netmambaplus-reproduction/runs/ciciot-ft-seed2/logs
[23:58:05.157343] Epoch: [33]  [ 0/66]  lr: 0.000959  loss: 0.6770 (0.6770)  eta: 0:00:58  time: 0.8928  data: 0.2668  max mem: 2933
[23:58:17.704516] Epoch: [33]  [20/66]  lr: 0.000957  loss: 0.7337 (0.7346)  eta: 0:00:29  time: 0.6273  data: 0.0002  max mem: 2933
[23:58:30.259715] Epoch: [33]  [40/66]  lr: 0.000955  loss: 0.7512 (0.7451)  eta: 0:00:16  time: 0.6277  data: 0.0002  max mem: 2933
[23:58:41.704598] Epoch: [33]  [60/66]  lr: 0.000953  loss: 0.6947 (0.7316)  eta: 0:00:03  time: 0.5722  data: 0.0003  max mem: 2933
[23:58:44.229371] Epoch: [33]  [65/66]  lr: 0.000953  loss: 0.7037 (0.7381)  eta: 0:00:00  time: 0.5419  data: 0.0003  max mem: 2933
[23:58:44.354128] Epoch: [33] Total time: 0:00:40 (0.6075 s / it)
[23:58:44.354230] Averaged stats: lr: 0.000953  loss: 0.7037 (0.7381)
/home/nvidia/netmambaplus-reproduction/upstream/NetMambaPlus/src/engine_mm.py:220: FutureWarning: `torch.cuda.amp.autocast(args...)` is deprecated. Please use `torch.amp.autocast('cuda', args...)` instead.
  with torch.cuda.amp.autocast():
[23:58:44.723094] Test:  [0/9]  loss: 0.3564 (0.3564)  acc1: 0.8984 (0.8984)  acc3: 0.9922 (0.9922)  eta: 0:00:03  time: 0.3617  data: 0.2176  max mem: 2933
[23:58:45.709031] Test:  [8/9]  loss: 0.4634 (0.4590)  acc1: 0.8438 (0.8548)  acc3: 0.9922 (0.9885)  eta: 0:00:00  time: 0.1497  data: 0.0243  max mem: 2933
[23:58:45.829973] Test: Total time: 0:00:01 (0.1637 s / it)
[23:58:45.898343] * Acc@1 0.8548 Acc@3 0.9885 loss 0.4590
[23:58:45.898441] * Pre 0.8604 Rec 0.8548 F1 0.8553
[23:58:45.986417] Accuracy of the network on test samples: 0.8548
[23:58:45.987140] F1 of the network on test samples: 0.8553
[23:58:45.987160] Max Accuracy: 0.8548
[23:58:45.987335] Max F1: 0.8553
[23:58:45.989865] log_dir: /home/nvidia/netmambaplus-reproduction/runs/ciciot-ft-seed2/logs
[23:58:46.906151] Epoch: [34]  [ 0/66]  lr: 0.000952  loss: 0.7562 (0.7562)  eta: 0:01:00  time: 0.9129  data: 0.2699  max mem: 2933
[23:58:59.348875] Epoch: [34]  [20/66]  lr: 0.000950  loss: 0.7536 (0.7537)  eta: 0:00:29  time: 0.6221  data: 0.0002  max mem: 2933
[23:59:11.798459] Epoch: [34]  [40/66]  lr: 0.000948  loss: 0.7248 (0.7479)  eta: 0:00:16  time: 0.6224  data: 0.0003  max mem: 2933
[23:59:23.209618] Epoch: [34]  [60/66]  lr: 0.000946  loss: 0.7252 (0.7415)  eta: 0:00:03  time: 0.5705  data: 0.0003  max mem: 2933
[23:59:25.739671] Epoch: [34]  [65/66]  lr: 0.000946  loss: 0.7252 (0.7429)  eta: 0:00:00  time: 0.5415  data: 0.0003  max mem: 2933
[23:59:25.870932] Epoch: [34] Total time: 0:00:39 (0.6043 s / it)
[23:59:25.871019] Averaged stats: lr: 0.000946  loss: 0.7252 (0.7429)
/home/nvidia/netmambaplus-reproduction/upstream/NetMambaPlus/src/engine_mm.py:220: FutureWarning: `torch.cuda.amp.autocast(args...)` is deprecated. Please use `torch.amp.autocast('cuda', args...)` instead.
  with torch.cuda.amp.autocast():
[23:59:26.260514] Test:  [0/9]  loss: 0.3677 (0.3677)  acc1: 0.8984 (0.8984)  acc3: 0.9922 (0.9922)  eta: 0:00:03  time: 0.3850  data: 0.2353  max mem: 2933
[23:59:27.255135] Test:  [8/9]  loss: 0.4675 (0.4740)  acc1: 0.8203 (0.8558)  acc3: 0.9922 (0.9837)  eta: 0:00:00  time: 0.1532  data: 0.0263  max mem: 2933
[23:59:27.365618] Test: Total time: 0:00:01 (0.1658 s / it)
[23:59:27.430893] * Acc@1 0.8558 Acc@3 0.9837 loss 0.4740
[23:59:27.430949] * Pre 0.8638 Rec 0.8558 F1 0.8567
[23:59:27.483448] Accuracy of the network on test samples: 0.8558
[23:59:27.484093] F1 of the network on test samples: 0.8567
[23:59:27.484108] Max Accuracy: 0.8558
[23:59:27.484115] Max F1: 0.8567
[23:59:27.486902] log_dir: /home/nvidia/netmambaplus-reproduction/runs/ciciot-ft-seed2/logs
[23:59:28.377051] Epoch: [35]  [ 0/66]  lr: 0.000946  loss: 0.7475 (0.7475)  eta: 0:00:58  time: 0.8872  data: 0.2496  max mem: 2933
[23:59:40.842439] Epoch: [35]  [20/66]  lr: 0.000943  loss: 0.7626 (0.7562)  eta: 0:00:29  time: 0.6232  data: 0.0003  max mem: 2933
[23:59:53.312928] Epoch: [35]  [40/66]  lr: 0.000941  loss: 0.7448 (0.7480)  eta: 0:00:16  time: 0.6235  data: 0.0002  max mem: 2933
[00:00:05.028527] Epoch: [35]  [60/66]  lr: 0.000939  loss: 0.7338 (0.7459)  eta: 0:00:03  time: 0.5857  data: 0.0003  max mem: 2933
[00:00:07.570741] Epoch: [35]  [65/66]  lr: 0.000938  loss: 0.7143 (0.7400)  eta: 0:00:00  time: 0.5566  data: 0.0003  max mem: 2933
[00:00:07.693462] Epoch: [35] Total time: 0:00:40 (0.6092 s / it)
[00:00:07.693587] Averaged stats: lr: 0.000938  loss: 0.7143 (0.7400)
/home/nvidia/netmambaplus-reproduction/upstream/NetMambaPlus/src/engine_mm.py:220: FutureWarning: `torch.cuda.amp.autocast(args...)` is deprecated. Please use `torch.amp.autocast('cuda', args...)` instead.
  with torch.cuda.amp.autocast():
[00:00:08.103212] Test:  [0/9]  loss: 0.3633 (0.3633)  acc1: 0.8906 (0.8906)  acc3: 1.0000 (1.0000)  eta: 0:00:03  time: 0.4043  data: 0.2557  max mem: 2933
[00:00:09.128302] Test:  [8/9]  loss: 0.4304 (0.4511)  acc1: 0.8359 (0.8481)  acc3: 0.9922 (0.9875)  eta: 0:00:00  time: 0.1587  data: 0.0286  max mem: 2933
[00:00:09.247062] Test: Total time: 0:00:01 (0.1723 s / it)
[00:00:09.319619] * Acc@1 0.8481 Acc@3 0.9875 loss 0.4511
[00:00:09.319733] * Pre 0.8569 Rec 0.8481 F1 0.8470
[00:00:09.322067] Accuracy of the network on test samples: 0.8481
[00:00:09.322930] F1 of the network on test samples: 0.8470
[00:00:09.322944] Max Accuracy: 0.8558
[00:00:09.322955] Max F1: 0.8567
[00:00:09.326055] log_dir: /home/nvidia/netmambaplus-reproduction/runs/ciciot-ft-seed2/logs
[00:00:10.217027] Epoch: [36]  [ 0/66]  lr: 0.000938  loss: 0.7211 (0.7211)  eta: 0:00:58  time: 0.8876  data: 0.2454  max mem: 2933
[00:00:23.005015] Epoch: [36]  [20/66]  lr: 0.000936  loss: 0.7309 (0.7358)  eta: 0:00:29  time: 0.6393  data: 0.0003  max mem: 2933
[00:00:35.880124] Epoch: [36]  [40/66]  lr: 0.000934  loss: 0.7161 (0.7333)  eta: 0:00:16  time: 0.6437  data: 0.0002  max mem: 2933
[00:00:47.704793] Epoch: [36]  [60/66]  lr: 0.000931  loss: 0.6960 (0.7288)  eta: 0:00:03  time: 0.5912  data: 0.0003  max mem: 2933
[00:00:50.291376] Epoch: [36]  [65/66]  lr: 0.000931  loss: 0.7345 (0.7315)  eta: 0:00:00  time: 0.5590  data: 0.0003  max mem: 2933
[00:00:50.410474] Epoch: [36] Total time: 0:00:41 (0.6225 s / it)
[00:00:50.410532] Averaged stats: lr: 0.000931  loss: 0.7345 (0.7315)
/home/nvidia/netmambaplus-reproduction/upstream/NetMambaPlus/src/engine_mm.py:220: FutureWarning: `torch.cuda.amp.autocast(args...)` is deprecated. Please use `torch.amp.autocast('cuda', args...)` instead.
  with torch.cuda.amp.autocast():
[00:00:50.811167] Test:  [0/9]  loss: 0.3359 (0.3359)  acc1: 0.8828 (0.8828)  acc3: 1.0000 (1.0000)  eta: 0:00:03  time: 0.3962  data: 0.2501  max mem: 2933
[00:00:51.830108] Test:  [8/9]  loss: 0.4128 (0.4564)  acc1: 0.8594 (0.8481)  acc3: 0.9922 (0.9904)  eta: 0:00:00  time: 0.1572  data: 0.0280  max mem: 2933
[00:00:51.944460] Test: Total time: 0:00:01 (0.1702 s / it)
[00:00:52.042778] * Acc@1 0.8481 Acc@3 0.9904 loss 0.4564
[00:00:52.042886] * Pre 0.8522 Rec 0.8481 F1 0.8481
[00:00:52.045404] Accuracy of the network on test samples: 0.8481
[00:00:52.046278] F1 of the network on test samples: 0.8481
[00:00:52.046312] Max Accuracy: 0.8558
[00:00:52.046341] Max F1: 0.8567
[00:00:52.049013] log_dir: /home/nvidia/netmambaplus-reproduction/runs/ciciot-ft-seed2/logs
[00:00:53.011868] Epoch: [37]  [ 0/66]  lr: 0.000930  loss: 0.6896 (0.6896)  eta: 0:01:03  time: 0.9605  data: 0.2982  max mem: 2933
[00:01:06.464780] Epoch: [37]  [20/66]  lr: 0.000928  loss: 0.7156 (0.7240)  eta: 0:00:31  time: 0.6725  data: 0.0008  max mem: 2933
[00:01:19.401693] Epoch: [37]  [40/66]  lr: 0.000926  loss: 0.7200 (0.7325)  eta: 0:00:17  time: 0.6468  data: 0.0003  max mem: 2933
[00:01:31.313117] Epoch: [37]  [60/66]  lr: 0.000923  loss: 0.7282 (0.7292)  eta: 0:00:03  time: 0.5955  data: 0.0002  max mem: 2933
[00:01:33.694412] Epoch: [37]  [65/66]  lr: 0.000922  loss: 0.7008 (0.7234)  eta: 0:00:00  time: 0.5559  data: 0.0003  max mem: 2933
[00:01:33.827829] Epoch: [37] Total time: 0:00:41 (0.6330 s / it)
[00:01:33.827950] Averaged stats: lr: 0.000922  loss: 0.7008 (0.7234)
/home/nvidia/netmambaplus-reproduction/upstream/NetMambaPlus/src/engine_mm.py:220: FutureWarning: `torch.cuda.amp.autocast(args...)` is deprecated. Please use `torch.amp.autocast('cuda', args...)` instead.
  with torch.cuda.amp.autocast():
[00:01:34.249143] Test:  [0/9]  loss: 0.3445 (0.3445)  acc1: 0.8984 (0.8984)  acc3: 1.0000 (1.0000)  eta: 0:00:03  time: 0.4139  data: 0.2657  max mem: 2933
[00:01:35.267220] Test:  [8/9]  loss: 0.3455 (0.4392)  acc1: 0.8750 (0.8519)  acc3: 1.0000 (0.9846)  eta: 0:00:00  time: 0.1590  data: 0.0298  max mem: 2933
[00:01:35.382584] Test: Total time: 0:00:01 (0.1725 s / it)
[00:01:35.458610] * Acc@1 0.8519 Acc@3 0.9846 loss 0.4392
[00:01:35.458695] * Pre 0.8604 Rec 0.8519 F1 0.8503
[00:01:35.460754] Accuracy of the network on test samples: 0.8519
[00:01:35.461463] F1 of the network on test samples: 0.8503
[00:01:35.461516] Max Accuracy: 0.8558
[00:01:35.461729] Max F1: 0.8567
[00:01:35.465538] log_dir: /home/nvidia/netmambaplus-reproduction/runs/ciciot-ft-seed2/logs
[00:01:36.355086] Epoch: [38]  [ 0/66]  lr: 0.000922  loss: 0.6969 (0.6969)  eta: 0:00:58  time: 0.8865  data: 0.2477  max mem: 2933
[00:01:49.040422] Epoch: [38]  [20/66]  lr: 0.000920  loss: 0.7292 (0.7389)  eta: 0:00:29  time: 0.6342  data: 0.0004  max mem: 2933
[00:02:01.670950] Epoch: [38]  [40/66]  lr: 0.000917  loss: 0.7101 (0.7259)  eta: 0:00:16  time: 0.6315  data: 0.0002  max mem: 2933
[00:02:13.486725] Epoch: [38]  [60/66]  lr: 0.000914  loss: 0.7151 (0.7233)  eta: 0:00:03  time: 0.5907  data: 0.0002  max mem: 2933
[00:02:15.786359] Epoch: [38]  [65/66]  lr: 0.000914  loss: 0.7259 (0.7303)  eta: 0:00:00  time: 0.5497  data: 0.0002  max mem: 2933
[00:02:15.909241] Epoch: [38] Total time: 0:00:40 (0.6128 s / it)
[00:02:15.909353] Averaged stats: lr: 0.000914  loss: 0.7259 (0.7303)
/home/nvidia/netmambaplus-reproduction/upstream/NetMambaPlus/src/engine_mm.py:220: FutureWarning: `torch.cuda.amp.autocast(args...)` is deprecated. Please use `torch.amp.autocast('cuda', args...)` instead.
  with torch.cuda.amp.autocast():
[00:02:16.292493] Test:  [0/9]  loss: 0.3259 (0.3259)  acc1: 0.8906 (0.8906)  acc3: 1.0000 (1.0000)  eta: 0:00:03  time: 0.3771  data: 0.2311  max mem: 2933
[00:02:17.284457] Test:  [8/9]  loss: 0.4443 (0.4586)  acc1: 0.8281 (0.8481)  acc3: 0.9922 (0.9885)  eta: 0:00:00  time: 0.1521  data: 0.0258  max mem: 2933
[00:02:17.405597] Test: Total time: 0:00:01 (0.1660 s / it)
[00:02:17.470787] * Acc@1 0.8481 Acc@3 0.9885 loss 0.4586
[00:02:17.470841] * Pre 0.8556 Rec 0.8481 F1 0.8490
[00:02:17.472499] Accuracy of the network on test samples: 0.8481
[00:02:17.472513] F1 of the network on test samples: 0.8490
[00:02:17.472524] Max Accuracy: 0.8558
[00:02:17.472532] Max F1: 0.8567
[00:02:17.476703] log_dir: /home/nvidia/netmambaplus-reproduction/runs/ciciot-ft-seed2/logs
[00:02:18.372592] Epoch: [39]  [ 0/66]  lr: 0.000914  loss: 0.7556 (0.7556)  eta: 0:00:58  time: 0.8932  data: 0.2583  max mem: 2933
[00:02:30.829122] Epoch: [39]  [20/66]  lr: 0.000911  loss: 0.7294 (0.7372)  eta: 0:00:29  time: 0.6228  data: 0.0003  max mem: 2933
[00:02:43.275076] Epoch: [39]  [40/66]  lr: 0.000908  loss: 0.7099 (0.7291)  eta: 0:00:16  time: 0.6222  data: 0.0002  max mem: 2933
[00:02:55.177648] Epoch: [39]  [60/66]  lr: 0.000905  loss: 0.7164 (0.7240)  eta: 0:00:03  time: 0.5951  data: 0.0002  max mem: 2933
[00:02:57.419125] Epoch: [39]  [65/66]  lr: 0.000905  loss: 0.7136 (0.7242)  eta: 0:00:00  time: 0.5524  data: 0.0002  max mem: 2933
[00:02:57.536221] Epoch: [39] Total time: 0:00:40 (0.6070 s / it)
[00:02:57.536499] Averaged stats: lr: 0.000905  loss: 0.7136 (0.7242)
/home/nvidia/netmambaplus-reproduction/upstream/NetMambaPlus/src/engine_mm.py:220: FutureWarning: `torch.cuda.amp.autocast(args...)` is deprecated. Please use `torch.amp.autocast('cuda', args...)` instead.
  with torch.cuda.amp.autocast():
[00:02:57.948106] Test:  [0/9]  loss: 0.3625 (0.3625)  acc1: 0.8906 (0.8906)  acc3: 1.0000 (1.0000)  eta: 0:00:03  time: 0.4066  data: 0.2608  max mem: 2933
[00:02:58.963127] Test:  [8/9]  loss: 0.4854 (0.4709)  acc1: 0.8516 (0.8490)  acc3: 0.9922 (0.9856)  eta: 0:00:00  time: 0.1579  data: 0.0291  max mem: 2933
[00:02:59.084148] Test: Total time: 0:00:01 (0.1717 s / it)
[00:02:59.153987] * Acc@1 0.8490 Acc@3 0.9856 loss 0.4709
[00:02:59.154054] * Pre 0.8661 Rec 0.8490 F1 0.8505
[00:02:59.156247] Accuracy of the network on test samples: 0.8490
[00:02:59.156261] F1 of the network on test samples: 0.8505
[00:02:59.156273] Max Accuracy: 0.8558
[00:02:59.156279] Max F1: 0.8567
[00:02:59.160087] log_dir: /home/nvidia/netmambaplus-reproduction/runs/ciciot-ft-seed2/logs
[00:03:00.060651] Epoch: [40]  [ 0/66]  lr: 0.000905  loss: 0.7542 (0.7542)  eta: 0:00:59  time: 0.8977  data: 0.2160  max mem: 2933
[00:03:12.996765] Epoch: [40]  [20/66]  lr: 0.000902  loss: 0.7302 (0.7300)  eta: 0:00:30  time: 0.6467  data: 0.0002  max mem: 2933
[00:03:25.471191] Epoch: [40]  [40/66]  lr: 0.000899  loss: 0.6886 (0.7177)  eta: 0:00:16  time: 0.6237  data: 0.0002  max mem: 2933
[00:03:37.433992] Epoch: [40]  [60/66]  lr: 0.000896  loss: 0.7148 (0.7190)  eta: 0:00:03  time: 0.5981  data: 0.0002  max mem: 2933
[00:03:39.624640] Epoch: [40]  [65/66]  lr: 0.000895  loss: 0.7100 (0.7160)  eta: 0:00:00  time: 0.5518  data: 0.0002  max mem: 2933
[00:03:39.744763] Epoch: [40] Total time: 0:00:40 (0.6149 s / it)
[00:03:39.744902] Averaged stats: lr: 0.000895  loss: 0.7100 (0.7160)
/home/nvidia/netmambaplus-reproduction/upstream/NetMambaPlus/src/engine_mm.py:220: FutureWarning: `torch.cuda.amp.autocast(args...)` is deprecated. Please use `torch.amp.autocast('cuda', args...)` instead.
  with torch.cuda.amp.autocast():
[00:03:40.145851] Test:  [0/9]  loss: 0.3323 (0.3323)  acc1: 0.8906 (0.8906)  acc3: 1.0000 (1.0000)  eta: 0:00:03  time: 0.3971  data: 0.2500  max mem: 2933
[00:03:41.121061] Test:  [8/9]  loss: 0.4121 (0.4469)  acc1: 0.8203 (0.8587)  acc3: 0.9922 (0.9875)  eta: 0:00:00  time: 0.1524  data: 0.0279  max mem: 2933
[00:03:41.232438] Test: Total time: 0:00:01 (0.1650 s / it)
[00:03:41.301012] * Acc@1 0.8587 Acc@3 0.9875 loss 0.4469
[00:03:41.301070] * Pre 0.8661 Rec 0.8587 F1 0.8597
[00:03:41.352541] Accuracy of the network on test samples: 0.8587
[00:03:41.353151] F1 of the network on test samples: 0.8597
[00:03:41.353166] Max Accuracy: 0.8587
[00:03:41.353173] Max F1: 0.8597
[00:03:41.355277] log_dir: /home/nvidia/netmambaplus-reproduction/runs/ciciot-ft-seed2/logs
[00:03:42.233497] Epoch: [41]  [ 0/66]  lr: 0.000895  loss: 0.6538 (0.6538)  eta: 0:00:57  time: 0.8754  data: 0.2497  max mem: 2933
[00:03:54.630080] Epoch: [41]  [20/66]  lr: 0.000892  loss: 0.7415 (0.7399)  eta: 0:00:29  time: 0.6198  data: 0.0002  max mem: 2933
[00:04:07.020391] Epoch: [41]  [40/66]  lr: 0.000889  loss: 0.7118 (0.7194)  eta: 0:00:16  time: 0.6195  data: 0.0002  max mem: 2933
[00:04:18.909582] Epoch: [41]  [60/66]  lr: 0.000886  loss: 0.7025 (0.7142)  eta: 0:00:03  time: 0.5944  data: 0.0002  max mem: 2933
[00:04:21.226606] Epoch: [41]  [65/66]  lr: 0.000886  loss: 0.7059 (0.7245)  eta: 0:00:00  time: 0.5556  data: 0.0002  max mem: 2933
[00:04:21.323559] Epoch: [41] Total time: 0:00:39 (0.6056 s / it)
[00:04:21.323675] Averaged stats: lr: 0.000886  loss: 0.7059 (0.7245)
/home/nvidia/netmambaplus-reproduction/upstream/NetMambaPlus/src/engine_mm.py:220: FutureWarning: `torch.cuda.amp.autocast(args...)` is deprecated. Please use `torch.amp.autocast('cuda', args...)` instead.
  with torch.cuda.amp.autocast():
[00:04:21.643012] Test:  [0/9]  loss: 0.3479 (0.3479)  acc1: 0.8906 (0.8906)  acc3: 1.0000 (1.0000)  eta: 0:00:02  time: 0.3153  data: 0.2045  max mem: 2933
[00:04:22.499525] Test:  [8/9]  loss: 0.3875 (0.4454)  acc1: 0.8594 (0.8538)  acc3: 0.9922 (0.9846)  eta: 0:00:00  time: 0.1301  data: 0.0229  max mem: 2933
[00:04:22.610573] Test: Total time: 0:00:01 (0.1428 s / it)
[00:04:22.678849] * Acc@1 0.8538 Acc@3 0.9846 loss 0.4454
[00:04:22.678935] * Pre 0.8573 Rec 0.8538 F1 0.8540
[00:04:22.681300] Accuracy of the network on test samples: 0.8538
[00:04:22.681851] F1 of the network on test samples: 0.8540
[00:04:22.681988] Max Accuracy: 0.8587
[00:04:22.681994] Max F1: 0.8597
[00:04:22.685824] log_dir: /home/nvidia/netmambaplus-reproduction/runs/ciciot-ft-seed2/logs
[00:04:23.551898] Epoch: [42]  [ 0/66]  lr: 0.000885  loss: 0.6962 (0.6962)  eta: 0:00:56  time: 0.8628  data: 0.2326  max mem: 2933
[00:04:35.986267] Epoch: [42]  [20/66]  lr: 0.000882  loss: 0.7184 (0.7322)  eta: 0:00:29  time: 0.6217  data: 0.0002  max mem: 2933
[00:04:48.375534] Epoch: [42]  [40/66]  lr: 0.000879  loss: 0.7157 (0.7252)  eta: 0:00:16  time: 0.6194  data: 0.0002  max mem: 2933
[00:05:00.379714] Epoch: [42]  [60/66]  lr: 0.000876  loss: 0.7329 (0.7271)  eta: 0:00:03  time: 0.6002  data: 0.0002  max mem: 2933
[00:05:02.736271] Epoch: [42]  [65/66]  lr: 0.000875  loss: 0.7229 (0.7225)  eta: 0:00:00  time: 0.5633  data: 0.0002  max mem: 2933
[00:05:02.840012] Epoch: [42] Total time: 0:00:40 (0.6084 s / it)
[00:05:02.840193] Averaged stats: lr: 0.000875  loss: 0.7229 (0.7225)
/home/nvidia/netmambaplus-reproduction/upstream/NetMambaPlus/src/engine_mm.py:220: FutureWarning: `torch.cuda.amp.autocast(args...)` is deprecated. Please use `torch.amp.autocast('cuda', args...)` instead.
  with torch.cuda.amp.autocast():
[00:05:03.165027] Test:  [0/9]  loss: 0.3667 (0.3667)  acc1: 0.8906 (0.8906)  acc3: 1.0000 (1.0000)  eta: 0:00:02  time: 0.3189  data: 0.1775  max mem: 2933
[00:05:04.015598] Test:  [8/9]  loss: 0.4053 (0.4405)  acc1: 0.8438 (0.8577)  acc3: 0.9922 (0.9856)  eta: 0:00:00  time: 0.1298  data: 0.0199  max mem: 2933
[00:05:04.154144] Test: Total time: 0:00:01 (0.1457 s / it)
[00:05:04.229976] * Acc@1 0.8577 Acc@3 0.9856 loss 0.4405
[00:05:04.230018] * Pre 0.8670 Rec 0.8577 F1 0.8590
[00:05:04.232225] Accuracy of the network on test samples: 0.8577
[00:05:04.232734] F1 of the network on test samples: 0.8590
[00:05:04.232740] Max Accuracy: 0.8587
[00:05:04.232760] Max F1: 0.8597
[00:05:04.236208] log_dir: /home/nvidia/netmambaplus-reproduction/runs/ciciot-ft-seed2/logs
[00:05:05.151270] Epoch: [43]  [ 0/66]  lr: 0.000875  loss: 0.6538 (0.6538)  eta: 0:01:00  time: 0.9125  data: 0.2885  max mem: 2933
[00:05:17.821046] Epoch: [43]  [20/66]  lr: 0.000872  loss: 0.7091 (0.7150)  eta: 0:00:29  time: 0.6334  data: 0.0003  max mem: 2933
[00:05:30.494207] Epoch: [43]  [40/66]  lr: 0.000869  loss: 0.7063 (0.7155)  eta: 0:00:16  time: 0.6336  data: 0.0003  max mem: 2933
[00:05:42.817210] Epoch: [43]  [60/66]  lr: 0.000866  loss: 0.6957 (0.7138)  eta: 0:00:03  time: 0.6161  data: 0.0003  max mem: 2933
[00:05:45.192290] Epoch: [43]  [65/66]  lr: 0.000865  loss: 0.7148 (0.7164)  eta: 0:00:00  time: 0.5761  data: 0.0003  max mem: 2933
[00:05:45.326389] Epoch: [43] Total time: 0:00:41 (0.6226 s / it)
[00:05:45.326473] Averaged stats: lr: 0.000865  loss: 0.7148 (0.7164)
/home/nvidia/netmambaplus-reproduction/upstream/NetMambaPlus/src/engine_mm.py:220: FutureWarning: `torch.cuda.amp.autocast(args...)` is deprecated. Please use `torch.amp.autocast('cuda', args...)` instead.
  with torch.cuda.amp.autocast():
[00:05:45.660946] Test:  [0/9]  loss: 0.3391 (0.3391)  acc1: 0.8984 (0.8984)  acc3: 1.0000 (1.0000)  eta: 0:00:02  time: 0.3303  data: 0.2312  max mem: 2933
[00:05:46.617903] Test:  [8/9]  loss: 0.4131 (0.4395)  acc1: 0.8281 (0.8615)  acc3: 1.0000 (0.9894)  eta: 0:00:00  time: 0.1429  data: 0.0259  max mem: 2933
[00:05:46.716014] Test: Total time: 0:00:01 (0.1541 s / it)
[00:05:46.788582] * Acc@1 0.8615 Acc@3 0.9894 loss 0.4395
[00:05:46.788668] * Pre 0.8686 Rec 0.8615 F1 0.8625
[00:05:46.850375] Accuracy of the network on test samples: 0.8615
[00:05:46.851319] F1 of the network on test samples: 0.8625
[00:05:46.851342] Max Accuracy: 0.8615
[00:05:46.851372] Max F1: 0.8625
[00:05:46.855073] log_dir: /home/nvidia/netmambaplus-reproduction/runs/ciciot-ft-seed2/logs
[00:05:47.824970] Epoch: [44]  [ 0/66]  lr: 0.000865  loss: 0.6801 (0.6801)  eta: 0:01:03  time: 0.9672  data: 0.3165  max mem: 2933
[00:06:00.548578] Epoch: [44]  [20/66]  lr: 0.000861  loss: 0.6970 (0.7135)  eta: 0:00:29  time: 0.6361  data: 0.0003  max mem: 2933
[00:06:13.283319] Epoch: [44]  [40/66]  lr: 0.000858  loss: 0.7177 (0.7243)  eta: 0:00:16  time: 0.6367  data: 0.0003  max mem: 2933
[00:06:25.557628] Epoch: [44]  [60/66]  lr: 0.000855  loss: 0.7069 (0.7194)  eta: 0:00:03  time: 0.6137  data: 0.0002  max mem: 2933
[00:06:28.109043] Epoch: [44]  [65/66]  lr: 0.000854  loss: 0.6992 (0.7145)  eta: 0:00:00  time: 0.5817  data: 0.0002  max mem: 2933
[00:06:28.230120] Epoch: [44] Total time: 0:00:41 (0.6269 s / it)
[00:06:28.230277] Averaged stats: lr: 0.000854  loss: 0.6992 (0.7145)
/home/nvidia/netmambaplus-reproduction/upstream/NetMambaPlus/src/engine_mm.py:220: FutureWarning: `torch.cuda.amp.autocast(args...)` is deprecated. Please use `torch.amp.autocast('cuda', args...)` instead.
  with torch.cuda.amp.autocast():
[00:06:28.631011] Test:  [0/9]  loss: 0.3313 (0.3313)  acc1: 0.8906 (0.8906)  acc3: 1.0000 (1.0000)  eta: 0:00:03  time: 0.3950  data: 0.2677  max mem: 2933
[00:06:29.469632] Test:  [8/9]  loss: 0.3936 (0.4395)  acc1: 0.8750 (0.8548)  acc3: 1.0000 (0.9865)  eta: 0:00:00  time: 0.1370  data: 0.0299  max mem: 2933
[00:06:29.564011] Test: Total time: 0:00:01 (0.1478 s / it)
[00:06:29.632739] * Acc@1 0.8548 Acc@3 0.9865 loss 0.4395
[00:06:29.632862] * Pre 0.8640 Rec 0.8548 F1 0.8534
[00:06:29.635151] Accuracy of the network on test samples: 0.8548
[00:06:29.635736] F1 of the network on test samples: 0.8534
[00:06:29.635741] Max Accuracy: 0.8615
[00:06:29.635746] Max F1: 0.8625
[00:06:29.638125] log_dir: /home/nvidia/netmambaplus-reproduction/runs/ciciot-ft-seed2/logs
[00:06:30.340665] Epoch: [45]  [ 0/66]  lr: 0.000854  loss: 0.6855 (0.6855)  eta: 0:00:46  time: 0.6983  data: 0.2306  max mem: 2933
[00:06:43.054798] Epoch: [45]  [20/66]  lr: 0.000850  loss: 0.7266 (0.7200)  eta: 0:00:29  time: 0.6356  data: 0.0003  max mem: 2933
[00:06:55.782853] Epoch: [45]  [40/66]  lr: 0.000847  loss: 0.7290 (0.7315)  eta: 0:00:16  time: 0.6364  data: 0.0002  max mem: 2933
[00:07:07.934751] Epoch: [45]  [60/66]  lr: 0.000843  loss: 0.6909 (0.7245)  eta: 0:00:03  time: 0.6075  data: 0.0002  max mem: 2933
[00:07:10.406876] Epoch: [45]  [65/66]  lr: 0.000843  loss: 0.6739 (0.7183)  eta: 0:00:00  time: 0.5734  data: 0.0002  max mem: 2933
[00:07:10.513777] Epoch: [45] Total time: 0:00:40 (0.6193 s / it)
[00:07:10.513871] Averaged stats: lr: 0.000843  loss: 0.6739 (0.7183)
/home/nvidia/netmambaplus-reproduction/upstream/NetMambaPlus/src/engine_mm.py:220: FutureWarning: `torch.cuda.amp.autocast(args...)` is deprecated. Please use `torch.amp.autocast('cuda', args...)` instead.
  with torch.cuda.amp.autocast():
[00:07:10.941359] Test:  [0/9]  loss: 0.3352 (0.3352)  acc1: 0.8906 (0.8906)  acc3: 0.9922 (0.9922)  eta: 0:00:03  time: 0.4193  data: 0.2716  max mem: 2933
[00:07:11.807206] Test:  [8/9]  loss: 0.3884 (0.4427)  acc1: 0.8125 (0.8529)  acc3: 0.9922 (0.9856)  eta: 0:00:00  time: 0.1427  data: 0.0303  max mem: 2933
[00:07:11.922378] Test: Total time: 0:00:01 (0.1562 s / it)
[00:07:11.987893] * Acc@1 0.8529 Acc@3 0.9856 loss 0.4427
[00:07:11.987968] * Pre 0.8584 Rec 0.8529 F1 0.8536
[00:07:11.990060] Accuracy of the network on test samples: 0.8529
[00:07:11.990075] F1 of the network on test samples: 0.8536
[00:07:11.990082] Max Accuracy: 0.8615
[00:07:11.991239] Max F1: 0.8625
[00:07:11.994487] log_dir: /home/nvidia/netmambaplus-reproduction/runs/ciciot-ft-seed2/logs
[00:07:12.841021] Epoch: [46]  [ 0/66]  lr: 0.000842  loss: 0.7017 (0.7017)  eta: 0:00:55  time: 0.8444  data: 0.2248  max mem: 2933
[00:07:25.053506] Epoch: [46]  [20/66]  lr: 0.000839  loss: 0.7096 (0.7148)  eta: 0:00:28  time: 0.6106  data: 0.0003  max mem: 2933
[00:07:37.508399] Epoch: [46]  [40/66]  lr: 0.000835  loss: 0.6966 (0.7116)  eta: 0:00:16  time: 0.6227  data: 0.0002  max mem: 2933
[00:07:49.699347] Epoch: [46]  [60/66]  lr: 0.000832  loss: 0.7217 (0.7142)  eta: 0:00:03  time: 0.6095  data: 0.0003  max mem: 2933
[00:07:52.004206] Epoch: [46]  [65/66]  lr: 0.000831  loss: 0.7182 (0.7101)  eta: 0:00:00  time: 0.5688  data: 0.0003  max mem: 2933
[00:07:52.115311] Epoch: [46] Total time: 0:00:40 (0.6079 s / it)
[00:07:52.115428] Averaged stats: lr: 0.000831  loss: 0.7182 (0.7101)
/home/nvidia/netmambaplus-reproduction/upstream/NetMambaPlus/src/engine_mm.py:220: FutureWarning: `torch.cuda.amp.autocast(args...)` is deprecated. Please use `torch.amp.autocast('cuda', args...)` instead.
  with torch.cuda.amp.autocast():
[00:07:52.534322] Test:  [0/9]  loss: 0.3623 (0.3623)  acc1: 0.8984 (0.8984)  acc3: 0.9922 (0.9922)  eta: 0:00:03  time: 0.4149  data: 0.2667  max mem: 2933
[00:07:53.520495] Test:  [8/9]  loss: 0.4211 (0.4429)  acc1: 0.8203 (0.8548)  acc3: 0.9922 (0.9875)  eta: 0:00:00  time: 0.1556  data: 0.0298  max mem: 2933
[00:07:53.646249] Test: Total time: 0:00:01 (0.1698 s / it)
[00:07:53.714817] * Acc@1 0.8548 Acc@3 0.9875 loss 0.4429
[00:07:53.714903] * Pre 0.8621 Rec 0.8548 F1 0.8558
[00:07:53.716793] Accuracy of the network on test samples: 0.8548
[00:07:53.717493] F1 of the network on test samples: 0.8558
[00:07:53.717555] Max Accuracy: 0.8615
[00:07:53.717565] Max F1: 0.8625
[00:07:53.720161] log_dir: /home/nvidia/netmambaplus-reproduction/runs/ciciot-ft-seed2/logs
[00:07:54.520993] Epoch: [47]  [ 0/66]  lr: 0.000831  loss: 0.6836 (0.6836)  eta: 0:00:52  time: 0.7979  data: 0.2513  max mem: 2933
[00:08:06.725399] Epoch: [47]  [20/66]  lr: 0.000827  loss: 0.7136 (0.7091)  eta: 0:00:28  time: 0.6102  data: 0.0002  max mem: 2933
[00:08:19.210612] Epoch: [47]  [40/66]  lr: 0.000824  loss: 0.7027 (0.7095)  eta: 0:00:16  time: 0.6242  data: 0.0003  max mem: 2933
[00:08:31.486619] Epoch: [47]  [60/66]  lr: 0.000820  loss: 0.6997 (0.7091)  eta: 0:00:03  time: 0.6138  data: 0.0002  max mem: 2933
[00:08:33.776787] Epoch: [47]  [65/66]  lr: 0.000819  loss: 0.7078 (0.7067)  eta: 0:00:00  time: 0.5717  data: 0.0002  max mem: 2933
[00:08:33.883716] Epoch: [47] Total time: 0:00:40 (0.6085 s / it)
[00:08:33.883828] Averaged stats: lr: 0.000819  loss: 0.7078 (0.7067)
/home/nvidia/netmambaplus-reproduction/upstream/NetMambaPlus/src/engine_mm.py:220: FutureWarning: `torch.cuda.amp.autocast(args...)` is deprecated. Please use `torch.amp.autocast('cuda', args...)` instead.
  with torch.cuda.amp.autocast():
[00:08:34.286603] Test:  [0/9]  loss: 0.3718 (0.3718)  acc1: 0.8906 (0.8906)  acc3: 0.9922 (0.9922)  eta: 0:00:03  time: 0.3980  data: 0.2499  max mem: 2933
[00:08:35.283807] Test:  [8/9]  loss: 0.4138 (0.4526)  acc1: 0.8125 (0.8529)  acc3: 0.9922 (0.9865)  eta: 0:00:00  time: 0.1550  data: 0.0280  max mem: 2933
[00:08:35.414396] Test: Total time: 0:00:01 (0.1698 s / it)
[00:08:35.480793] * Acc@1 0.8529 Acc@3 0.9865 loss 0.4526
[00:08:35.480856] * Pre 0.8672 Rec 0.8529 F1 0.8549
[00:08:35.482632] Accuracy of the network on test samples: 0.8529
[00:08:35.482649] F1 of the network on test samples: 0.8549
[00:08:35.482661] Max Accuracy: 0.8615
[00:08:35.482670] Max F1: 0.8625
[00:08:35.486976] log_dir: /home/nvidia/netmambaplus-reproduction/runs/ciciot-ft-seed2/logs
[00:08:36.313406] Epoch: [48]  [ 0/66]  lr: 0.000819  loss: 0.7236 (0.7236)  eta: 0:00:54  time: 0.8227  data: 0.2198  max mem: 2933
[00:08:48.358043] Epoch: [48]  [20/66]  lr: 0.000815  loss: 0.6946 (0.7114)  eta: 0:00:28  time: 0.6022  data: 0.0002  max mem: 2933
[00:09:00.752710] Epoch: [48]  [40/66]  lr: 0.000812  loss: 0.7135 (0.7097)  eta: 0:00:16  time: 0.6197  data: 0.0002  max mem: 2933
[00:09:12.874470] Epoch: [48]  [60/66]  lr: 0.000808  loss: 0.7033 (0.7099)  eta: 0:00:03  time: 0.6061  data: 0.0002  max mem: 2933
[00:09:15.123435] Epoch: [48]  [65/66]  lr: 0.000807  loss: 0.7033 (0.7182)  eta: 0:00:00  time: 0.5641  data: 0.0002  max mem: 2933
[00:09:15.256031] Epoch: [48] Total time: 0:00:39 (0.6026 s / it)
[00:09:15.256091] Averaged stats: lr: 0.000807  loss: 0.7033 (0.7182)
/home/nvidia/netmambaplus-reproduction/upstream/NetMambaPlus/src/engine_mm.py:220: FutureWarning: `torch.cuda.amp.autocast(args...)` is deprecated. Please use `torch.amp.autocast('cuda', args...)` instead.
  with torch.cuda.amp.autocast():
[00:09:15.629684] Test:  [0/9]  loss: 0.2827 (0.2827)  acc1: 0.8906 (0.8906)  acc3: 1.0000 (1.0000)  eta: 0:00:03  time: 0.3663  data: 0.2184  max mem: 2933
[00:09:16.614983] Test:  [8/9]  loss: 0.3872 (0.4433)  acc1: 0.8281 (0.8548)  acc3: 0.9922 (0.9904)  eta: 0:00:00  time: 0.1501  data: 0.0244  max mem: 2933
[00:09:16.722431] Test: Total time: 0:00:01 (0.1627 s / it)
[00:09:16.789689] * Acc@1 0.8548 Acc@3 0.9904 loss 0.4433
[00:09:16.789734] * Pre 0.8636 Rec 0.8548 F1 0.8561
[00:09:16.791226] Accuracy of the network on test samples: 0.8548
[00:09:16.791241] F1 of the network on test samples: 0.8561
[00:09:16.791249] Max Accuracy: 0.8615
[00:09:16.791257] Max F1: 0.8625
[00:09:16.795818] log_dir: /home/nvidia/netmambaplus-reproduction/runs/ciciot-ft-seed2/logs
[00:09:17.666262] Epoch: [49]  [ 0/66]  lr: 0.000807  loss: 0.6817 (0.6817)  eta: 0:00:57  time: 0.8682  data: 0.2414  max mem: 2933
[00:09:29.598469] Epoch: [49]  [20/66]  lr: 0.000803  loss: 0.7328 (0.7304)  eta: 0:00:28  time: 0.5966  data: 0.0002  max mem: 2933
[00:09:42.007001] Epoch: [49]  [40/66]  lr: 0.000799  loss: 0.6895 (0.7170)  eta: 0:00:15  time: 0.6204  data: 0.0003  max mem: 2933
[00:09:54.284226] Epoch: [49]  [60/66]  lr: 0.000795  loss: 0.7067 (0.7190)  eta: 0:00:03  time: 0.6138  data: 0.0002  max mem: 2933
[00:09:56.489908] Epoch: [49]  [65/66]  lr: 0.000794  loss: 0.7129 (0.7171)  eta: 0:00:00  time: 0.5689  data: 0.0002  max mem: 2933
[00:09:56.613371] Epoch: [49] Total time: 0:00:39 (0.6033 s / it)
[00:09:56.613719] Averaged stats: lr: 0.000794  loss: 0.7129 (0.7171)
/home/nvidia/netmambaplus-reproduction/upstream/NetMambaPlus/src/engine_mm.py:220: FutureWarning: `torch.cuda.amp.autocast(args...)` is deprecated. Please use `torch.amp.autocast('cuda', args...)` instead.
  with torch.cuda.amp.autocast():
[00:09:56.980471] Test:  [0/9]  loss: 0.3071 (0.3071)  acc1: 0.8906 (0.8906)  acc3: 1.0000 (1.0000)  eta: 0:00:03  time: 0.3628  data: 0.2249  max mem: 2933
[00:09:57.955310] Test:  [8/9]  loss: 0.4265 (0.4454)  acc1: 0.8125 (0.8548)  acc3: 1.0000 (0.9894)  eta: 0:00:00  time: 0.1486  data: 0.0251  max mem: 2933
[00:09:58.063497] Test: Total time: 0:00:01 (0.1608 s / it)
[00:09:58.132006] * Acc@1 0.8548 Acc@3 0.9894 loss 0.4454
[00:09:58.132050] * Pre 0.8622 Rec 0.8548 F1 0.8560
[00:09:58.134069] Accuracy of the network on test samples: 0.8548
[00:09:58.134079] F1 of the network on test samples: 0.8560
[00:09:58.134085] Max Accuracy: 0.8615
[00:09:58.134091] Max F1: 0.8625
[00:09:58.138138] log_dir: /home/nvidia/netmambaplus-reproduction/runs/ciciot-ft-seed2/logs
[00:09:59.038549] Epoch: [50]  [ 0/66]  lr: 0.000794  loss: 0.7089 (0.7089)  eta: 0:00:59  time: 0.8970  data: 0.2666  max mem: 2933
[00:10:11.138958] Epoch: [50]  [20/66]  lr: 0.000790  loss: 0.6879 (0.6987)  eta: 0:00:28  time: 0.6050  data: 0.0003  max mem: 2933
[00:10:23.719198] Epoch: [50]  [40/66]  lr: 0.000786  loss: 0.7187 (0.7085)  eta: 0:00:16  time: 0.6290  data: 0.0002  max mem: 2933
[00:10:36.337146] Epoch: [50]  [60/66]  lr: 0.000782  loss: 0.7089 (0.7114)  eta: 0:00:03  time: 0.6308  data: 0.0002  max mem: 2933
[00:10:38.488846] Epoch: [50]  [65/66]  lr: 0.000781  loss: 0.7285 (0.7071)  eta: 0:00:00  time: 0.5835  data: 0.0003  max mem: 2933
[00:10:38.600404] Epoch: [50] Total time: 0:00:40 (0.6131 s / it)
[00:10:38.600677] Averaged stats: lr: 0.000781  loss: 0.7285 (0.7071)
/home/nvidia/netmambaplus-reproduction/upstream/NetMambaPlus/src/engine_mm.py:220: FutureWarning: `torch.cuda.amp.autocast(args...)` is deprecated. Please use `torch.amp.autocast('cuda', args...)` instead.
  with torch.cuda.amp.autocast():
[00:10:38.974109] Test:  [0/9]  loss: 0.3684 (0.3684)  acc1: 0.8984 (0.8984)  acc3: 1.0000 (1.0000)  eta: 0:00:03  time: 0.3684  data: 0.2265  max mem: 2933
[00:10:39.969176] Test:  [8/9]  loss: 0.4766 (0.4569)  acc1: 0.8516 (0.8596)  acc3: 0.9922 (0.9904)  eta: 0:00:00  time: 0.1514  data: 0.0253  max mem: 2933
[00:10:40.091843] Test: Total time: 0:00:01 (0.1654 s / it)
[00:10:41.122003] * Acc@1 0.8596 Acc@3 0.9904 loss 0.4569
[00:10:41.122095] * Pre 0.8722 Rec 0.8596 F1 0.8613
[00:10:41.123677] Accuracy of the network on test samples: 0.8596
[00:10:41.123691] F1 of the network on test samples: 0.8613
[00:10:41.123701] Max Accuracy: 0.8615
[00:10:41.123712] Max F1: 0.8625
[00:10:41.125937] log_dir: /home/nvidia/netmambaplus-reproduction/runs/ciciot-ft-seed2/logs
[00:10:42.010247] Epoch: [51]  [ 0/66]  lr: 0.000781  loss: 0.6794 (0.6794)  eta: 0:00:58  time: 0.8821  data: 0.2424  max mem: 2933
[00:10:54.295772] Epoch: [51]  [20/66]  lr: 0.000777  loss: 0.6820 (0.6874)  eta: 0:00:28  time: 0.6142  data: 0.0002  max mem: 2933
[00:11:07.011384] Epoch: [51]  [40/66]  lr: 0.000773  loss: 0.7021 (0.6976)  eta: 0:00:16  time: 0.6357  data: 0.0003  max mem: 2933
[00:11:19.665348] Epoch: [51]  [60/66]  lr: 0.000769  loss: 0.6987 (0.7050)  eta: 0:00:03  time: 0.6326  data: 0.0003  max mem: 2933
[00:11:22.059247] Epoch: [51]  [65/66]  lr: 0.000768  loss: 0.7144 (0.7090)  eta: 0:00:00  time: 0.5930  data: 0.0003  max mem: 2933
[00:11:22.178543] Epoch: [51] Total time: 0:00:41 (0.6220 s / it)
[00:11:22.178926] Averaged stats: lr: 0.000768  loss: 0.7144 (0.7090)
/home/nvidia/netmambaplus-reproduction/upstream/NetMambaPlus/src/engine_mm.py:220: FutureWarning: `torch.cuda.amp.autocast(args...)` is deprecated. Please use `torch.amp.autocast('cuda', args...)` instead.
  with torch.cuda.amp.autocast():
[00:11:22.564848] Test:  [0/9]  loss: 0.3335 (0.3335)  acc1: 0.8984 (0.8984)  acc3: 0.9922 (0.9922)  eta: 0:00:03  time: 0.3820  data: 0.2774  max mem: 2933
[00:11:23.579490] Test:  [8/9]  loss: 0.4004 (0.4444)  acc1: 0.8359 (0.8596)  acc3: 0.9922 (0.9894)  eta: 0:00:00  time: 0.1551  data: 0.0310  max mem: 2933
[00:11:23.712895] Test: Total time: 0:00:01 (0.1701 s / it)
[00:11:23.790535] * Acc@1 0.8596 Acc@3 0.9894 loss 0.4444
[00:11:23.790618] * Pre 0.8688 Rec 0.8596 F1 0.8608
[00:11:23.792865] Accuracy of the network on test samples: 0.8596
[00:11:23.793375] F1 of the network on test samples: 0.8608
[00:11:23.793385] Max Accuracy: 0.8615
[00:11:23.793487] Max F1: 0.8625
[00:11:23.796371] log_dir: /home/nvidia/netmambaplus-reproduction/runs/ciciot-ft-seed2/logs
[00:11:24.700643] Epoch: [52]  [ 0/66]  lr: 0.000768  loss: 0.6797 (0.6797)  eta: 0:00:59  time: 0.9015  data: 0.2352  max mem: 2933
[00:11:36.461637] Epoch: [52]  [20/66]  lr: 0.000764  loss: 0.7279 (0.7191)  eta: 0:00:27  time: 0.5880  data: 0.0003  max mem: 2933
[00:11:49.154742] Epoch: [52]  [40/66]  lr: 0.000760  loss: 0.6851 (0.7078)  eta: 0:00:16  time: 0.6345  data: 0.0003  max mem: 2933
[00:12:01.844147] Epoch: [52]  [60/66]  lr: 0.000756  loss: 0.6782 (0.7036)  eta: 0:00:03  time: 0.6344  data: 0.0003  max mem: 2933
[00:12:04.146327] Epoch: [52]  [65/66]  lr: 0.000755  loss: 0.6912 (0.7006)  eta: 0:00:00  time: 0.5896  data: 0.0003  max mem: 2933
[00:12:04.235141] Epoch: [52] Total time: 0:00:40 (0.6127 s / it)
[00:12:04.235221] Averaged stats: lr: 0.000755  loss: 0.6912 (0.7006)
/home/nvidia/netmambaplus-reproduction/upstream/NetMambaPlus/src/engine_mm.py:220: FutureWarning: `torch.cuda.amp.autocast(args...)` is deprecated. Please use `torch.amp.autocast('cuda', args...)` instead.
  with torch.cuda.amp.autocast():
[00:12:04.559544] Test:  [0/9]  loss: 0.3350 (0.3350)  acc1: 0.8984 (0.8984)  acc3: 0.9922 (0.9922)  eta: 0:00:02  time: 0.3204  data: 0.2206  max mem: 2933
[00:12:05.433378] Test:  [8/9]  loss: 0.4763 (0.4455)  acc1: 0.8359 (0.8587)  acc3: 0.9922 (0.9875)  eta: 0:00:00  time: 0.1326  data: 0.0247  max mem: 2933
[00:12:05.538643] Test: Total time: 0:00:01 (0.1446 s / it)
[00:12:05.611291] * Acc@1 0.8587 Acc@3 0.9875 loss 0.4455
[00:12:05.611354] * Pre 0.8695 Rec 0.8587 F1 0.8601
[00:12:05.613360] Accuracy of the network on test samples: 0.8587
[00:12:05.614571] F1 of the network on test samples: 0.8601
[00:12:05.614602] Max Accuracy: 0.8615
[00:12:05.614611] Max F1: 0.8625
[00:12:05.616768] log_dir: /home/nvidia/netmambaplus-reproduction/runs/ciciot-ft-seed2/logs
[00:12:06.549021] Epoch: [53]  [ 0/66]  lr: 0.000755  loss: 0.7371 (0.7371)  eta: 0:01:01  time: 0.9293  data: 0.2721  max mem: 2933
[00:12:18.818129] Epoch: [53]  [20/66]  lr: 0.000751  loss: 0.7175 (0.7040)  eta: 0:00:28  time: 0.6134  data: 0.0004  max mem: 2933
[00:12:31.497828] Epoch: [53]  [40/66]  lr: 0.000747  loss: 0.6904 (0.7044)  eta: 0:00:16  time: 0.6339  data: 0.0003  max mem: 2933
[00:12:44.116956] Epoch: [53]  [60/66]  lr: 0.000742  loss: 0.7013 (0.7057)  eta: 0:00:03  time: 0.6309  data: 0.0003  max mem: 2933
[00:12:46.417390] Epoch: [53]  [65/66]  lr: 0.000741  loss: 0.6992 (0.7012)  eta: 0:00:00  time: 0.5875  data: 0.0003  max mem: 2933
[00:12:46.503257] Epoch: [53] Total time: 0:00:40 (0.6195 s / it)
[00:12:46.503319] Averaged stats: lr: 0.000741  loss: 0.6992 (0.7012)
/home/nvidia/netmambaplus-reproduction/upstream/NetMambaPlus/src/engine_mm.py:220: FutureWarning: `torch.cuda.amp.autocast(args...)` is deprecated. Please use `torch.amp.autocast('cuda', args...)` instead.
  with torch.cuda.amp.autocast():
[00:12:46.863195] Test:  [0/9]  loss: 0.3726 (0.3726)  acc1: 0.8984 (0.8984)  acc3: 0.9922 (0.9922)  eta: 0:00:03  time: 0.3553  data: 0.2142  max mem: 2933
[00:12:47.644116] Test:  [8/9]  loss: 0.3726 (0.4280)  acc1: 0.8594 (0.8558)  acc3: 0.9922 (0.9885)  eta: 0:00:00  time: 0.1262  data: 0.0239  max mem: 2933
[00:12:47.775146] Test: Total time: 0:00:01 (0.1410 s / it)
[00:12:47.843919] * Acc@1 0.8558 Acc@3 0.9885 loss 0.4280
[00:12:47.844032] * Pre 0.8657 Rec 0.8558 F1 0.8545
[00:12:47.846426] Accuracy of the network on test samples: 0.8558
[00:12:47.846441] F1 of the network on test samples: 0.8545
[00:12:47.846450] Max Accuracy: 0.8615
[00:12:47.846459] Max F1: 0.8625
[00:12:47.850494] log_dir: /home/nvidia/netmambaplus-reproduction/runs/ciciot-ft-seed2/logs
[00:12:48.769309] Epoch: [54]  [ 0/66]  lr: 0.000741  loss: 0.7774 (0.7774)  eta: 0:01:00  time: 0.9157  data: 0.2677  max mem: 2933
[00:13:00.876621] Epoch: [54]  [20/66]  lr: 0.000737  loss: 0.7148 (0.7134)  eta: 0:00:28  time: 0.6053  data: 0.0003  max mem: 2933
[00:13:13.351762] Epoch: [54]  [40/66]  lr: 0.000733  loss: 0.6814 (0.7031)  eta: 0:00:16  time: 0.6237  data: 0.0003  max mem: 2933
[00:13:25.814797] Epoch: [54]  [60/66]  lr: 0.000729  loss: 0.6921 (0.6998)  eta: 0:00:03  time: 0.6231  data: 0.0002  max mem: 2933
[00:13:28.129824] Epoch: [54]  [65/66]  lr: 0.000727  loss: 0.6979 (0.6984)  eta: 0:00:00  time: 0.5821  data: 0.0002  max mem: 2933
[00:13:28.210434] Epoch: [54] Total time: 0:00:40 (0.6115 s / it)
[00:13:28.210512] Averaged stats: lr: 0.000727  loss: 0.6979 (0.6984)
/home/nvidia/netmambaplus-reproduction/upstream/NetMambaPlus/src/engine_mm.py:220: FutureWarning: `torch.cuda.amp.autocast(args...)` is deprecated. Please use `torch.amp.autocast('cuda', args...)` instead.
  with torch.cuda.amp.autocast():
[00:13:28.530270] Test:  [0/9]  loss: 0.3225 (0.3225)  acc1: 0.8984 (0.8984)  acc3: 0.9922 (0.9922)  eta: 0:00:02  time: 0.3166  data: 0.1763  max mem: 2933
[00:13:29.401273] Test:  [8/9]  loss: 0.3618 (0.4339)  acc1: 0.8516 (0.8538)  acc3: 0.9922 (0.9846)  eta: 0:00:00  time: 0.1319  data: 0.0198  max mem: 2933
[00:13:29.509330] Test: Total time: 0:00:01 (0.1441 s / it)
[00:13:29.579693] * Acc@1 0.8538 Acc@3 0.9846 loss 0.4339
[00:13:29.579748] * Pre 0.8633 Rec 0.8538 F1 0.8524
[00:13:29.582257] Accuracy of the network on test samples: 0.8538
[00:13:29.582851] F1 of the network on test samples: 0.8524
[00:13:29.582861] Max Accuracy: 0.8615
[00:13:29.582869] Max F1: 0.8625
[00:13:29.586291] log_dir: /home/nvidia/netmambaplus-reproduction/runs/ciciot-ft-seed2/logs
[00:13:30.483732] Epoch: [55]  [ 0/66]  lr: 0.000727  loss: 0.6568 (0.6568)  eta: 0:00:59  time: 0.8946  data: 0.2477  max mem: 2933
[00:13:42.543137] Epoch: [55]  [20/66]  lr: 0.000723  loss: 0.7187 (0.7148)  eta: 0:00:28  time: 0.6029  data: 0.0003  max mem: 2933
[00:13:54.957211] Epoch: [55]  [40/66]  lr: 0.000719  loss: 0.7001 (0.7070)  eta: 0:00:16  time: 0.6207  data: 0.0002  max mem: 2933
[00:14:07.349862] Epoch: [55]  [60/66]  lr: 0.000714  loss: 0.7078 (0.7048)  eta: 0:00:03  time: 0.6196  data: 0.0002  max mem: 2933
[00:14:09.853761] Epoch: [55]  [65/66]  lr: 0.000713  loss: 0.6982 (0.7029)  eta: 0:00:00  time: 0.5904  data: 0.0002  max mem: 2933
[00:14:09.959546] Epoch: [55] Total time: 0:00:40 (0.6117 s / it)
[00:14:09.959824] Averaged stats: lr: 0.000713  loss: 0.6982 (0.7029)
/home/nvidia/netmambaplus-reproduction/upstream/NetMambaPlus/src/engine_mm.py:220: FutureWarning: `torch.cuda.amp.autocast(args...)` is deprecated. Please use `torch.amp.autocast('cuda', args...)` instead.
  with torch.cuda.amp.autocast():
[00:14:10.296506] Test:  [0/9]  loss: 0.3809 (0.3809)  acc1: 0.8984 (0.8984)  acc3: 0.9922 (0.9922)  eta: 0:00:02  time: 0.3307  data: 0.2256  max mem: 2933
[00:14:11.255114] Test:  [8/9]  loss: 0.4539 (0.4627)  acc1: 0.8438 (0.8490)  acc3: 0.9922 (0.9865)  eta: 0:00:00  time: 0.1432  data: 0.0252  max mem: 2933
[00:14:11.338311] Test: Total time: 0:00:01 (0.1529 s / it)
[00:14:11.404610] * Acc@1 0.8490 Acc@3 0.9865 loss 0.4627
[00:14:11.404677] * Pre 0.8666 Rec 0.8490 F1 0.8506
[00:14:11.407082] Accuracy of the network on test samples: 0.8490
[00:14:11.407093] F1 of the network on test samples: 0.8506
[00:14:11.407099] Max Accuracy: 0.8615
[00:14:11.407105] Max F1: 0.8625
[00:14:11.410701] log_dir: /home/nvidia/netmambaplus-reproduction/runs/ciciot-ft-seed2/logs
[00:14:12.212781] Epoch: [56]  [ 0/66]  lr: 0.000713  loss: 0.6393 (0.6393)  eta: 0:00:52  time: 0.7992  data: 0.2375  max mem: 2933
[00:14:24.210550] Epoch: [56]  [20/66]  lr: 0.000709  loss: 0.7059 (0.7166)  eta: 0:00:28  time: 0.5998  data: 0.0003  max mem: 2933
[00:14:36.652206] Epoch: [56]  [40/66]  lr: 0.000705  loss: 0.6957 (0.7070)  eta: 0:00:16  time: 0.6220  data: 0.0002  max mem: 2933
[00:14:49.095382] Epoch: [56]  [60/66]  lr: 0.000700  loss: 0.7034 (0.7088)  eta: 0:00:03  time: 0.6221  data: 0.0002  max mem: 2933
[00:14:51.592700] Epoch: [56]  [65/66]  lr: 0.000699  loss: 0.7034 (0.7101)  eta: 0:00:00  time: 0.5921  data: 0.0002  max mem: 2933
[00:14:51.701064] Epoch: [56] Total time: 0:00:40 (0.6105 s / it)
[00:14:51.701598] Averaged stats: lr: 0.000699  loss: 0.7034 (0.7101)
/home/nvidia/netmambaplus-reproduction/upstream/NetMambaPlus/src/engine_mm.py:220: FutureWarning: `torch.cuda.amp.autocast(args...)` is deprecated. Please use `torch.amp.autocast('cuda', args...)` instead.
  with torch.cuda.amp.autocast():
[00:14:52.013933] Test:  [0/9]  loss: 0.3438 (0.3438)  acc1: 0.8906 (0.8906)  acc3: 1.0000 (1.0000)  eta: 0:00:02  time: 0.3051  data: 0.2097  max mem: 2933
[00:14:52.912466] Test:  [8/9]  loss: 0.3804 (0.4354)  acc1: 0.8438 (0.8538)  acc3: 1.0000 (0.9885)  eta: 0:00:00  time: 0.1337  data: 0.0234  max mem: 2933
[00:14:53.014833] Test: Total time: 0:00:01 (0.1456 s / it)
[00:14:53.081760] * Acc@1 0.8538 Acc@3 0.9885 loss 0.4354
[00:14:53.081844] * Pre 0.8618 Rec 0.8538 F1 0.8530
[00:14:53.083864] Accuracy of the network on test samples: 0.8538
[00:14:53.083875] F1 of the network on test samples: 0.8530
[00:14:53.083881] Max Accuracy: 0.8615
[00:14:53.083886] Max F1: 0.8625
[00:14:53.087044] log_dir: /home/nvidia/netmambaplus-reproduction/runs/ciciot-ft-seed2/logs
[00:14:53.765663] Epoch: [57]  [ 0/66]  lr: 0.000699  loss: 0.6889 (0.6889)  eta: 0:00:44  time: 0.6757  data: 0.1941  max mem: 2933
[00:15:05.908341] Epoch: [57]  [20/66]  lr: 0.000695  loss: 0.7184 (0.7194)  eta: 0:00:28  time: 0.6071  data: 0.0002  max mem: 2933
[00:15:18.602253] Epoch: [57]  [40/66]  lr: 0.000690  loss: 0.6837 (0.7098)  eta: 0:00:16  time: 0.6346  data: 0.0002  max mem: 2933
[00:15:31.290351] Epoch: [57]  [60/66]  lr: 0.000686  loss: 0.7088 (0.7093)  eta: 0:00:03  time: 0.6343  data: 0.0003  max mem: 2933
[00:15:33.822045] Epoch: [57]  [65/66]  lr: 0.000685  loss: 0.7088 (0.7189)  eta: 0:00:00  time: 0.6025  data: 0.0003  max mem: 2933
[00:15:33.939466] Epoch: [57] Total time: 0:00:40 (0.6190 s / it)
[00:15:33.939563] Averaged stats: lr: 0.000685  loss: 0.7088 (0.7189)
/home/nvidia/netmambaplus-reproduction/upstream/NetMambaPlus/src/engine_mm.py:220: FutureWarning: `torch.cuda.amp.autocast(args...)` is deprecated. Please use `torch.amp.autocast('cuda', args...)` instead.
  with torch.cuda.amp.autocast():
[00:15:34.334109] Test:  [0/9]  loss: 0.3342 (0.3342)  acc1: 0.8906 (0.8906)  acc3: 1.0000 (1.0000)  eta: 0:00:03  time: 0.3894  data: 0.2472  max mem: 2933
[00:15:35.154297] Test:  [8/9]  loss: 0.4019 (0.4370)  acc1: 0.8594 (0.8644)  acc3: 1.0000 (0.9875)  eta: 0:00:00  time: 0.1343  data: 0.0277  max mem: 2933
[00:15:35.244933] Test: Total time: 0:00:01 (0.1448 s / it)
[00:15:35.321216] * Acc@1 0.8644 Acc@3 0.9875 loss 0.4370
[00:15:35.321330] * Pre 0.8708 Rec 0.8644 F1 0.8654
[00:15:35.377647] Accuracy of the network on test samples: 0.8644
[00:15:35.377687] F1 of the network on test samples: 0.8654
[00:15:35.377693] Max Accuracy: 0.8644
[00:15:35.377699] Max F1: 0.8654
[00:15:35.380908] log_dir: /home/nvidia/netmambaplus-reproduction/runs/ciciot-ft-seed2/logs
[00:15:36.058259] Epoch: [58]  [ 0/66]  lr: 0.000684  loss: 0.6567 (0.6567)  eta: 0:00:44  time: 0.6748  data: 0.1946  max mem: 2933
[00:15:48.237979] Epoch: [58]  [20/66]  lr: 0.000680  loss: 0.7068 (0.7234)  eta: 0:00:28  time: 0.6089  data: 0.0004  max mem: 2933
[00:16:00.922351] Epoch: [58]  [40/66]  lr: 0.000676  loss: 0.6931 (0.7106)  eta: 0:00:16  time: 0.6341  data: 0.0003  max mem: 2933
[00:16:13.584602] Epoch: [58]  [60/66]  lr: 0.000671  loss: 0.6852 (0.7053)  eta: 0:00:03  time: 0.6331  data: 0.0003  max mem: 2933
[00:16:16.140821] Epoch: [58]  [65/66]  lr: 0.000670  loss: 0.7181 (0.7062)  eta: 0:00:00  time: 0.6021  data: 0.0003  max mem: 2933
[00:16:16.277630] Epoch: [58] Total time: 0:00:40 (0.6196 s / it)
[00:16:16.277743] Averaged stats: lr: 0.000670  loss: 0.7181 (0.7062)
/home/nvidia/netmambaplus-reproduction/upstream/NetMambaPlus/src/engine_mm.py:220: FutureWarning: `torch.cuda.amp.autocast(args...)` is deprecated. Please use `torch.amp.autocast('cuda', args...)` instead.
  with torch.cuda.amp.autocast():
[00:16:16.702503] Test:  [0/9]  loss: 0.3267 (0.3267)  acc1: 0.8984 (0.8984)  acc3: 1.0000 (1.0000)  eta: 0:00:03  time: 0.4177  data: 0.2739  max mem: 2933
[00:16:17.529482] Test:  [8/9]  loss: 0.4292 (0.4457)  acc1: 0.8359 (0.8615)  acc3: 0.9922 (0.9894)  eta: 0:00:00  time: 0.1382  data: 0.0306  max mem: 2933
[00:16:17.629789] Test: Total time: 0:00:01 (0.1500 s / it)
[00:16:17.700161] * Acc@1 0.8615 Acc@3 0.9894 loss 0.4457
[00:16:17.700226] * Pre 0.8701 Rec 0.8615 F1 0.8628
[00:16:17.701512] Accuracy of the network on test samples: 0.8615
[00:16:17.701521] F1 of the network on test samples: 0.8628
[00:16:17.701527] Max Accuracy: 0.8644
[00:16:17.701531] Max F1: 0.8654
[00:16:17.704852] log_dir: /home/nvidia/netmambaplus-reproduction/runs/ciciot-ft-seed2/logs
[00:16:18.505065] Epoch: [59]  [ 0/66]  lr: 0.000670  loss: 0.6977 (0.6977)  eta: 0:00:52  time: 0.7974  data: 0.1831  max mem: 2933
[00:16:30.545371] Epoch: [59]  [20/66]  lr: 0.000665  loss: 0.7115 (0.7079)  eta: 0:00:28  time: 0.6019  data: 0.0002  max mem: 2933
[00:16:43.219700] Epoch: [59]  [40/66]  lr: 0.000661  loss: 0.6840 (0.7050)  eta: 0:00:16  time: 0.6337  data: 0.0003  max mem: 2933
[00:16:55.916479] Epoch: [59]  [60/66]  lr: 0.000656  loss: 0.7060 (0.7065)  eta: 0:00:03  time: 0.6348  data: 0.0003  max mem: 2933
[00:16:58.500924] Epoch: [59]  [65/66]  lr: 0.000655  loss: 0.6936 (0.7009)  eta: 0:00:00  time: 0.6057  data: 0.0003  max mem: 2933
[00:16:58.625309] Epoch: [59] Total time: 0:00:40 (0.6200 s / it)
[00:16:58.625430] Averaged stats: lr: 0.000655  loss: 0.6936 (0.7009)
/home/nvidia/netmambaplus-reproduction/upstream/NetMambaPlus/src/engine_mm.py:220: FutureWarning: `torch.cuda.amp.autocast(args...)` is deprecated. Please use `torch.amp.autocast('cuda', args...)` instead.
  with torch.cuda.amp.autocast():
[00:16:59.034095] Test:  [0/9]  loss: 0.3396 (0.3396)  acc1: 0.8984 (0.8984)  acc3: 0.9922 (0.9922)  eta: 0:00:03  time: 0.4037  data: 0.2595  max mem: 2933
[00:16:59.998475] Test:  [8/9]  loss: 0.4053 (0.4365)  acc1: 0.8125 (0.8567)  acc3: 0.9922 (0.9856)  eta: 0:00:00  time: 0.1519  data: 0.0290  max mem: 2933
[00:17:00.121626] Test: Total time: 0:00:01 (0.1660 s / it)
[00:17:00.192757] * Acc@1 0.8567 Acc@3 0.9856 loss 0.4365
[00:17:00.192848] * Pre 0.8633 Rec 0.8567 F1 0.8576
[00:17:00.195578] Accuracy of the network on test samples: 0.8567
[00:17:00.196149] F1 of the network on test samples: 0.8576
[00:17:00.196160] Max Accuracy: 0.8644
[00:17:00.196170] Max F1: 0.8654
[00:17:00.200257] log_dir: /home/nvidia/netmambaplus-reproduction/runs/ciciot-ft-seed2/logs
[00:17:01.098318] Epoch: [60]  [ 0/66]  lr: 0.000655  loss: 0.6538 (0.6538)  eta: 0:00:59  time: 0.8960  data: 0.2780  max mem: 2933
[00:17:13.116053] Epoch: [60]  [20/66]  lr: 0.000650  loss: 0.7070 (0.7143)  eta: 0:00:28  time: 0.6008  data: 0.0003  max mem: 2933
[00:17:25.785075] Epoch: [60]  [40/66]  lr: 0.000646  loss: 0.7040 (0.7082)  eta: 0:00:16  time: 0.6334  data: 0.0002  max mem: 2933
[00:17:38.303469] Epoch: [60]  [60/66]  lr: 0.000641  loss: 0.6803 (0.7017)  eta: 0:00:03  time: 0.6259  data: 0.0002  max mem: 2933
[00:17:40.816177] Epoch: [60]  [65/66]  lr: 0.000640  loss: 0.6862 (0.6945)  eta: 0:00:00  time: 0.5942  data: 0.0003  max mem: 2933
[00:17:40.942415] Epoch: [60] Total time: 0:00:40 (0.6173 s / it)
[00:17:40.942543] Averaged stats: lr: 0.000640  loss: 0.6862 (0.6945)
/home/nvidia/netmambaplus-reproduction/upstream/NetMambaPlus/src/engine_mm.py:220: FutureWarning: `torch.cuda.amp.autocast(args...)` is deprecated. Please use `torch.amp.autocast('cuda', args...)` instead.
  with torch.cuda.amp.autocast():
[00:17:41.334010] Test:  [0/9]  loss: 0.3660 (0.3660)  acc1: 0.8984 (0.8984)  acc3: 1.0000 (1.0000)  eta: 0:00:03  time: 0.3870  data: 0.2349  max mem: 2933
[00:17:42.328106] Test:  [8/9]  loss: 0.3660 (0.4278)  acc1: 0.8750 (0.8510)  acc3: 1.0000 (0.9875)  eta: 0:00:00  time: 0.1534  data: 0.0262  max mem: 2933
[00:17:42.438038] Test: Total time: 0:00:01 (0.1658 s / it)
[00:17:42.504000] * Acc@1 0.8510 Acc@3 0.9875 loss 0.4278
[00:17:42.504062] * Pre 0.8632 Rec 0.8510 F1 0.8496
[00:17:42.505998] Accuracy of the network on test samples: 0.8510
[00:17:42.507243] F1 of the network on test samples: 0.8496
[00:17:42.507290] Max Accuracy: 0.8644
[00:17:42.507302] Max F1: 0.8654
[00:17:42.510642] log_dir: /home/nvidia/netmambaplus-reproduction/runs/ciciot-ft-seed2/logs
[00:17:43.288362] Epoch: [61]  [ 0/66]  lr: 0.000640  loss: 0.7799 (0.7799)  eta: 0:00:51  time: 0.7743  data: 0.2372  max mem: 2933
[00:17:55.102852] Epoch: [61]  [20/66]  lr: 0.000635  loss: 0.6767 (0.6957)  eta: 0:00:27  time: 0.5907  data: 0.0003  max mem: 2933
[00:18:07.519900] Epoch: [61]  [40/66]  lr: 0.000631  loss: 0.6838 (0.6901)  eta: 0:00:15  time: 0.6208  data: 0.0002  max mem: 2933
[00:18:19.993492] Epoch: [61]  [60/66]  lr: 0.000626  loss: 0.7197 (0.6970)  eta: 0:00:03  time: 0.6236  data: 0.0002  max mem: 2933
[00:18:22.529627] Epoch: [61]  [65/66]  lr: 0.000625  loss: 0.7324 (0.7061)  eta: 0:00:00  time: 0.5937  data: 0.0002  max mem: 2933
[00:18:22.648953] Epoch: [61] Total time: 0:00:40 (0.6082 s / it)
[00:18:22.649219] Averaged stats: lr: 0.000625  loss: 0.7324 (0.7061)
/home/nvidia/netmambaplus-reproduction/upstream/NetMambaPlus/src/engine_mm.py:220: FutureWarning: `torch.cuda.amp.autocast(args...)` is deprecated. Please use `torch.amp.autocast('cuda', args...)` instead.
  with torch.cuda.amp.autocast():
[00:18:23.027394] Test:  [0/9]  loss: 0.3157 (0.3157)  acc1: 0.8906 (0.8906)  acc3: 0.9922 (0.9922)  eta: 0:00:03  time: 0.3728  data: 0.2297  max mem: 2933
[00:18:24.014172] Test:  [8/9]  loss: 0.4121 (0.4467)  acc1: 0.8203 (0.8596)  acc3: 0.9922 (0.9894)  eta: 0:00:00  time: 0.1510  data: 0.0256  max mem: 2933
[00:18:24.135224] Test: Total time: 0:00:01 (0.1647 s / it)
[00:18:24.201262] * Acc@1 0.8596 Acc@3 0.9894 loss 0.4467
[00:18:24.201332] * Pre 0.8665 Rec 0.8596 F1 0.8607
[00:18:24.203289] Accuracy of the network on test samples: 0.8596
[00:18:24.204148] F1 of the network on test samples: 0.8607
[00:18:24.204364] Max Accuracy: 0.8644
[00:18:24.204402] Max F1: 0.8654
[00:18:24.207006] log_dir: /home/nvidia/netmambaplus-reproduction/runs/ciciot-ft-seed2/logs
[00:18:24.974285] Epoch: [62]  [ 0/66]  lr: 0.000625  loss: 0.7167 (0.7167)  eta: 0:00:50  time: 0.7640  data: 0.2497  max mem: 2933
[00:18:36.738603] Epoch: [62]  [20/66]  lr: 0.000620  loss: 0.7151 (0.7208)  eta: 0:00:27  time: 0.5882  data: 0.0002  max mem: 2933
[00:18:49.165483] Epoch: [62]  [40/66]  lr: 0.000615  loss: 0.6939 (0.7133)  eta: 0:00:15  time: 0.6213  data: 0.0003  max mem: 2933
[00:19:01.558439] Epoch: [62]  [60/66]  lr: 0.000611  loss: 0.7232 (0.7142)  eta: 0:00:03  time: 0.6196  data: 0.0002  max mem: 2933
[00:19:04.074304] Epoch: [62]  [65/66]  lr: 0.000610  loss: 0.6933 (0.7068)  eta: 0:00:00  time: 0.5902  data: 0.0002  max mem: 2933
[00:19:04.190079] Epoch: [62] Total time: 0:00:39 (0.6058 s / it)
[00:19:04.190375] Averaged stats: lr: 0.000610  loss: 0.6933 (0.7068)
/home/nvidia/netmambaplus-reproduction/upstream/NetMambaPlus/src/engine_mm.py:220: FutureWarning: `torch.cuda.amp.autocast(args...)` is deprecated. Please use `torch.amp.autocast('cuda', args...)` instead.
  with torch.cuda.amp.autocast():
[00:19:04.592583] Test:  [0/9]  loss: 0.3799 (0.3799)  acc1: 0.8906 (0.8906)  acc3: 1.0000 (1.0000)  eta: 0:00:03  time: 0.3979  data: 0.2554  max mem: 2933
[00:19:05.578525] Test:  [8/9]  loss: 0.4385 (0.4478)  acc1: 0.8438 (0.8606)  acc3: 1.0000 (0.9875)  eta: 0:00:00  time: 0.1537  data: 0.0285  max mem: 2933
[00:19:05.694644] Test: Total time: 0:00:01 (0.1669 s / it)
[00:19:05.760422] * Acc@1 0.8606 Acc@3 0.9875 loss 0.4478
[00:19:05.760515] * Pre 0.8708 Rec 0.8606 F1 0.8621
[00:19:05.762661] Accuracy of the network on test samples: 0.8606
[00:19:05.763649] F1 of the network on test samples: 0.8621
[00:19:05.763671] Max Accuracy: 0.8644
[00:19:05.763677] Max F1: 0.8654
[00:19:05.766556] log_dir: /home/nvidia/netmambaplus-reproduction/runs/ciciot-ft-seed2/logs
[00:19:06.680416] Epoch: [63]  [ 0/66]  lr: 0.000609  loss: 0.6722 (0.6722)  eta: 0:01:00  time: 0.9109  data: 0.2735  max mem: 2933
[00:19:18.260653] Epoch: [63]  [20/66]  lr: 0.000605  loss: 0.6931 (0.6966)  eta: 0:00:27  time: 0.5790  data: 0.0002  max mem: 2933
[00:19:30.710710] Epoch: [63]  [40/66]  lr: 0.000600  loss: 0.6921 (0.6944)  eta: 0:00:15  time: 0.6224  data: 0.0002  max mem: 2933
[00:19:43.097425] Epoch: [63]  [60/66]  lr: 0.000595  loss: 0.7125 (0.6980)  eta: 0:00:03  time: 0.6193  data: 0.0002  max mem: 2933
[00:19:45.606845] Epoch: [63]  [65/66]  lr: 0.000594  loss: 0.7135 (0.7013)  eta: 0:00:00  time: 0.5894  data: 0.0002  max mem: 2933
[00:19:45.737240] Epoch: [63] Total time: 0:00:39 (0.6056 s / it)
[00:19:45.737317] Averaged stats: lr: 0.000594  loss: 0.7135 (0.7013)
/home/nvidia/netmambaplus-reproduction/upstream/NetMambaPlus/src/engine_mm.py:220: FutureWarning: `torch.cuda.amp.autocast(args...)` is deprecated. Please use `torch.amp.autocast('cuda', args...)` instead.
  with torch.cuda.amp.autocast():
[00:19:46.194286] Test:  [0/9]  loss: 0.3503 (0.3503)  acc1: 0.8906 (0.8906)  acc3: 1.0000 (1.0000)  eta: 0:00:04  time: 0.4502  data: 0.3071  max mem: 2933
[00:19:47.178412] Test:  [8/9]  loss: 0.4160 (0.4492)  acc1: 0.8672 (0.8538)  acc3: 0.9922 (0.9865)  eta: 0:00:00  time: 0.1593  data: 0.0342  max mem: 2933
[00:19:47.286617] Test: Total time: 0:00:01 (0.1719 s / it)
[00:19:47.355963] * Acc@1 0.8538 Acc@3 0.9865 loss 0.4492
[00:19:47.356034] * Pre 0.8616 Rec 0.8538 F1 0.8529
[00:19:47.357924] Accuracy of the network on test samples: 0.8538
[00:19:47.357939] F1 of the network on test samples: 0.8529
[00:19:47.357950] Max Accuracy: 0.8644
[00:19:47.357961] Max F1: 0.8654
[00:19:47.362120] log_dir: /home/nvidia/netmambaplus-reproduction/runs/ciciot-ft-seed2/logs
[00:19:48.264409] Epoch: [64]  [ 0/66]  lr: 0.000594  loss: 0.7627 (0.7627)  eta: 0:00:59  time: 0.8991  data: 0.2649  max mem: 2933
[00:19:59.816080] Epoch: [64]  [20/66]  lr: 0.000589  loss: 0.7018 (0.7192)  eta: 0:00:27  time: 0.5775  data: 0.0002  max mem: 2933
[00:20:12.579134] Epoch: [64]  [40/66]  lr: 0.000585  loss: 0.6890 (0.7052)  eta: 0:00:15  time: 0.6381  data: 0.0003  max mem: 2933
[00:20:25.319663] Epoch: [64]  [60/66]  lr: 0.000580  loss: 0.6994 (0.7025)  eta: 0:00:03  time: 0.6369  data: 0.0003  max mem: 2933
[00:20:27.833814] Epoch: [64]  [65/66]  lr: 0.000579  loss: 0.6790 (0.7002)  eta: 0:00:00  time: 0.6027  data: 0.0003  max mem: 2933
[00:20:27.948911] Epoch: [64] Total time: 0:00:40 (0.6150 s / it)
[00:20:27.948995] Averaged stats: lr: 0.000579  loss: 0.6790 (0.7002)
/home/nvidia/netmambaplus-reproduction/upstream/NetMambaPlus/src/engine_mm.py:220: FutureWarning: `torch.cuda.amp.autocast(args...)` is deprecated. Please use `torch.amp.autocast('cuda', args...)` instead.
  with torch.cuda.amp.autocast():
[00:20:28.346886] Test:  [0/9]  loss: 0.3123 (0.3123)  acc1: 0.8984 (0.8984)  acc3: 1.0000 (1.0000)  eta: 0:00:03  time: 0.3924  data: 0.2472  max mem: 2933
[00:20:29.364300] Test:  [8/9]  loss: 0.3967 (0.4396)  acc1: 0.8281 (0.8625)  acc3: 0.9844 (0.9875)  eta: 0:00:00  time: 0.1565  data: 0.0277  max mem: 2933
[00:20:29.476359] Test: Total time: 0:00:01 (0.1694 s / it)
[00:20:29.548534] * Acc@1 0.8625 Acc@3 0.9875 loss 0.4396
[00:20:29.548609] * Pre 0.8709 Rec 0.8625 F1 0.8638
[00:20:29.551400] Accuracy of the network on test samples: 0.8625
[00:20:29.551412] F1 of the network on test samples: 0.8638
[00:20:29.551423] Max Accuracy: 0.8644
[00:20:29.551430] Max F1: 0.8654
[00:20:29.556105] log_dir: /home/nvidia/netmambaplus-reproduction/runs/ciciot-ft-seed2/logs
[00:20:30.466239] Epoch: [65]  [ 0/66]  lr: 0.000579  loss: 0.7511 (0.7511)  eta: 0:00:59  time: 0.9072  data: 0.2570  max mem: 2933
[00:20:42.198715] Epoch: [65]  [20/66]  lr: 0.000574  loss: 0.6916 (0.6963)  eta: 0:00:27  time: 0.5866  data: 0.0003  max mem: 2933
[00:20:54.877642] Epoch: [65]  [40/66]  lr: 0.000569  loss: 0.6963 (0.6980)  eta: 0:00:16  time: 0.6339  data: 0.0003  max mem: 2933
[00:21:07.564624] Epoch: [65]  [60/66]  lr: 0.000565  loss: 0.6944 (0.6957)  eta: 0:00:03  time: 0.6343  data: 0.0002  max mem: 2933
[00:21:10.071839] Epoch: [65]  [65/66]  lr: 0.000563  loss: 0.7206 (0.6986)  eta: 0:00:00  time: 0.6024  data: 0.0002  max mem: 2933
[00:21:10.200735] Epoch: [65] Total time: 0:00:40 (0.6158 s / it)
[00:21:10.200809] Averaged stats: lr: 0.000563  loss: 0.7206 (0.6986)
/home/nvidia/netmambaplus-reproduction/upstream/NetMambaPlus/src/engine_mm.py:220: FutureWarning: `torch.cuda.amp.autocast(args...)` is deprecated. Please use `torch.amp.autocast('cuda', args...)` instead.
  with torch.cuda.amp.autocast():
[00:21:10.605117] Test:  [0/9]  loss: 0.3420 (0.3420)  acc1: 0.8984 (0.8984)  acc3: 1.0000 (1.0000)  eta: 0:00:03  time: 0.3996  data: 0.2504  max mem: 2933
[00:21:11.615396] Test:  [8/9]  loss: 0.4250 (0.4409)  acc1: 0.8359 (0.8615)  acc3: 0.9922 (0.9904)  eta: 0:00:00  time: 0.1566  data: 0.0281  max mem: 2933
[00:21:11.741786] Test: Total time: 0:00:01 (0.1709 s / it)
[00:21:11.815397] * Acc@1 0.8615 Acc@3 0.9904 loss 0.4409
[00:21:11.815478] * Pre 0.8701 Rec 0.8615 F1 0.8628
[00:21:11.817511] Accuracy of the network on test samples: 0.8615
[00:21:11.818031] F1 of the network on test samples: 0.8628
[00:21:11.818039] Max Accuracy: 0.8644
[00:21:11.818046] Max F1: 0.8654
[00:21:11.820778] log_dir: /home/nvidia/netmambaplus-reproduction/runs/ciciot-ft-seed2/logs
[00:21:12.760619] Epoch: [66]  [ 0/66]  lr: 0.000563  loss: 0.6063 (0.6063)  eta: 0:01:01  time: 0.9368  data: 0.2853  max mem: 2933
[00:21:24.556986] Epoch: [66]  [20/66]  lr: 0.000558  loss: 0.7230 (0.7256)  eta: 0:00:27  time: 0.5898  data: 0.0003  max mem: 2933
[00:21:37.146148] Epoch: [66]  [40/66]  lr: 0.000554  loss: 0.6914 (0.7082)  eta: 0:00:16  time: 0.6294  data: 0.0003  max mem: 2933
[00:21:49.845049] Epoch: [66]  [60/66]  lr: 0.000549  loss: 0.6883 (0.7010)  eta: 0:00:03  time: 0.6349  data: 0.0002  max mem: 2933
[00:21:52.428279] Epoch: [66]  [65/66]  lr: 0.000548  loss: 0.7005 (0.7043)  eta: 0:00:00  time: 0.6045  data: 0.0002  max mem: 2933
[00:21:52.549808] Epoch: [66] Total time: 0:00:40 (0.6171 s / it)
[00:21:52.549898] Averaged stats: lr: 0.000548  loss: 0.7005 (0.7043)
/home/nvidia/netmambaplus-reproduction/upstream/NetMambaPlus/src/engine_mm.py:220: FutureWarning: `torch.cuda.amp.autocast(args...)` is deprecated. Please use `torch.amp.autocast('cuda', args...)` instead.
  with torch.cuda.amp.autocast():
[00:21:52.929569] Test:  [0/9]  loss: 0.3674 (0.3674)  acc1: 0.8984 (0.8984)  acc3: 1.0000 (1.0000)  eta: 0:00:03  time: 0.3719  data: 0.2232  max mem: 2933
[00:21:53.939199] Test:  [8/9]  loss: 0.4094 (0.4353)  acc1: 0.8438 (0.8596)  acc3: 1.0000 (0.9923)  eta: 0:00:00  time: 0.1534  data: 0.0251  max mem: 2933
[00:21:54.051769] Test: Total time: 0:00:01 (0.1665 s / it)
[00:21:54.121736] * Acc@1 0.8596 Acc@3 0.9923 loss 0.4353
[00:21:54.121795] * Pre 0.8707 Rec 0.8596 F1 0.8610
[00:21:54.123780] Accuracy of the network on test samples: 0.8596
[00:21:54.124694] F1 of the network on test samples: 0.8610
[00:21:54.124733] Max Accuracy: 0.8644
[00:21:54.124776] Max F1: 0.8654
[00:21:54.128074] log_dir: /home/nvidia/netmambaplus-reproduction/runs/ciciot-ft-seed2/logs
[00:21:55.024264] Epoch: [67]  [ 0/66]  lr: 0.000548  loss: 0.7136 (0.7136)  eta: 0:00:58  time: 0.8934  data: 0.2512  max mem: 2933
[00:22:06.922517] Epoch: [67]  [20/66]  lr: 0.000543  loss: 0.6933 (0.7082)  eta: 0:00:28  time: 0.5948  data: 0.0003  max mem: 2933
[00:22:19.378347] Epoch: [67]  [40/66]  lr: 0.000538  loss: 0.6803 (0.7018)  eta: 0:00:16  time: 0.6227  data: 0.0003  max mem: 2933
[00:22:32.021188] Epoch: [67]  [60/66]  lr: 0.000533  loss: 0.7101 (0.7026)  eta: 0:00:03  time: 0.6320  data: 0.0002  max mem: 2933
[00:22:34.542093] Epoch: [67]  [65/66]  lr: 0.000532  loss: 0.7101 (0.7043)  eta: 0:00:00  time: 0.5989  data: 0.0002  max mem: 2933
[00:22:34.649970] Epoch: [67] Total time: 0:00:40 (0.6140 s / it)
[00:22:34.650335] Averaged stats: lr: 0.000532  loss: 0.7101 (0.7043)
/home/nvidia/netmambaplus-reproduction/upstream/NetMambaPlus/src/engine_mm.py:220: FutureWarning: `torch.cuda.amp.autocast(args...)` is deprecated. Please use `torch.amp.autocast('cuda', args...)` instead.
  with torch.cuda.amp.autocast():
[00:22:35.078927] Test:  [0/9]  loss: 0.3386 (0.3386)  acc1: 0.8984 (0.8984)  acc3: 0.9922 (0.9922)  eta: 0:00:03  time: 0.4244  data: 0.2778  max mem: 2933
[00:22:36.058611] Test:  [8/9]  loss: 0.4209 (0.4475)  acc1: 0.8438 (0.8538)  acc3: 0.9922 (0.9913)  eta: 0:00:00  time: 0.1559  data: 0.0310  max mem: 2933
[00:22:36.166134] Test: Total time: 0:00:01 (0.1682 s / it)
[00:22:36.235225] * Acc@1 0.8538 Acc@3 0.9913 loss 0.4475
[00:22:36.235296] * Pre 0.8622 Rec 0.8538 F1 0.8524
[00:22:36.237100] Accuracy of the network on test samples: 0.8538
[00:22:36.237524] F1 of the network on test samples: 0.8524
[00:22:36.237541] Max Accuracy: 0.8644
[00:22:36.237612] Max F1: 0.8654
[00:22:36.240151] log_dir: /home/nvidia/netmambaplus-reproduction/runs/ciciot-ft-seed2/logs
[00:22:37.100545] Epoch: [68]  [ 0/66]  lr: 0.000532  loss: 0.7038 (0.7038)  eta: 0:00:56  time: 0.8570  data: 0.2336  max mem: 2933
[00:22:48.910095] Epoch: [68]  [20/66]  lr: 0.000527  loss: 0.7045 (0.7023)  eta: 0:00:27  time: 0.5904  data: 0.0002  max mem: 2933
[00:23:01.079431] Epoch: [68]  [40/66]  lr: 0.000522  loss: 0.6840 (0.7009)  eta: 0:00:15  time: 0.6084  data: 0.0002  max mem: 2933
[00:23:13.602492] Epoch: [68]  [60/66]  lr: 0.000518  loss: 0.7108 (0.7010)  eta: 0:00:03  time: 0.6261  data: 0.0002  max mem: 2933
[00:23:16.104915] Epoch: [68]  [65/66]  lr: 0.000516  loss: 0.6984 (0.7039)  eta: 0:00:00  time: 0.5947  data: 0.0002  max mem: 2933
[00:23:16.211993] Epoch: [68] Total time: 0:00:39 (0.6056 s / it)
[00:23:16.212083] Averaged stats: lr: 0.000516  loss: 0.6984 (0.7039)
/home/nvidia/netmambaplus-reproduction/upstream/NetMambaPlus/src/engine_mm.py:220: FutureWarning: `torch.cuda.amp.autocast(args...)` is deprecated. Please use `torch.amp.autocast('cuda', args...)` instead.
  with torch.cuda.amp.autocast():
[00:23:16.614688] Test:  [0/9]  loss: 0.3389 (0.3389)  acc1: 0.8984 (0.8984)  acc3: 0.9922 (0.9922)  eta: 0:00:03  time: 0.3976  data: 0.2523  max mem: 2933
[00:23:17.599640] Test:  [8/9]  loss: 0.4070 (0.4415)  acc1: 0.8281 (0.8577)  acc3: 0.9922 (0.9885)  eta: 0:00:00  time: 0.1535  data: 0.0282  max mem: 2933
[00:23:17.731391] Test: Total time: 0:00:01 (0.1685 s / it)
[00:23:17.801384] * Acc@1 0.8577 Acc@3 0.9885 loss 0.4415
[00:23:17.801467] * Pre 0.8673 Rec 0.8577 F1 0.8590
[00:23:17.803459] Accuracy of the network on test samples: 0.8577
[00:23:17.803472] F1 of the network on test samples: 0.8590
[00:23:17.803480] Max Accuracy: 0.8644
[00:23:17.803486] Max F1: 0.8654
[00:23:17.807364] log_dir: /home/nvidia/netmambaplus-reproduction/runs/ciciot-ft-seed2/logs
[00:23:18.736009] Epoch: [69]  [ 0/66]  lr: 0.000516  loss: 0.7059 (0.7059)  eta: 0:01:01  time: 0.9261  data: 0.2755  max mem: 2933
[00:23:30.747355] Epoch: [69]  [20/66]  lr: 0.000511  loss: 0.7223 (0.7152)  eta: 0:00:28  time: 0.6005  data: 0.0002  max mem: 2933
[00:23:42.796874] Epoch: [69]  [40/66]  lr: 0.000507  loss: 0.6656 (0.7012)  eta: 0:00:15  time: 0.6024  data: 0.0003  max mem: 2933
[00:23:55.225503] Epoch: [69]  [60/66]  lr: 0.000502  loss: 0.7069 (0.7036)  eta: 0:00:03  time: 0.6214  data: 0.0003  max mem: 2933
[00:23:57.725682] Epoch: [69]  [65/66]  lr: 0.000501  loss: 0.7010 (0.7094)  eta: 0:00:00  time: 0.5903  data: 0.0003  max mem: 2933
[00:23:57.843040] Epoch: [69] Total time: 0:00:40 (0.6066 s / it)
[00:23:57.843345] Averaged stats: lr: 0.000501  loss: 0.7010 (0.7094)
/home/nvidia/netmambaplus-reproduction/upstream/NetMambaPlus/src/engine_mm.py:220: FutureWarning: `torch.cuda.amp.autocast(args...)` is deprecated. Please use `torch.amp.autocast('cuda', args...)` instead.
  with torch.cuda.amp.autocast():
[00:23:58.267699] Test:  [0/9]  loss: 0.3303 (0.3303)  acc1: 0.8984 (0.8984)  acc3: 0.9922 (0.9922)  eta: 0:00:03  time: 0.4169  data: 0.2726  max mem: 2933
[00:23:59.258825] Test:  [8/9]  loss: 0.4143 (0.4363)  acc1: 0.8438 (0.8615)  acc3: 0.9922 (0.9913)  eta: 0:00:00  time: 0.1564  data: 0.0304  max mem: 2933
[00:23:59.361242] Test: Total time: 0:00:01 (0.1684 s / it)
[00:23:59.427735] * Acc@1 0.8615 Acc@3 0.9913 loss 0.4363
[00:23:59.427793] * Pre 0.8719 Rec 0.8615 F1 0.8630
[00:23:59.429967] Accuracy of the network on test samples: 0.8615
[00:23:59.429980] F1 of the network on test samples: 0.8630
[00:23:59.429986] Max Accuracy: 0.8644
[00:23:59.429992] Max F1: 0.8654
[00:23:59.434596] log_dir: /home/nvidia/netmambaplus-reproduction/runs/ciciot-ft-seed2/logs
[00:24:00.301041] Epoch: [70]  [ 0/66]  lr: 0.000501  loss: 0.7089 (0.7089)  eta: 0:00:57  time: 0.8638  data: 0.2406  max mem: 2933
[00:24:12.226506] Epoch: [70]  [20/66]  lr: 0.000496  loss: 0.7053 (0.7123)  eta: 0:00:28  time: 0.5962  data: 0.0002  max mem: 2933
[00:24:24.237560] Epoch: [70]  [40/66]  lr: 0.000491  loss: 0.6852 (0.7044)  eta: 0:00:15  time: 0.6005  data: 0.0003  max mem: 2933
[00:24:36.608475] Epoch: [70]  [60/66]  lr: 0.000486  loss: 0.7118 (0.7028)  eta: 0:00:03  time: 0.6185  data: 0.0002  max mem: 2933
[00:24:39.119981] Epoch: [70]  [65/66]  lr: 0.000485  loss: 0.6958 (0.6989)  eta: 0:00:00  time: 0.5898  data: 0.0002  max mem: 2933
[00:24:39.244408] Epoch: [70] Total time: 0:00:39 (0.6032 s / it)
[00:24:39.244505] Averaged stats: lr: 0.000485  loss: 0.6958 (0.6989)
/home/nvidia/netmambaplus-reproduction/upstream/NetMambaPlus/src/engine_mm.py:220: FutureWarning: `torch.cuda.amp.autocast(args...)` is deprecated. Please use `torch.amp.autocast('cuda', args...)` instead.
  with torch.cuda.amp.autocast():
[00:24:39.635757] Test:  [0/9]  loss: 0.3567 (0.3567)  acc1: 0.8984 (0.8984)  acc3: 0.9922 (0.9922)  eta: 0:00:03  time: 0.3867  data: 0.2444  max mem: 2933
[00:24:40.623148] Test:  [8/9]  loss: 0.4607 (0.4492)  acc1: 0.8516 (0.8596)  acc3: 0.9922 (0.9865)  eta: 0:00:00  time: 0.1526  data: 0.0272  max mem: 2933
[00:24:40.726657] Test: Total time: 0:00:01 (0.1644 s / it)
[00:24:40.795970] * Acc@1 0.8596 Acc@3 0.9865 loss 0.4492
[00:24:40.796009] * Pre 0.8729 Rec 0.8596 F1 0.8616
[00:24:40.797753] Accuracy of the network on test samples: 0.8596
[00:24:40.797763] F1 of the network on test samples: 0.8616
[00:24:40.797769] Max Accuracy: 0.8644
[00:24:40.797777] Max F1: 0.8654
[00:24:40.801298] log_dir: /home/nvidia/netmambaplus-reproduction/runs/ciciot-ft-seed2/logs
[00:24:41.701358] Epoch: [71]  [ 0/66]  lr: 0.000485  loss: 0.6669 (0.6669)  eta: 0:00:59  time: 0.8978  data: 0.2720  max mem: 2933
[00:24:53.617362] Epoch: [71]  [20/66]  lr: 0.000480  loss: 0.7022 (0.7047)  eta: 0:00:28  time: 0.5958  data: 0.0002  max mem: 2933
[00:25:05.701158] Epoch: [71]  [40/66]  lr: 0.000475  loss: 0.7127 (0.7070)  eta: 0:00:15  time: 0.6041  data: 0.0003  max mem: 2933
[00:25:18.298467] Epoch: [71]  [60/66]  lr: 0.000471  loss: 0.6829 (0.6997)  eta: 0:00:03  time: 0.6298  data: 0.0002  max mem: 2933
[00:25:20.819866] Epoch: [71]  [65/66]  lr: 0.000469  loss: 0.6948 (0.6996)  eta: 0:00:00  time: 0.5989  data: 0.0003  max mem: 2933
[00:25:20.944622] Epoch: [71] Total time: 0:00:40 (0.6082 s / it)
[00:25:20.944713] Averaged stats: lr: 0.000469  loss: 0.6948 (0.6996)
/home/nvidia/netmambaplus-reproduction/upstream/NetMambaPlus/src/engine_mm.py:220: FutureWarning: `torch.cuda.amp.autocast(args...)` is deprecated. Please use `torch.amp.autocast('cuda', args...)` instead.
  with torch.cuda.amp.autocast():
[00:25:21.377871] Test:  [0/9]  loss: 0.3640 (0.3640)  acc1: 0.8984 (0.8984)  acc3: 0.9922 (0.9922)  eta: 0:00:03  time: 0.4281  data: 0.2778  max mem: 2933
[00:25:22.365995] Test:  [8/9]  loss: 0.3682 (0.4256)  acc1: 0.8750 (0.8538)  acc3: 0.9922 (0.9913)  eta: 0:00:00  time: 0.1573  data: 0.0310  max mem: 2933
[00:25:22.469986] Test: Total time: 0:00:01 (0.1692 s / it)
[00:25:22.546432] * Acc@1 0.8538 Acc@3 0.9913 loss 0.4256
[00:25:22.546481] * Pre 0.8644 Rec 0.8538 F1 0.8525
[00:25:22.549483] Accuracy of the network on test samples: 0.8538
[00:25:22.550603] F1 of the network on test samples: 0.8525
[00:25:22.550655] Max Accuracy: 0.8644
[00:25:22.550723] Max F1: 0.8654
[00:25:22.554095] log_dir: /home/nvidia/netmambaplus-reproduction/runs/ciciot-ft-seed2/logs
[00:25:23.471753] Epoch: [72]  [ 0/66]  lr: 0.000469  loss: 0.7369 (0.7369)  eta: 0:01:00  time: 0.9148  data: 0.2704  max mem: 2933
[00:25:35.679130] Epoch: [72]  [20/66]  lr: 0.000464  loss: 0.6687 (0.6850)  eta: 0:00:28  time: 0.6103  data: 0.0003  max mem: 2933
[00:25:47.874702] Epoch: [72]  [40/66]  lr: 0.000460  loss: 0.6912 (0.6941)  eta: 0:00:16  time: 0.6097  data: 0.0003  max mem: 2933
[00:26:00.540290] Epoch: [72]  [60/66]  lr: 0.000455  loss: 0.7050 (0.6990)  eta: 0:00:03  time: 0.6332  data: 0.0003  max mem: 2933
[00:26:03.111375] Epoch: [72]  [65/66]  lr: 0.000454  loss: 0.6923 (0.6940)  eta: 0:00:00  time: 0.6035  data: 0.0003  max mem: 2933
[00:26:03.242770] Epoch: [72] Total time: 0:00:40 (0.6165 s / it)
[00:26:03.242878] Averaged stats: lr: 0.000454  loss: 0.6923 (0.6940)
/home/nvidia/netmambaplus-reproduction/upstream/NetMambaPlus/src/engine_mm.py:220: FutureWarning: `torch.cuda.amp.autocast(args...)` is deprecated. Please use `torch.amp.autocast('cuda', args...)` instead.
  with torch.cuda.amp.autocast():
[00:26:03.639175] Test:  [0/9]  loss: 0.3506 (0.3506)  acc1: 0.8984 (0.8984)  acc3: 1.0000 (1.0000)  eta: 0:00:03  time: 0.3907  data: 0.2441  max mem: 2933
[00:26:04.646487] Test:  [8/9]  loss: 0.4551 (0.4436)  acc1: 0.8516 (0.8577)  acc3: 1.0000 (0.9904)  eta: 0:00:00  time: 0.1552  data: 0.0273  max mem: 2933
[00:26:04.754577] Test: Total time: 0:00:01 (0.1676 s / it)
[00:26:04.824964] * Acc@1 0.8577 Acc@3 0.9904 loss 0.4436
[00:26:04.825060] * Pre 0.8683 Rec 0.8577 F1 0.8587
[00:26:04.827705] Accuracy of the network on test samples: 0.8577
[00:26:04.828254] F1 of the network on test samples: 0.8587
[00:26:04.828261] Max Accuracy: 0.8644
[00:26:04.828695] Max F1: 0.8654
[00:26:04.831602] log_dir: /home/nvidia/netmambaplus-reproduction/runs/ciciot-ft-seed2/logs
[00:26:05.766978] Epoch: [73]  [ 0/66]  lr: 0.000453  loss: 0.8281 (0.8281)  eta: 0:01:01  time: 0.9324  data: 0.2785  max mem: 2933
[00:26:17.946853] Epoch: [73]  [20/66]  lr: 0.000449  loss: 0.6810 (0.6866)  eta: 0:00:28  time: 0.6089  data: 0.0003  max mem: 2933
[00:26:30.172245] Epoch: [73]  [40/66]  lr: 0.000444  loss: 0.6808 (0.6892)  eta: 0:00:16  time: 0.6112  data: 0.0004  max mem: 2933
[00:26:42.843511] Epoch: [73]  [60/66]  lr: 0.000439  loss: 0.7171 (0.6965)  eta: 0:00:03  time: 0.6335  data: 0.0003  max mem: 2933
[00:26:45.436866] Epoch: [73]  [65/66]  lr: 0.000438  loss: 0.6927 (0.6920)  eta: 0:00:00  time: 0.6047  data: 0.0003  max mem: 2933
[00:26:45.569602] Epoch: [73] Total time: 0:00:40 (0.6172 s / it)
[00:26:45.569685] Averaged stats: lr: 0.000438  loss: 0.6927 (0.6920)
/home/nvidia/netmambaplus-reproduction/upstream/NetMambaPlus/src/engine_mm.py:220: FutureWarning: `torch.cuda.amp.autocast(args...)` is deprecated. Please use `torch.amp.autocast('cuda', args...)` instead.
  with torch.cuda.amp.autocast():
[00:26:45.971523] Test:  [0/9]  loss: 0.3289 (0.3289)  acc1: 0.8984 (0.8984)  acc3: 1.0000 (1.0000)  eta: 0:00:03  time: 0.3963  data: 0.2487  max mem: 2933
[00:26:46.975124] Test:  [8/9]  loss: 0.3982 (0.4419)  acc1: 0.8203 (0.8625)  acc3: 1.0000 (0.9894)  eta: 0:00:00  time: 0.1555  data: 0.0278  max mem: 2933
[00:26:47.090523] Test: Total time: 0:00:01 (0.1687 s / it)
[00:26:47.162258] * Acc@1 0.8625 Acc@3 0.9894 loss 0.4419
[00:26:47.162353] * Pre 0.8684 Rec 0.8625 F1 0.8632
[00:26:47.164803] Accuracy of the network on test samples: 0.8625
[00:26:47.165591] F1 of the network on test samples: 0.8632
[00:26:47.165608] Max Accuracy: 0.8644
[00:26:47.165723] Max F1: 0.8654
[00:26:47.168724] log_dir: /home/nvidia/netmambaplus-reproduction/runs/ciciot-ft-seed2/logs
[00:26:48.068765] Epoch: [74]  [ 0/66]  lr: 0.000438  loss: 0.6820 (0.6820)  eta: 0:00:59  time: 0.8977  data: 0.2695  max mem: 2933
[00:27:00.253673] Epoch: [74]  [20/66]  lr: 0.000433  loss: 0.6813 (0.6654)  eta: 0:00:28  time: 0.6092  data: 0.0003  max mem: 2933
[00:27:12.554574] Epoch: [74]  [40/66]  lr: 0.000428  loss: 0.7022 (0.6852)  eta: 0:00:16  time: 0.6150  data: 0.0003  max mem: 2933
[00:27:25.241407] Epoch: [74]  [60/66]  lr: 0.000424  loss: 0.7000 (0.6902)  eta: 0:00:03  time: 0.6343  data: 0.0003  max mem: 2933
[00:27:27.805296] Epoch: [74]  [65/66]  lr: 0.000423  loss: 0.7114 (0.6887)  eta: 0:00:00  time: 0.6053  data: 0.0003  max mem: 2933
[00:27:27.917622] Epoch: [74] Total time: 0:00:40 (0.6174 s / it)
[00:27:27.917862] Averaged stats: lr: 0.000423  loss: 0.7114 (0.6887)
/home/nvidia/netmambaplus-reproduction/upstream/NetMambaPlus/src/engine_mm.py:220: FutureWarning: `torch.cuda.amp.autocast(args...)` is deprecated. Please use `torch.amp.autocast('cuda', args...)` instead.
  with torch.cuda.amp.autocast():
[00:27:28.320793] Test:  [0/9]  loss: 0.3330 (0.3330)  acc1: 0.8984 (0.8984)  acc3: 0.9922 (0.9922)  eta: 0:00:03  time: 0.3964  data: 0.2507  max mem: 2933
[00:27:29.309171] Test:  [8/9]  loss: 0.4209 (0.4417)  acc1: 0.8203 (0.8615)  acc3: 0.9922 (0.9875)  eta: 0:00:00  time: 0.1538  data: 0.0280  max mem: 2933
[00:27:29.420919] Test: Total time: 0:00:01 (0.1668 s / it)
[00:27:29.493840] * Acc@1 0.8615 Acc@3 0.9875 loss 0.4417
[00:27:29.493899] * Pre 0.8672 Rec 0.8615 F1 0.8622
[00:27:29.496384] Accuracy of the network on test samples: 0.8615
[00:27:29.496399] F1 of the network on test samples: 0.8622
[00:27:29.496405] Max Accuracy: 0.8644
[00:27:29.496410] Max F1: 0.8654
[00:27:29.500367] log_dir: /home/nvidia/netmambaplus-reproduction/runs/ciciot-ft-seed2/logs
[00:27:30.406389] Epoch: [75]  [ 0/66]  lr: 0.000422  loss: 0.7210 (0.7210)  eta: 0:00:59  time: 0.9039  data: 0.2640  max mem: 2933
[00:27:42.403141] Epoch: [75]  [20/66]  lr: 0.000418  loss: 0.6937 (0.6893)  eta: 0:00:28  time: 0.5998  data: 0.0003  max mem: 2933
[00:27:54.478821] Epoch: [75]  [40/66]  lr: 0.000413  loss: 0.6786 (0.6855)  eta: 0:00:15  time: 0.6037  data: 0.0002  max mem: 2933
[00:28:06.931235] Epoch: [75]  [60/66]  lr: 0.000408  loss: 0.6859 (0.6874)  eta: 0:00:03  time: 0.6226  data: 0.0002  max mem: 2933
[00:28:09.444631] Epoch: [75]  [65/66]  lr: 0.000407  loss: 0.6942 (0.6853)  eta: 0:00:00  time: 0.5940  data: 0.0002  max mem: 2933
[00:28:09.562245] Epoch: [75] Total time: 0:00:40 (0.6070 s / it)
[00:28:09.562351] Averaged stats: lr: 0.000407  loss: 0.6942 (0.6853)
/home/nvidia/netmambaplus-reproduction/upstream/NetMambaPlus/src/engine_mm.py:220: FutureWarning: `torch.cuda.amp.autocast(args...)` is deprecated. Please use `torch.amp.autocast('cuda', args...)` instead.
  with torch.cuda.amp.autocast():
[00:28:09.952670] Test:  [0/9]  loss: 0.3779 (0.3779)  acc1: 0.8984 (0.8984)  acc3: 0.9922 (0.9922)  eta: 0:00:03  time: 0.3859  data: 0.2420  max mem: 2933
[00:28:10.958836] Test:  [8/9]  loss: 0.3828 (0.4355)  acc1: 0.8594 (0.8606)  acc3: 0.9922 (0.9865)  eta: 0:00:00  time: 0.1546  data: 0.0270  max mem: 2933
[00:28:11.082613] Test: Total time: 0:00:01 (0.1686 s / it)
[00:28:12.087242] * Acc@1 0.8606 Acc@3 0.9865 loss 0.4355
[00:28:12.087341] * Pre 0.8656 Rec 0.8606 F1 0.8612
[00:28:12.088695] Accuracy of the network on test samples: 0.8606
[00:28:12.088707] F1 of the network on test samples: 0.8612
[00:28:12.088716] Max Accuracy: 0.8644
[00:28:12.088722] Max F1: 0.8654
[00:28:12.091493] log_dir: /home/nvidia/netmambaplus-reproduction/runs/ciciot-ft-seed2/logs
[00:28:12.972067] Epoch: [76]  [ 0/66]  lr: 0.000407  loss: 0.6825 (0.6825)  eta: 0:00:57  time: 0.8778  data: 0.2412  max mem: 2933
[00:28:24.932386] Epoch: [76]  [20/66]  lr: 0.000402  loss: 0.6893 (0.6890)  eta: 0:00:28  time: 0.5979  data: 0.0003  max mem: 2933
[00:28:37.059028] Epoch: [76]  [40/66]  lr: 0.000398  loss: 0.6892 (0.6916)  eta: 0:00:15  time: 0.6062  data: 0.0003  max mem: 2933
[00:28:49.523242] Epoch: [76]  [60/66]  lr: 0.000393  loss: 0.7021 (0.6941)  eta: 0:00:03  time: 0.6232  data: 0.0003  max mem: 2933
[00:28:52.034298] Epoch: [76]  [65/66]  lr: 0.000392  loss: 0.6728 (0.6945)  eta: 0:00:00  time: 0.5942  data: 0.0003  max mem: 2933
[00:28:52.145494] Epoch: [76] Total time: 0:00:40 (0.6069 s / it)
[00:28:52.145636] Averaged stats: lr: 0.000392  loss: 0.6728 (0.6945)
/home/nvidia/netmambaplus-reproduction/upstream/NetMambaPlus/src/engine_mm.py:220: FutureWarning: `torch.cuda.amp.autocast(args...)` is deprecated. Please use `torch.amp.autocast('cuda', args...)` instead.
  with torch.cuda.amp.autocast():
[00:28:52.561415] Test:  [0/9]  loss: 0.3213 (0.3213)  acc1: 0.8984 (0.8984)  acc3: 0.9922 (0.9922)  eta: 0:00:03  time: 0.4115  data: 0.2629  max mem: 2933
[00:28:53.543456] Test:  [8/9]  loss: 0.4160 (0.4488)  acc1: 0.8125 (0.8577)  acc3: 0.9922 (0.9865)  eta: 0:00:00  time: 0.1548  data: 0.0293  max mem: 2933
[00:28:53.653584] Test: Total time: 0:00:01 (0.1673 s / it)
[00:28:53.721709] * Acc@1 0.8577 Acc@3 0.9865 loss 0.4488
[00:28:53.721847] * Pre 0.8632 Rec 0.8577 F1 0.8583
[00:28:53.723769] Accuracy of the network on test samples: 0.8577
[00:28:53.723779] F1 of the network on test samples: 0.8583
[00:28:53.723784] Max Accuracy: 0.8644
[00:28:53.723789] Max F1: 0.8654
[00:28:53.728554] log_dir: /home/nvidia/netmambaplus-reproduction/runs/ciciot-ft-seed2/logs
[00:28:54.598796] Epoch: [77]  [ 0/66]  lr: 0.000392  loss: 0.8171 (0.8171)  eta: 0:00:57  time: 0.8680  data: 0.2362  max mem: 2933
[00:29:06.643025] Epoch: [77]  [20/66]  lr: 0.000387  loss: 0.7070 (0.6996)  eta: 0:00:28  time: 0.6022  data: 0.0002  max mem: 2933
[00:29:18.159315] Epoch: [77]  [40/66]  lr: 0.000382  loss: 0.7107 (0.7007)  eta: 0:00:15  time: 0.5758  data: 0.0002  max mem: 2933
[00:29:30.566676] Epoch: [77]  [60/66]  lr: 0.000378  loss: 0.6812 (0.6929)  eta: 0:00:03  time: 0.6203  data: 0.0002  max mem: 2933
[00:29:33.081921] Epoch: [77]  [65/66]  lr: 0.000377  loss: 0.6729 (0.6897)  eta: 0:00:00  time: 0.5910  data: 0.0002  max mem: 2933
[00:29:33.191644] Epoch: [77] Total time: 0:00:39 (0.5979 s / it)
[00:29:33.191730] Averaged stats: lr: 0.000377  loss: 0.6729 (0.6897)
/home/nvidia/netmambaplus-reproduction/upstream/NetMambaPlus/src/engine_mm.py:220: FutureWarning: `torch.cuda.amp.autocast(args...)` is deprecated. Please use `torch.amp.autocast('cuda', args...)` instead.
  with torch.cuda.amp.autocast():
[00:29:33.575575] Test:  [0/9]  loss: 0.3528 (0.3528)  acc1: 0.8984 (0.8984)  acc3: 1.0000 (1.0000)  eta: 0:00:03  time: 0.3804  data: 0.2340  max mem: 2933
[00:29:34.554953] Test:  [8/9]  loss: 0.3835 (0.4345)  acc1: 0.8125 (0.8596)  acc3: 1.0000 (0.9875)  eta: 0:00:00  time: 0.1510  data: 0.0261  max mem: 2933
[00:29:34.658864] Test: Total time: 0:00:01 (0.1628 s / it)
[00:29:34.726102] * Acc@1 0.8596 Acc@3 0.9875 loss 0.4345
[00:29:34.726163] * Pre 0.8651 Rec 0.8596 F1 0.8603
[00:29:34.728142] Accuracy of the network on test samples: 0.8596
[00:29:34.729190] F1 of the network on test samples: 0.8603
[00:29:34.729205] Max Accuracy: 0.8644
[00:29:34.729210] Max F1: 0.8654
[00:29:34.732098] log_dir: /home/nvidia/netmambaplus-reproduction/runs/ciciot-ft-seed2/logs
[00:29:35.605452] Epoch: [78]  [ 0/66]  lr: 0.000376  loss: 0.6785 (0.6785)  eta: 0:00:57  time: 0.8710  data: 0.2404  max mem: 2933
[00:29:47.547826] Epoch: [78]  [20/66]  lr: 0.000372  loss: 0.6837 (0.6772)  eta: 0:00:28  time: 0.5970  data: 0.0002  max mem: 2933
[00:29:59.481306] Epoch: [78]  [40/66]  lr: 0.000367  loss: 0.6790 (0.6829)  eta: 0:00:15  time: 0.5966  data: 0.0002  max mem: 2933
[00:30:12.117787] Epoch: [78]  [60/66]  lr: 0.000363  loss: 0.6825 (0.6897)  eta: 0:00:03  time: 0.6318  data: 0.0002  max mem: 2933
[00:30:14.725557] Epoch: [78]  [65/66]  lr: 0.000361  loss: 0.6685 (0.6887)  eta: 0:00:00  time: 0.6037  data: 0.0002  max mem: 2933
[00:30:14.836567] Epoch: [78] Total time: 0:00:40 (0.6076 s / it)
[00:30:14.837018] Averaged stats: lr: 0.000361  loss: 0.6685 (0.6887)
/home/nvidia/netmambaplus-reproduction/upstream/NetMambaPlus/src/engine_mm.py:220: FutureWarning: `torch.cuda.amp.autocast(args...)` is deprecated. Please use `torch.amp.autocast('cuda', args...)` instead.
  with torch.cuda.amp.autocast():
[00:30:15.269609] Test:  [0/9]  loss: 0.3184 (0.3184)  acc1: 0.8984 (0.8984)  acc3: 1.0000 (1.0000)  eta: 0:00:03  time: 0.4282  data: 0.2823  max mem: 2933
[00:30:16.272296] Test:  [8/9]  loss: 0.3489 (0.4285)  acc1: 0.8750 (0.8587)  acc3: 1.0000 (0.9875)  eta: 0:00:00  time: 0.1589  data: 0.0315  max mem: 2933
[00:30:16.390856] Test: Total time: 0:00:01 (0.1723 s / it)
[00:30:16.460877] * Acc@1 0.8587 Acc@3 0.9875 loss 0.4285
[00:30:16.460936] * Pre 0.8698 Rec 0.8587 F1 0.8571
[00:30:16.463135] Accuracy of the network on test samples: 0.8587
[00:30:16.463718] F1 of the network on test samples: 0.8571
[00:30:16.463730] Max Accuracy: 0.8644
[00:30:16.463737] Max F1: 0.8654
[00:30:16.467092] log_dir: /home/nvidia/netmambaplus-reproduction/runs/ciciot-ft-seed2/logs
[00:30:17.390267] Epoch: [79]  [ 0/66]  lr: 0.000361  loss: 0.6546 (0.6546)  eta: 0:01:00  time: 0.9198  data: 0.2856  max mem: 2933
[00:30:29.604155] Epoch: [79]  [20/66]  lr: 0.000357  loss: 0.6884 (0.6846)  eta: 0:00:28  time: 0.6106  data: 0.0003  max mem: 2933
[00:30:41.814019] Epoch: [79]  [40/66]  lr: 0.000352  loss: 0.6877 (0.6864)  eta: 0:00:16  time: 0.6104  data: 0.0003  max mem: 2933
[00:30:54.509504] Epoch: [79]  [60/66]  lr: 0.000348  loss: 0.6771 (0.6873)  eta: 0:00:03  time: 0.6347  data: 0.0003  max mem: 2933
[00:30:57.075616] Epoch: [79]  [65/66]  lr: 0.000346  loss: 0.6679 (0.6885)  eta: 0:00:00  time: 0.6041  data: 0.0003  max mem: 2933
[00:30:57.206179] Epoch: [79] Total time: 0:00:40 (0.6173 s / it)
[00:30:57.206253] Averaged stats: lr: 0.000346  loss: 0.6679 (0.6885)
/home/nvidia/netmambaplus-reproduction/upstream/NetMambaPlus/src/engine_mm.py:220: FutureWarning: `torch.cuda.amp.autocast(args...)` is deprecated. Please use `torch.amp.autocast('cuda', args...)` instead.
  with torch.cuda.amp.autocast():
[00:30:57.616734] Test:  [0/9]  loss: 0.3242 (0.3242)  acc1: 0.8984 (0.8984)  acc3: 1.0000 (1.0000)  eta: 0:00:03  time: 0.4067  data: 0.2527  max mem: 2933
[00:30:58.605702] Test:  [8/9]  loss: 0.4102 (0.4327)  acc1: 0.8359 (0.8644)  acc3: 1.0000 (0.9885)  eta: 0:00:00  time: 0.1550  data: 0.0282  max mem: 2933
[00:30:58.722518] Test: Total time: 0:00:01 (0.1683 s / it)
[00:30:58.792370] * Acc@1 0.8644 Acc@3 0.9885 loss 0.4327
[00:30:58.792420] * Pre 0.8703 Rec 0.8644 F1 0.8652
[00:30:58.794781] Accuracy of the network on test samples: 0.8644
[00:30:58.794804] F1 of the network on test samples: 0.8652
[00:30:58.794814] Max Accuracy: 0.8644
[00:30:58.794821] Max F1: 0.8654
[00:30:58.799606] log_dir: /home/nvidia/netmambaplus-reproduction/runs/ciciot-ft-seed2/logs
[00:30:59.722766] Epoch: [80]  [ 0/66]  lr: 0.000346  loss: 0.6586 (0.6586)  eta: 0:01:00  time: 0.9197  data: 0.2753  max mem: 2933
[00:31:11.860864] Epoch: [80]  [20/66]  lr: 0.000342  loss: 0.6838 (0.6923)  eta: 0:00:28  time: 0.6068  data: 0.0003  max mem: 2933
[00:31:24.101788] Epoch: [80]  [40/66]  lr: 0.000337  loss: 0.6865 (0.6926)  eta: 0:00:16  time: 0.6120  data: 0.0002  max mem: 2933
[00:31:36.793973] Epoch: [80]  [60/66]  lr: 0.000333  loss: 0.6825 (0.6933)  eta: 0:00:03  time: 0.6346  data: 0.0003  max mem: 2933
[00:31:39.366272] Epoch: [80]  [65/66]  lr: 0.000332  loss: 0.6934 (0.6938)  eta: 0:00:00  time: 0.6053  data: 0.0003  max mem: 2933
[00:31:39.501184] Epoch: [80] Total time: 0:00:40 (0.6167 s / it)
[00:31:39.501400] Averaged stats: lr: 0.000332  loss: 0.6934 (0.6938)
/home/nvidia/netmambaplus-reproduction/upstream/NetMambaPlus/src/engine_mm.py:220: FutureWarning: `torch.cuda.amp.autocast(args...)` is deprecated. Please use `torch.amp.autocast('cuda', args...)` instead.
  with torch.cuda.amp.autocast():
[00:31:39.867641] Test:  [0/9]  loss: 0.3320 (0.3320)  acc1: 0.8984 (0.8984)  acc3: 1.0000 (1.0000)  eta: 0:00:03  time: 0.3617  data: 0.2163  max mem: 2933
[00:31:40.879177] Test:  [8/9]  loss: 0.4185 (0.4402)  acc1: 0.8281 (0.8625)  acc3: 1.0000 (0.9894)  eta: 0:00:00  time: 0.1525  data: 0.0242  max mem: 2933
[00:31:40.991314] Test: Total time: 0:00:01 (0.1652 s / it)
[00:31:41.066286] * Acc@1 0.8625 Acc@3 0.9894 loss 0.4402
[00:31:41.066387] * Pre 0.8686 Rec 0.8625 F1 0.8633
[00:31:41.069013] Accuracy of the network on test samples: 0.8625
[00:31:41.070095] F1 of the network on test samples: 0.8633
[00:31:41.070110] Max Accuracy: 0.8644
[00:31:41.070114] Max F1: 0.8654
[00:31:41.072985] log_dir: /home/nvidia/netmambaplus-reproduction/runs/ciciot-ft-seed2/logs
[00:31:41.969611] Epoch: [81]  [ 0/66]  lr: 0.000331  loss: 0.6041 (0.6041)  eta: 0:00:59  time: 0.8944  data: 0.2524  max mem: 2933
[00:31:54.234642] Epoch: [81]  [20/66]  lr: 0.000327  loss: 0.7077 (0.7019)  eta: 0:00:28  time: 0.6132  data: 0.0002  max mem: 2933
[00:32:06.441430] Epoch: [81]  [40/66]  lr: 0.000322  loss: 0.6678 (0.6926)  eta: 0:00:16  time: 0.6103  data: 0.0003  max mem: 2933
[00:32:19.128157] Epoch: [81]  [60/66]  lr: 0.000318  loss: 0.6841 (0.6878)  eta: 0:00:03  time: 0.6343  data: 0.0002  max mem: 2933
[00:32:21.696103] Epoch: [81]  [65/66]  lr: 0.000317  loss: 0.6863 (0.6872)  eta: 0:00:00  time: 0.6040  data: 0.0003  max mem: 2933
[00:32:21.808342] Epoch: [81] Total time: 0:00:40 (0.6172 s / it)
[00:32:21.808474] Averaged stats: lr: 0.000317  loss: 0.6863 (0.6872)
/home/nvidia/netmambaplus-reproduction/upstream/NetMambaPlus/src/engine_mm.py:220: FutureWarning: `torch.cuda.amp.autocast(args...)` is deprecated. Please use `torch.amp.autocast('cuda', args...)` instead.
  with torch.cuda.amp.autocast():
[00:32:22.237484] Test:  [0/9]  loss: 0.3262 (0.3262)  acc1: 0.8984 (0.8984)  acc3: 1.0000 (1.0000)  eta: 0:00:03  time: 0.4247  data: 0.2802  max mem: 2933
[00:32:23.223503] Test:  [8/9]  loss: 0.3816 (0.4389)  acc1: 0.8281 (0.8635)  acc3: 0.9922 (0.9856)  eta: 0:00:00  time: 0.1567  data: 0.0313  max mem: 2933
[00:32:23.341292] Test: Total time: 0:00:01 (0.1700 s / it)
[00:32:23.409740] * Acc@1 0.8635 Acc@3 0.9856 loss 0.4389
[00:32:23.409777] * Pre 0.8691 Rec 0.8635 F1 0.8642
[00:32:23.411603] Accuracy of the network on test samples: 0.8635
[00:32:23.412579] F1 of the network on test samples: 0.8642
[00:32:23.412621] Max Accuracy: 0.8644
[00:32:23.412633] Max F1: 0.8654
[00:32:23.415728] log_dir: /home/nvidia/netmambaplus-reproduction/runs/ciciot-ft-seed2/logs
[00:32:24.321124] Epoch: [82]  [ 0/66]  lr: 0.000317  loss: 0.7533 (0.7533)  eta: 0:00:59  time: 0.9033  data: 0.2761  max mem: 2933
[00:32:36.568444] Epoch: [82]  [20/66]  lr: 0.000312  loss: 0.6813 (0.6933)  eta: 0:00:28  time: 0.6123  data: 0.0002  max mem: 2933
[00:32:48.487127] Epoch: [82]  [40/66]  lr: 0.000308  loss: 0.6785 (0.6880)  eta: 0:00:15  time: 0.5959  data: 0.0002  max mem: 2933
[00:33:00.766693] Epoch: [82]  [60/66]  lr: 0.000303  loss: 0.6889 (0.6898)  eta: 0:00:03  time: 0.6139  data: 0.0003  max mem: 2933
[00:33:03.308761] Epoch: [82]  [65/66]  lr: 0.000302  loss: 0.6919 (0.6924)  eta: 0:00:00  time: 0.5946  data: 0.0003  max mem: 2933
[00:33:03.420037] Epoch: [82] Total time: 0:00:40 (0.6061 s / it)
[00:33:03.420491] Averaged stats: lr: 0.000302  loss: 0.6919 (0.6924)
/home/nvidia/netmambaplus-reproduction/upstream/NetMambaPlus/src/engine_mm.py:220: FutureWarning: `torch.cuda.amp.autocast(args...)` is deprecated. Please use `torch.amp.autocast('cuda', args...)` instead.
  with torch.cuda.amp.autocast():
[00:33:03.811064] Test:  [0/9]  loss: 0.3440 (0.3440)  acc1: 0.8984 (0.8984)  acc3: 1.0000 (1.0000)  eta: 0:00:03  time: 0.3862  data: 0.2390  max mem: 2933
[00:33:04.817707] Test:  [8/9]  loss: 0.4199 (0.4435)  acc1: 0.8281 (0.8606)  acc3: 0.9922 (0.9856)  eta: 0:00:00  time: 0.1547  data: 0.0270  max mem: 2933
[00:33:04.941049] Test: Total time: 0:00:01 (0.1687 s / it)
[00:33:05.008197] * Acc@1 0.8606 Acc@3 0.9856 loss 0.4435
[00:33:05.008289] * Pre 0.8664 Rec 0.8606 F1 0.8613
[00:33:05.010302] Accuracy of the network on test samples: 0.8606
[00:33:05.010316] F1 of the network on test samples: 0.8613
[00:33:05.010324] Max Accuracy: 0.8644
[00:33:05.010331] Max F1: 0.8654
[00:33:05.014017] log_dir: /home/nvidia/netmambaplus-reproduction/runs/ciciot-ft-seed2/logs
[00:33:05.872912] Epoch: [83]  [ 0/66]  lr: 0.000302  loss: 0.7625 (0.7625)  eta: 0:00:56  time: 0.8561  data: 0.2332  max mem: 2933
[00:33:18.124834] Epoch: [83]  [20/66]  lr: 0.000298  loss: 0.6871 (0.6969)  eta: 0:00:28  time: 0.6126  data: 0.0003  max mem: 2933
[00:33:30.166067] Epoch: [83]  [40/66]  lr: 0.000293  loss: 0.6896 (0.6920)  eta: 0:00:15  time: 0.6020  data: 0.0002  max mem: 2933
[00:33:42.424833] Epoch: [83]  [60/66]  lr: 0.000289  loss: 0.6702 (0.6867)  eta: 0:00:03  time: 0.6129  data: 0.0002  max mem: 2933
[00:33:44.949365] Epoch: [83]  [65/66]  lr: 0.000288  loss: 0.6702 (0.6868)  eta: 0:00:00  time: 0.5954  data: 0.0003  max mem: 2933
[00:33:45.055817] Epoch: [83] Total time: 0:00:40 (0.6067 s / it)
[00:33:45.055948] Averaged stats: lr: 0.000288  loss: 0.6702 (0.6868)
/home/nvidia/netmambaplus-reproduction/upstream/NetMambaPlus/src/engine_mm.py:220: FutureWarning: `torch.cuda.amp.autocast(args...)` is deprecated. Please use `torch.amp.autocast('cuda', args...)` instead.
  with torch.cuda.amp.autocast():
[00:33:45.453894] Test:  [0/9]  loss: 0.3503 (0.3503)  acc1: 0.8984 (0.8984)  acc3: 0.9922 (0.9922)  eta: 0:00:03  time: 0.3944  data: 0.2429  max mem: 2933
[00:33:46.439843] Test:  [8/9]  loss: 0.3784 (0.4293)  acc1: 0.8438 (0.8615)  acc3: 0.9922 (0.9856)  eta: 0:00:00  time: 0.1533  data: 0.0271  max mem: 2933
[00:33:46.563104] Test: Total time: 0:00:01 (0.1672 s / it)
[00:33:46.632624] * Acc@1 0.8615 Acc@3 0.9856 loss 0.4293
[00:33:46.632719] * Pre 0.8672 Rec 0.8615 F1 0.8622
[00:33:46.634991] Accuracy of the network on test samples: 0.8615
[00:33:46.635003] F1 of the network on test samples: 0.8622
[00:33:46.635010] Max Accuracy: 0.8644
[00:33:46.635016] Max F1: 0.8654
[00:33:46.639543] log_dir: /home/nvidia/netmambaplus-reproduction/runs/ciciot-ft-seed2/logs
[00:33:47.540879] Epoch: [84]  [ 0/66]  lr: 0.000288  loss: 0.6639 (0.6639)  eta: 0:00:59  time: 0.8990  data: 0.2732  max mem: 2933
[00:33:59.758834] Epoch: [84]  [20/66]  lr: 0.000284  loss: 0.6855 (0.6940)  eta: 0:00:28  time: 0.6109  data: 0.0003  max mem: 2933
[00:34:11.781055] Epoch: [84]  [40/66]  lr: 0.000279  loss: 0.6752 (0.6907)  eta: 0:00:15  time: 0.6011  data: 0.0002  max mem: 2933
[00:34:23.905362] Epoch: [84]  [60/66]  lr: 0.000275  loss: 0.6854 (0.6885)  eta: 0:00:03  time: 0.6062  data: 0.0002  max mem: 2933
[00:34:26.404546] Epoch: [84]  [65/66]  lr: 0.000274  loss: 0.6754 (0.6844)  eta: 0:00:00  time: 0.5905  data: 0.0002  max mem: 2933
[00:34:26.524587] Epoch: [84] Total time: 0:00:39 (0.6043 s / it)
[00:34:26.524702] Averaged stats: lr: 0.000274  loss: 0.6754 (0.6844)
/home/nvidia/netmambaplus-reproduction/upstream/NetMambaPlus/src/engine_mm.py:220: FutureWarning: `torch.cuda.amp.autocast(args...)` is deprecated. Please use `torch.amp.autocast('cuda', args...)` instead.
  with torch.cuda.amp.autocast():
[00:34:26.931130] Test:  [0/9]  loss: 0.3252 (0.3252)  acc1: 0.8984 (0.8984)  acc3: 0.9922 (0.9922)  eta: 0:00:03  time: 0.4019  data: 0.2555  max mem: 2933
[00:34:27.920337] Test:  [8/9]  loss: 0.3809 (0.4315)  acc1: 0.8516 (0.8615)  acc3: 0.9922 (0.9875)  eta: 0:00:00  time: 0.1545  data: 0.0285  max mem: 2933
[00:34:28.031536] Test: Total time: 0:00:01 (0.1671 s / it)
[00:34:28.100037] * Acc@1 0.8615 Acc@3 0.9875 loss 0.4315
[00:34:28.100127] * Pre 0.8665 Rec 0.8615 F1 0.8621
[00:34:28.102398] Accuracy of the network on test samples: 0.8615
[00:34:28.102414] F1 of the network on test samples: 0.8621
[00:34:28.102424] Max Accuracy: 0.8644
[00:34:28.102436] Max F1: 0.8654
[00:34:28.105881] log_dir: /home/nvidia/netmambaplus-reproduction/runs/ciciot-ft-seed2/logs
[00:34:29.008141] Epoch: [85]  [ 0/66]  lr: 0.000274  loss: 0.6524 (0.6524)  eta: 0:00:59  time: 0.8986  data: 0.2612  max mem: 2933
[00:34:41.225284] Epoch: [85]  [20/66]  lr: 0.000270  loss: 0.6715 (0.6805)  eta: 0:00:28  time: 0.6108  data: 0.0002  max mem: 2933
[00:34:53.362996] Epoch: [85]  [40/66]  lr: 0.000265  loss: 0.6785 (0.6870)  eta: 0:00:16  time: 0.6068  data: 0.0002  max mem: 2933
[00:35:05.452962] Epoch: [85]  [60/66]  lr: 0.000261  loss: 0.6768 (0.6852)  eta: 0:00:03  time: 0.6045  data: 0.0002  max mem: 2933
[00:35:07.972837] Epoch: [85]  [65/66]  lr: 0.000260  loss: 0.6925 (0.6884)  eta: 0:00:00  time: 0.5963  data: 0.0003  max mem: 2933
[00:35:08.093154] Epoch: [85] Total time: 0:00:39 (0.6059 s / it)
[00:35:08.093533] Averaged stats: lr: 0.000260  loss: 0.6925 (0.6884)
/home/nvidia/netmambaplus-reproduction/upstream/NetMambaPlus/src/engine_mm.py:220: FutureWarning: `torch.cuda.amp.autocast(args...)` is deprecated. Please use `torch.amp.autocast('cuda', args...)` instead.
  with torch.cuda.amp.autocast():
[00:35:08.471795] Test:  [0/9]  loss: 0.3501 (0.3501)  acc1: 0.8984 (0.8984)  acc3: 0.9922 (0.9922)  eta: 0:00:03  time: 0.3725  data: 0.2257  max mem: 2933
[00:35:09.489816] Test:  [8/9]  loss: 0.4106 (0.4451)  acc1: 0.8281 (0.8606)  acc3: 0.9922 (0.9846)  eta: 0:00:00  time: 0.1544  data: 0.0253  max mem: 2933
[00:35:09.604407] Test: Total time: 0:00:01 (0.1675 s / it)
[00:35:09.672274] * Acc@1 0.8606 Acc@3 0.9846 loss 0.4451
[00:35:09.672369] * Pre 0.8668 Rec 0.8606 F1 0.8613
[00:35:09.674349] Accuracy of the network on test samples: 0.8606
[00:35:09.674386] F1 of the network on test samples: 0.8613
[00:35:09.674401] Max Accuracy: 0.8644
[00:35:09.674413] Max F1: 0.8654
[00:35:09.678605] log_dir: /home/nvidia/netmambaplus-reproduction/runs/ciciot-ft-seed2/logs
[00:35:10.564776] Epoch: [86]  [ 0/66]  lr: 0.000260  loss: 0.6811 (0.6811)  eta: 0:00:58  time: 0.8836  data: 0.2492  max mem: 2933
[00:35:23.133895] Epoch: [86]  [20/66]  lr: 0.000256  loss: 0.6872 (0.6840)  eta: 0:00:29  time: 0.6284  data: 0.0003  max mem: 2933
[00:35:35.299895] Epoch: [86]  [40/66]  lr: 0.000252  loss: 0.6865 (0.6860)  eta: 0:00:16  time: 0.6082  data: 0.0003  max mem: 2933
[00:35:47.541839] Epoch: [86]  [60/66]  lr: 0.000247  loss: 0.6942 (0.6900)  eta: 0:00:03  time: 0.6120  data: 0.0003  max mem: 2933
[00:35:50.113657] Epoch: [86]  [65/66]  lr: 0.000246  loss: 0.7060 (0.6892)  eta: 0:00:00  time: 0.6023  data: 0.0003  max mem: 2933
[00:35:50.236078] Epoch: [86] Total time: 0:00:40 (0.6145 s / it)
[00:35:50.236420] Averaged stats: lr: 0.000246  loss: 0.7060 (0.6892)
/home/nvidia/netmambaplus-reproduction/upstream/NetMambaPlus/src/engine_mm.py:220: FutureWarning: `torch.cuda.amp.autocast(args...)` is deprecated. Please use `torch.amp.autocast('cuda', args...)` instead.
  with torch.cuda.amp.autocast():
[00:35:50.656182] Test:  [0/9]  loss: 0.3337 (0.3337)  acc1: 0.8984 (0.8984)  acc3: 0.9922 (0.9922)  eta: 0:00:03  time: 0.4144  data: 0.2653  max mem: 2933
[00:35:51.668802] Test:  [8/9]  loss: 0.3979 (0.4393)  acc1: 0.8203 (0.8587)  acc3: 0.9922 (0.9846)  eta: 0:00:00  time: 0.1585  data: 0.0296  max mem: 2933
[00:35:51.790726] Test: Total time: 0:00:01 (0.1725 s / it)
[00:35:51.861482] * Acc@1 0.8587 Acc@3 0.9846 loss 0.4393
[00:35:51.861545] * Pre 0.8643 Rec 0.8587 F1 0.8593
[00:35:51.863535] Accuracy of the network on test samples: 0.8587
[00:35:51.864073] F1 of the network on test samples: 0.8593
[00:35:51.864088] Max Accuracy: 0.8644
[00:35:51.864097] Max F1: 0.8654
[00:35:51.868031] log_dir: /home/nvidia/netmambaplus-reproduction/runs/ciciot-ft-seed2/logs
[00:35:52.762366] Epoch: [87]  [ 0/66]  lr: 0.000246  loss: 0.6267 (0.6267)  eta: 0:00:58  time: 0.8914  data: 0.2483  max mem: 2933
[00:36:05.408084] Epoch: [87]  [20/66]  lr: 0.000242  loss: 0.6794 (0.6847)  eta: 0:00:29  time: 0.6322  data: 0.0003  max mem: 2933
[00:36:17.667623] Epoch: [87]  [40/66]  lr: 0.000238  loss: 0.6862 (0.6920)  eta: 0:00:16  time: 0.6129  data: 0.0003  max mem: 2933
[00:36:29.869934] Epoch: [87]  [60/66]  lr: 0.000234  loss: 0.6806 (0.6894)  eta: 0:00:03  time: 0.6101  data: 0.0002  max mem: 2933
[00:36:32.424853] Epoch: [87]  [65/66]  lr: 0.000233  loss: 0.6902 (0.6940)  eta: 0:00:00  time: 0.5909  data: 0.0002  max mem: 2933
[00:36:32.539416] Epoch: [87] Total time: 0:00:40 (0.6162 s / it)
[00:36:32.539519] Averaged stats: lr: 0.000233  loss: 0.6902 (0.6940)
/home/nvidia/netmambaplus-reproduction/upstream/NetMambaPlus/src/engine_mm.py:220: FutureWarning: `torch.cuda.amp.autocast(args...)` is deprecated. Please use `torch.amp.autocast('cuda', args...)` instead.
  with torch.cuda.amp.autocast():
[00:36:32.940757] Test:  [0/9]  loss: 0.3467 (0.3467)  acc1: 0.8984 (0.8984)  acc3: 0.9922 (0.9922)  eta: 0:00:03  time: 0.3961  data: 0.2468  max mem: 2933
[00:36:33.943746] Test:  [8/9]  loss: 0.4082 (0.4340)  acc1: 0.8438 (0.8615)  acc3: 0.9922 (0.9827)  eta: 0:00:00  time: 0.1554  data: 0.0276  max mem: 2933
[00:36:34.061910] Test: Total time: 0:00:01 (0.1689 s / it)
[00:36:34.135336] * Acc@1 0.8615 Acc@3 0.9827 loss 0.4340
[00:36:34.135381] * Pre 0.8672 Rec 0.8615 F1 0.8622
[00:36:34.137439] Accuracy of the network on test samples: 0.8615
[00:36:34.137457] F1 of the network on test samples: 0.8622
[00:36:34.137465] Max Accuracy: 0.8644
[00:36:34.137476] Max F1: 0.8654
[00:36:34.141740] log_dir: /home/nvidia/netmambaplus-reproduction/runs/ciciot-ft-seed2/logs
[00:36:35.090299] Epoch: [88]  [ 0/66]  lr: 0.000233  loss: 0.6671 (0.6671)  eta: 0:01:02  time: 0.9453  data: 0.2960  max mem: 2933
[00:36:47.806337] Epoch: [88]  [20/66]  lr: 0.000229  loss: 0.6957 (0.6954)  eta: 0:00:29  time: 0.6358  data: 0.0002  max mem: 2933
[00:37:00.035176] Epoch: [88]  [40/66]  lr: 0.000225  loss: 0.6605 (0.6850)  eta: 0:00:16  time: 0.6114  data: 0.0002  max mem: 2933
[00:37:12.249557] Epoch: [88]  [60/66]  lr: 0.000221  loss: 0.6878 (0.6877)  eta: 0:00:03  time: 0.6107  data: 0.0002  max mem: 2933
[00:37:14.790793] Epoch: [88]  [65/66]  lr: 0.000220  loss: 0.6878 (0.6971)  eta: 0:00:00  time: 0.5898  data: 0.0002  max mem: 2933
[00:37:14.908092] Epoch: [88] Total time: 0:00:40 (0.6177 s / it)
[00:37:14.908260] Averaged stats: lr: 0.000220  loss: 0.6878 (0.6971)
/home/nvidia/netmambaplus-reproduction/upstream/NetMambaPlus/src/engine_mm.py:220: FutureWarning: `torch.cuda.amp.autocast(args...)` is deprecated. Please use `torch.amp.autocast('cuda', args...)` instead.
  with torch.cuda.amp.autocast():
[00:37:15.334082] Test:  [0/9]  loss: 0.3320 (0.3320)  acc1: 0.8984 (0.8984)  acc3: 0.9922 (0.9922)  eta: 0:00:03  time: 0.4196  data: 0.2740  max mem: 2933
[00:37:16.348191] Test:  [8/9]  loss: 0.3899 (0.4355)  acc1: 0.8203 (0.8615)  acc3: 0.9922 (0.9846)  eta: 0:00:00  time: 0.1592  data: 0.0306  max mem: 2933
[00:37:16.474843] Test: Total time: 0:00:01 (0.1737 s / it)
[00:37:16.552767] * Acc@1 0.8615 Acc@3 0.9846 loss 0.4355
[00:37:16.552853] * Pre 0.8681 Rec 0.8615 F1 0.8624
[00:37:16.555530] Accuracy of the network on test samples: 0.8615
[00:37:16.556097] F1 of the network on test samples: 0.8624
[00:37:16.556109] Max Accuracy: 0.8644
[00:37:16.556116] Max F1: 0.8654
[00:37:16.560287] log_dir: /home/nvidia/netmambaplus-reproduction/runs/ciciot-ft-seed2/logs
[00:37:17.483834] Epoch: [89]  [ 0/66]  lr: 0.000220  loss: 0.6297 (0.6297)  eta: 0:01:00  time: 0.9211  data: 0.2732  max mem: 2933
[00:37:30.193459] Epoch: [89]  [20/66]  lr: 0.000216  loss: 0.6704 (0.6811)  eta: 0:00:29  time: 0.6354  data: 0.0003  max mem: 2933
[00:37:42.249077] Epoch: [89]  [40/66]  lr: 0.000212  loss: 0.6920 (0.6885)  eta: 0:00:16  time: 0.6027  data: 0.0003  max mem: 2933
[00:37:54.265832] Epoch: [89]  [60/66]  lr: 0.000208  loss: 0.6750 (0.6879)  eta: 0:00:03  time: 0.6008  data: 0.0003  max mem: 2933
[00:37:56.779601] Epoch: [89]  [65/66]  lr: 0.000207  loss: 0.6750 (0.6849)  eta: 0:00:00  time: 0.5733  data: 0.0003  max mem: 2933
[00:37:56.912588] Epoch: [89] Total time: 0:00:40 (0.6114 s / it)
[00:37:56.913097] Averaged stats: lr: 0.000207  loss: 0.6750 (0.6849)
/home/nvidia/netmambaplus-reproduction/upstream/NetMambaPlus/src/engine_mm.py:220: FutureWarning: `torch.cuda.amp.autocast(args...)` is deprecated. Please use `torch.amp.autocast('cuda', args...)` instead.
  with torch.cuda.amp.autocast():
[00:37:57.319900] Test:  [0/9]  loss: 0.3347 (0.3347)  acc1: 0.8984 (0.8984)  acc3: 0.9922 (0.9922)  eta: 0:00:03  time: 0.3995  data: 0.2535  max mem: 2933
[00:37:58.303274] Test:  [8/9]  loss: 0.4143 (0.4339)  acc1: 0.8516 (0.8635)  acc3: 0.9922 (0.9837)  eta: 0:00:00  time: 0.1536  data: 0.0283  max mem: 2933
[00:37:58.428110] Test: Total time: 0:00:01 (0.1680 s / it)
[00:37:58.498641] * Acc@1 0.8635 Acc@3 0.9837 loss 0.4339
[00:37:58.498773] * Pre 0.8693 Rec 0.8635 F1 0.8642
[00:37:58.501349] Accuracy of the network on test samples: 0.8635
[00:37:58.501364] F1 of the network on test samples: 0.8642
[00:37:58.501373] Max Accuracy: 0.8644
[00:37:58.501381] Max F1: 0.8654
[00:37:58.506966] log_dir: /home/nvidia/netmambaplus-reproduction/runs/ciciot-ft-seed2/logs
[00:37:59.388139] Epoch: [90]  [ 0/66]  lr: 0.000207  loss: 0.6603 (0.6603)  eta: 0:00:58  time: 0.8788  data: 0.2451  max mem: 2933
[00:38:11.901394] Epoch: [90]  [20/66]  lr: 0.000203  loss: 0.6859 (0.7003)  eta: 0:00:29  time: 0.6256  data: 0.0002  max mem: 2933
[00:38:23.856033] Epoch: [90]  [40/66]  lr: 0.000199  loss: 0.6879 (0.6914)  eta: 0:00:16  time: 0.5977  data: 0.0002  max mem: 2933
[00:38:35.940429] Epoch: [90]  [60/66]  lr: 0.000195  loss: 0.6881 (0.6873)  eta: 0:00:03  time: 0.6041  data: 0.0002  max mem: 2933
[00:38:38.442483] Epoch: [90]  [65/66]  lr: 0.000195  loss: 0.6810 (0.6828)  eta: 0:00:00  time: 0.5721  data: 0.0002  max mem: 2933
[00:38:38.550831] Epoch: [90] Total time: 0:00:40 (0.6067 s / it)
[00:38:38.550998] Averaged stats: lr: 0.000195  loss: 0.6810 (0.6828)
/home/nvidia/netmambaplus-reproduction/upstream/NetMambaPlus/src/engine_mm.py:220: FutureWarning: `torch.cuda.amp.autocast(args...)` is deprecated. Please use `torch.amp.autocast('cuda', args...)` instead.
  with torch.cuda.amp.autocast():
[00:38:38.962896] Test:  [0/9]  loss: 0.3293 (0.3293)  acc1: 0.8984 (0.8984)  acc3: 1.0000 (1.0000)  eta: 0:00:03  time: 0.4074  data: 0.2590  max mem: 2933
[00:38:39.952988] Test:  [8/9]  loss: 0.3857 (0.4364)  acc1: 0.8203 (0.8587)  acc3: 1.0000 (0.9837)  eta: 0:00:00  time: 0.1552  data: 0.0289  max mem: 2933
[00:38:40.069993] Test: Total time: 0:00:01 (0.1685 s / it)
[00:38:40.139210] * Acc@1 0.8587 Acc@3 0.9837 loss 0.4364
[00:38:40.139281] * Pre 0.8645 Rec 0.8587 F1 0.8594
[00:38:40.140893] Accuracy of the network on test samples: 0.8587
[00:38:40.141495] F1 of the network on test samples: 0.8594
[00:38:40.141505] Max Accuracy: 0.8644
[00:38:40.141514] Max F1: 0.8654
[00:38:40.145560] log_dir: /home/nvidia/netmambaplus-reproduction/runs/ciciot-ft-seed2/logs
[00:38:41.051036] Epoch: [91]  [ 0/66]  lr: 0.000194  loss: 0.7071 (0.7071)  eta: 0:00:59  time: 0.9031  data: 0.2609  max mem: 2933
[00:38:53.538340] Epoch: [91]  [20/66]  lr: 0.000191  loss: 0.6571 (0.6622)  eta: 0:00:29  time: 0.6243  data: 0.0002  max mem: 2933
[00:39:05.410981] Epoch: [91]  [40/66]  lr: 0.000187  loss: 0.6828 (0.6783)  eta: 0:00:16  time: 0.5936  data: 0.0001  max mem: 2933
[00:39:17.349901] Epoch: [91]  [60/66]  lr: 0.000183  loss: 0.6927 (0.6838)  eta: 0:00:03  time: 0.5969  data: 0.0002  max mem: 2933
[00:39:19.860007] Epoch: [91]  [65/66]  lr: 0.000182  loss: 0.6898 (0.6810)  eta: 0:00:00  time: 0.5673  data: 0.0002  max mem: 2933
[00:39:19.966523] Epoch: [91] Total time: 0:00:39 (0.6033 s / it)
[00:39:19.966766] Averaged stats: lr: 0.000182  loss: 0.6898 (0.6810)
/home/nvidia/netmambaplus-reproduction/upstream/NetMambaPlus/src/engine_mm.py:220: FutureWarning: `torch.cuda.amp.autocast(args...)` is deprecated. Please use `torch.amp.autocast('cuda', args...)` instead.
  with torch.cuda.amp.autocast():
[00:39:20.353089] Test:  [0/9]  loss: 0.3245 (0.3245)  acc1: 0.8984 (0.8984)  acc3: 1.0000 (1.0000)  eta: 0:00:03  time: 0.3820  data: 0.2380  max mem: 2933
[00:39:21.338123] Test:  [8/9]  loss: 0.3821 (0.4326)  acc1: 0.8516 (0.8615)  acc3: 1.0000 (0.9865)  eta: 0:00:00  time: 0.1518  data: 0.0266  max mem: 2933
[00:39:21.441065] Test: Total time: 0:00:01 (0.1636 s / it)
[00:39:21.509773] * Acc@1 0.8615 Acc@3 0.9865 loss 0.4326
[00:39:21.509852] * Pre 0.8670 Rec 0.8615 F1 0.8622
[00:39:21.511963] Accuracy of the network on test samples: 0.8615
[00:39:21.511973] F1 of the network on test samples: 0.8622
[00:39:21.511982] Max Accuracy: 0.8644
[00:39:21.511990] Max F1: 0.8654
[00:39:21.515637] log_dir: /home/nvidia/netmambaplus-reproduction/runs/ciciot-ft-seed2/logs
[00:39:22.369552] Epoch: [92]  [ 0/66]  lr: 0.000182  loss: 0.6392 (0.6392)  eta: 0:00:56  time: 0.8517  data: 0.2196  max mem: 2933
[00:39:34.754459] Epoch: [92]  [20/66]  lr: 0.000178  loss: 0.6633 (0.6669)  eta: 0:00:28  time: 0.6192  data: 0.0003  max mem: 2933
[00:39:46.724568] Epoch: [92]  [40/66]  lr: 0.000175  loss: 0.6998 (0.6832)  eta: 0:00:15  time: 0.5985  data: 0.0002  max mem: 2933
[00:39:58.663637] Epoch: [92]  [60/66]  lr: 0.000171  loss: 0.6804 (0.6842)  eta: 0:00:03  time: 0.5969  data: 0.0002  max mem: 2933
[00:40:01.199786] Epoch: [92]  [65/66]  lr: 0.000170  loss: 0.6804 (0.6796)  eta: 0:00:00  time: 0.5682  data: 0.0002  max mem: 2933
[00:40:01.321870] Epoch: [92] Total time: 0:00:39 (0.6031 s / it)
[00:40:01.322153] Averaged stats: lr: 0.000170  loss: 0.6804 (0.6796)
/home/nvidia/netmambaplus-reproduction/upstream/NetMambaPlus/src/engine_mm.py:220: FutureWarning: `torch.cuda.amp.autocast(args...)` is deprecated. Please use `torch.amp.autocast('cuda', args...)` instead.
  with torch.cuda.amp.autocast():
[00:40:01.715511] Test:  [0/9]  loss: 0.3516 (0.3516)  acc1: 0.8984 (0.8984)  acc3: 0.9922 (0.9922)  eta: 0:00:03  time: 0.3857  data: 0.2395  max mem: 2933
[00:40:02.730947] Test:  [8/9]  loss: 0.3853 (0.4368)  acc1: 0.8594 (0.8625)  acc3: 0.9922 (0.9837)  eta: 0:00:00  time: 0.1556  data: 0.0268  max mem: 2933
[00:40:02.844108] Test: Total time: 0:00:01 (0.1688 s / it)
[00:40:02.914506] * Acc@1 0.8625 Acc@3 0.9837 loss 0.4368
[00:40:02.914586] * Pre 0.8677 Rec 0.8625 F1 0.8632
[00:40:02.916795] Accuracy of the network on test samples: 0.8625
[00:40:02.916810] F1 of the network on test samples: 0.8632
[00:40:02.916820] Max Accuracy: 0.8644
[00:40:02.916831] Max F1: 0.8654
[00:40:02.921490] log_dir: /home/nvidia/netmambaplus-reproduction/runs/ciciot-ft-seed2/logs
[00:40:03.772760] Epoch: [93]  [ 0/66]  lr: 0.000170  loss: 0.7264 (0.7264)  eta: 0:00:55  time: 0.8479  data: 0.2202  max mem: 2933
[00:40:16.514901] Epoch: [93]  [20/66]  lr: 0.000167  loss: 0.6756 (0.6876)  eta: 0:00:29  time: 0.6371  data: 0.0003  max mem: 2933
[00:40:28.606186] Epoch: [93]  [40/66]  lr: 0.000163  loss: 0.6881 (0.6903)  eta: 0:00:16  time: 0.6045  data: 0.0003  max mem: 2933
[00:40:40.846132] Epoch: [93]  [60/66]  lr: 0.000160  loss: 0.6675 (0.6824)  eta: 0:00:03  time: 0.6119  data: 0.0003  max mem: 2933
[00:40:43.412905] Epoch: [93]  [65/66]  lr: 0.000159  loss: 0.6728 (0.6795)  eta: 0:00:00  time: 0.5801  data: 0.0003  max mem: 2933
[00:40:43.527759] Epoch: [93] Total time: 0:00:40 (0.6152 s / it)
[00:40:43.527990] Averaged stats: lr: 0.000159  loss: 0.6728 (0.6795)
/home/nvidia/netmambaplus-reproduction/upstream/NetMambaPlus/src/engine_mm.py:220: FutureWarning: `torch.cuda.amp.autocast(args...)` is deprecated. Please use `torch.amp.autocast('cuda', args...)` instead.
  with torch.cuda.amp.autocast():
[00:40:43.908669] Test:  [0/9]  loss: 0.3364 (0.3364)  acc1: 0.8984 (0.8984)  acc3: 1.0000 (1.0000)  eta: 0:00:03  time: 0.3751  data: 0.2315  max mem: 2933
[00:40:44.909181] Test:  [8/9]  loss: 0.3896 (0.4341)  acc1: 0.8516 (0.8615)  acc3: 1.0000 (0.9865)  eta: 0:00:00  time: 0.1527  data: 0.0259  max mem: 2933
[00:40:45.035302] Test: Total time: 0:00:01 (0.1671 s / it)
[00:40:45.104153] * Acc@1 0.8615 Acc@3 0.9865 loss 0.4341
[00:40:45.104198] * Pre 0.8670 Rec 0.8615 F1 0.8622
[00:40:45.107194] Accuracy of the network on test samples: 0.8615
[00:40:45.107212] F1 of the network on test samples: 0.8622
[00:40:45.107219] Max Accuracy: 0.8644
[00:40:45.107837] Max F1: 0.8654
[00:40:45.111476] log_dir: /home/nvidia/netmambaplus-reproduction/runs/ciciot-ft-seed2/logs
[00:40:46.011962] Epoch: [94]  [ 0/66]  lr: 0.000159  loss: 0.6266 (0.6266)  eta: 0:00:59  time: 0.8980  data: 0.2517  max mem: 2933
[00:40:58.798534] Epoch: [94]  [20/66]  lr: 0.000155  loss: 0.6708 (0.6667)  eta: 0:00:29  time: 0.6393  data: 0.0004  max mem: 2933
[00:41:11.025342] Epoch: [94]  [40/66]  lr: 0.000152  loss: 0.6793 (0.6787)  eta: 0:00:16  time: 0.6113  data: 0.0003  max mem: 2933
[00:41:23.256382] Epoch: [94]  [60/66]  lr: 0.000148  loss: 0.6924 (0.6842)  eta: 0:00:03  time: 0.6115  data: 0.0002  max mem: 2933
[00:41:25.825140] Epoch: [94]  [65/66]  lr: 0.000147  loss: 0.6734 (0.6819)  eta: 0:00:00  time: 0.5824  data: 0.0002  max mem: 2933
[00:41:25.957578] Epoch: [94] Total time: 0:00:40 (0.6189 s / it)
[00:41:25.957705] Averaged stats: lr: 0.000147  loss: 0.6734 (0.6819)
/home/nvidia/netmambaplus-reproduction/upstream/NetMambaPlus/src/engine_mm.py:220: FutureWarning: `torch.cuda.amp.autocast(args...)` is deprecated. Please use `torch.amp.autocast('cuda', args...)` instead.
  with torch.cuda.amp.autocast():
[00:41:26.376972] Test:  [0/9]  loss: 0.3345 (0.3345)  acc1: 0.8984 (0.8984)  acc3: 0.9922 (0.9922)  eta: 0:00:03  time: 0.4136  data: 0.2678  max mem: 2933
[00:41:27.386050] Test:  [8/9]  loss: 0.3787 (0.4338)  acc1: 0.8516 (0.8615)  acc3: 0.9922 (0.9856)  eta: 0:00:00  time: 0.1580  data: 0.0299  max mem: 2933
[00:41:27.500267] Test: Total time: 0:00:01 (0.1711 s / it)
[00:41:27.576958] * Acc@1 0.8615 Acc@3 0.9856 loss 0.4338
[00:41:27.577112] * Pre 0.8670 Rec 0.8615 F1 0.8622
[00:41:27.579559] Accuracy of the network on test samples: 0.8615
[00:41:27.579579] F1 of the network on test samples: 0.8622
[00:41:27.579587] Max Accuracy: 0.8644
[00:41:27.579594] Max F1: 0.8654
[00:41:27.583336] log_dir: /home/nvidia/netmambaplus-reproduction/runs/ciciot-ft-seed2/logs
[00:41:28.507695] Epoch: [95]  [ 0/66]  lr: 0.000147  loss: 0.7969 (0.7969)  eta: 0:01:00  time: 0.9212  data: 0.2783  max mem: 2933
[00:41:41.178926] Epoch: [95]  [20/66]  lr: 0.000144  loss: 0.6702 (0.6812)  eta: 0:00:29  time: 0.6335  data: 0.0003  max mem: 2933
[00:41:53.386961] Epoch: [95]  [40/66]  lr: 0.000141  loss: 0.6912 (0.6835)  eta: 0:00:16  time: 0.6103  data: 0.0004  max mem: 2933
[00:42:05.651085] Epoch: [95]  [60/66]  lr: 0.000137  loss: 0.6840 (0.6836)  eta: 0:00:03  time: 0.6132  data: 0.0002  max mem: 2933
[00:42:08.242160] Epoch: [95]  [65/66]  lr: 0.000137  loss: 0.6915 (0.6790)  eta: 0:00:00  time: 0.5841  data: 0.0003  max mem: 2933
[00:42:08.362627] Epoch: [95] Total time: 0:00:40 (0.6179 s / it)
[00:42:08.363218] Averaged stats: lr: 0.000137  loss: 0.6915 (0.6790)
/home/nvidia/netmambaplus-reproduction/upstream/NetMambaPlus/src/engine_mm.py:220: FutureWarning: `torch.cuda.amp.autocast(args...)` is deprecated. Please use `torch.amp.autocast('cuda', args...)` instead.
  with torch.cuda.amp.autocast():
[00:42:08.753124] Test:  [0/9]  loss: 0.3384 (0.3384)  acc1: 0.8984 (0.8984)  acc3: 1.0000 (1.0000)  eta: 0:00:03  time: 0.3819  data: 0.2347  max mem: 2933
[00:42:09.755144] Test:  [8/9]  loss: 0.4138 (0.4391)  acc1: 0.8203 (0.8606)  acc3: 1.0000 (0.9846)  eta: 0:00:00  time: 0.1537  data: 0.0262  max mem: 2933
[00:42:09.867328] Test: Total time: 0:00:01 (0.1668 s / it)
[00:42:09.940282] * Acc@1 0.8606 Acc@3 0.9846 loss 0.4391
[00:42:09.940400] * Pre 0.8669 Rec 0.8606 F1 0.8614
[00:42:09.942827] Accuracy of the network on test samples: 0.8606
[00:42:09.943814] F1 of the network on test samples: 0.8614
[00:42:09.944017] Max Accuracy: 0.8644
[00:42:09.944043] Max F1: 0.8654
[00:42:09.946855] log_dir: /home/nvidia/netmambaplus-reproduction/runs/ciciot-ft-seed2/logs
[00:42:10.878858] Epoch: [96]  [ 0/66]  lr: 0.000136  loss: 0.7285 (0.7285)  eta: 0:01:01  time: 0.9292  data: 0.2808  max mem: 2933
[00:42:23.541012] Epoch: [96]  [20/66]  lr: 0.000133  loss: 0.6872 (0.6932)  eta: 0:00:29  time: 0.6331  data: 0.0003  max mem: 2933
[00:42:35.676505] Epoch: [96]  [40/66]  lr: 0.000130  loss: 0.6685 (0.6874)  eta: 0:00:16  time: 0.6067  data: 0.0003  max mem: 2933
[00:42:47.722602] Epoch: [96]  [60/66]  lr: 0.000127  loss: 0.6710 (0.6840)  eta: 0:00:03  time: 0.6023  data: 0.0002  max mem: 2933
[00:42:50.259024] Epoch: [96]  [65/66]  lr: 0.000126  loss: 0.6710 (0.6833)  eta: 0:00:00  time: 0.5725  data: 0.0002  max mem: 2933
[00:42:50.398687] Epoch: [96] Total time: 0:00:40 (0.6129 s / it)
[00:42:50.398809] Averaged stats: lr: 0.000126  loss: 0.6710 (0.6833)
/home/nvidia/netmambaplus-reproduction/upstream/NetMambaPlus/src/engine_mm.py:220: FutureWarning: `torch.cuda.amp.autocast(args...)` is deprecated. Please use `torch.amp.autocast('cuda', args...)` instead.
  with torch.cuda.amp.autocast():
[00:42:50.783049] Test:  [0/9]  loss: 0.3413 (0.3413)  acc1: 0.8984 (0.8984)  acc3: 0.9922 (0.9922)  eta: 0:00:03  time: 0.3793  data: 0.2395  max mem: 2933
[00:42:51.771040] Test:  [8/9]  loss: 0.4099 (0.4389)  acc1: 0.8281 (0.8596)  acc3: 0.9922 (0.9837)  eta: 0:00:00  time: 0.1518  data: 0.0268  max mem: 2933
[00:42:51.895622] Test: Total time: 0:00:01 (0.1660 s / it)
[00:42:51.963423] * Acc@1 0.8596 Acc@3 0.9837 loss 0.4389
[00:42:51.963517] * Pre 0.8651 Rec 0.8596 F1 0.8603
[00:42:51.965441] Accuracy of the network on test samples: 0.8596
[00:42:51.966171] F1 of the network on test samples: 0.8603
[00:42:51.966250] Max Accuracy: 0.8644
[00:42:51.966260] Max F1: 0.8654
[00:42:51.968871] log_dir: /home/nvidia/netmambaplus-reproduction/runs/ciciot-ft-seed2/logs
[00:42:52.831829] Epoch: [97]  [ 0/66]  lr: 0.000126  loss: 0.6511 (0.6511)  eta: 0:00:56  time: 0.8606  data: 0.2283  max mem: 2933
[00:43:05.303737] Epoch: [97]  [20/66]  lr: 0.000123  loss: 0.6806 (0.6800)  eta: 0:00:29  time: 0.6235  data: 0.0002  max mem: 2933
[00:43:17.028513] Epoch: [97]  [40/66]  lr: 0.000120  loss: 0.6736 (0.6768)  eta: 0:00:15  time: 0.5862  data: 0.0003  max mem: 2933
[00:43:24.848766] Epoch: [97]  [60/66]  lr: 0.000117  loss: 0.6913 (0.6837)  eta: 0:00:03  time: 0.3909  data: 0.0002  max mem: 2933
[00:43:26.528417] Epoch: [97]  [65/66]  lr: 0.000116  loss: 0.6913 (0.6868)  eta: 0:00:00  time: 0.3466  data: 0.0002  max mem: 2933
[00:43:26.648136] Epoch: [97] Total time: 0:00:34 (0.5254 s / it)
[00:43:26.648246] Averaged stats: lr: 0.000116  loss: 0.6913 (0.6868)
/home/nvidia/netmambaplus-reproduction/upstream/NetMambaPlus/src/engine_mm.py:220: FutureWarning: `torch.cuda.amp.autocast(args...)` is deprecated. Please use `torch.amp.autocast('cuda', args...)` instead.
  with torch.cuda.amp.autocast():
[00:43:26.975631] Test:  [0/9]  loss: 0.3289 (0.3289)  acc1: 0.8984 (0.8984)  acc3: 0.9922 (0.9922)  eta: 0:00:02  time: 0.3234  data: 0.2262  max mem: 2933
[00:43:27.622465] Test:  [8/9]  loss: 0.3982 (0.4386)  acc1: 0.8516 (0.8615)  acc3: 0.9922 (0.9846)  eta: 0:00:00  time: 0.1077  data: 0.0253  max mem: 2933
[00:43:27.726657] Test: Total time: 0:00:01 (0.1196 s / it)
[00:43:27.795927] * Acc@1 0.8615 Acc@3 0.9846 loss 0.4386
[00:43:27.796011] * Pre 0.8667 Rec 0.8615 F1 0.8622
[00:43:27.798013] Accuracy of the network on test samples: 0.8615
[00:43:27.799073] F1 of the network on test samples: 0.8622
[00:43:27.799125] Max Accuracy: 0.8644
[00:43:27.799175] Max F1: 0.8654
[00:43:27.801960] log_dir: /home/nvidia/netmambaplus-reproduction/runs/ciciot-ft-seed2/logs
[00:43:28.475583] Epoch: [98]  [ 0/66]  lr: 0.000116  loss: 0.7734 (0.7734)  eta: 0:00:44  time: 0.6699  data: 0.2448  max mem: 2933
[00:43:36.792451] Epoch: [98]  [20/66]  lr: 0.000113  loss: 0.6715 (0.6884)  eta: 0:00:19  time: 0.4158  data: 0.0003  max mem: 2933
[00:43:45.107208] Epoch: [98]  [40/66]  lr: 0.000110  loss: 0.6731 (0.6801)  eta: 0:00:10  time: 0.4157  data: 0.0003  max mem: 2933
[00:43:52.627608] Epoch: [98]  [60/66]  lr: 0.000107  loss: 0.6692 (0.6843)  eta: 0:00:02  time: 0.3760  data: 0.0002  max mem: 2933
[00:43:53.831646] Epoch: [98]  [65/66]  lr: 0.000106  loss: 0.6772 (0.6830)  eta: 0:00:00  time: 0.3337  data: 0.0001  max mem: 2933
[00:43:53.961064] Epoch: [98] Total time: 0:00:26 (0.3963 s / it)
[00:43:53.961200] Averaged stats: lr: 0.000106  loss: 0.6772 (0.6830)
/home/nvidia/netmambaplus-reproduction/upstream/NetMambaPlus/src/engine_mm.py:220: FutureWarning: `torch.cuda.amp.autocast(args...)` is deprecated. Please use `torch.amp.autocast('cuda', args...)` instead.
  with torch.cuda.amp.autocast():
[00:43:54.338073] Test:  [0/9]  loss: 0.3279 (0.3279)  acc1: 0.8984 (0.8984)  acc3: 0.9922 (0.9922)  eta: 0:00:03  time: 0.3688  data: 0.2719  max mem: 2933
[00:43:54.987409] Test:  [8/9]  loss: 0.3906 (0.4367)  acc1: 0.8516 (0.8615)  acc3: 0.9922 (0.9846)  eta: 0:00:00  time: 0.1131  data: 0.0303  max mem: 2933
[00:43:55.096021] Test: Total time: 0:00:01 (0.1258 s / it)
[00:43:55.162268] * Acc@1 0.8615 Acc@3 0.9846 loss 0.4367
[00:43:55.162339] * Pre 0.8667 Rec 0.8615 F1 0.8622
[00:43:55.163984] Accuracy of the network on test samples: 0.8615
[00:43:55.163998] F1 of the network on test samples: 0.8622
[00:43:55.164004] Max Accuracy: 0.8644
[00:43:55.164010] Max F1: 0.8654
[00:43:55.167796] log_dir: /home/nvidia/netmambaplus-reproduction/runs/ciciot-ft-seed2/logs
[00:43:55.843897] Epoch: [99]  [ 0/66]  lr: 0.000106  loss: 0.6643 (0.6643)  eta: 0:00:44  time: 0.6743  data: 0.2525  max mem: 2933
[00:44:04.106539] Epoch: [99]  [20/66]  lr: 0.000103  loss: 0.6749 (0.6784)  eta: 0:00:19  time: 0.4131  data: 0.0002  max mem: 2933
[00:44:12.339843] Epoch: [99]  [40/66]  lr: 0.000100  loss: 0.6824 (0.6815)  eta: 0:00:10  time: 0.4116  data: 0.0001  max mem: 2933
[00:44:20.160603] Epoch: [99]  [60/66]  lr: 0.000097  loss: 0.6700 (0.6795)  eta: 0:00:02  time: 0.3910  data: 0.0002  max mem: 2933
[00:44:21.285451] Epoch: [99]  [65/66]  lr: 0.000097  loss: 0.6765 (0.6836)  eta: 0:00:00  time: 0.3444  data: 0.0002  max mem: 2933
[00:44:21.416592] Epoch: [99] Total time: 0:00:26 (0.3977 s / it)
[00:44:21.416953] Averaged stats: lr: 0.000097  loss: 0.6765 (0.6836)
/home/nvidia/netmambaplus-reproduction/upstream/NetMambaPlus/src/engine_mm.py:220: FutureWarning: `torch.cuda.amp.autocast(args...)` is deprecated. Please use `torch.amp.autocast('cuda', args...)` instead.
  with torch.cuda.amp.autocast():
[00:44:21.778674] Test:  [0/9]  loss: 0.3438 (0.3438)  acc1: 0.8984 (0.8984)  acc3: 0.9922 (0.9922)  eta: 0:00:03  time: 0.3569  data: 0.2580  max mem: 2933
[00:44:22.422658] Test:  [8/9]  loss: 0.4148 (0.4383)  acc1: 0.8281 (0.8606)  acc3: 0.9922 (0.9846)  eta: 0:00:00  time: 0.1111  data: 0.0287  max mem: 2933
[00:44:22.531418] Test: Total time: 0:00:01 (0.1235 s / it)
[00:44:22.598866] * Acc@1 0.8606 Acc@3 0.9846 loss 0.4383
[00:44:22.598912] * Pre 0.8663 Rec 0.8606 F1 0.8613
[00:44:22.601140] Accuracy of the network on test samples: 0.8606
[00:44:22.601151] F1 of the network on test samples: 0.8613
[00:44:22.601157] Max Accuracy: 0.8644
[00:44:22.601162] Max F1: 0.8654
[00:44:22.605613] log_dir: /home/nvidia/netmambaplus-reproduction/runs/ciciot-ft-seed2/logs
[00:44:23.277767] Epoch: [100]  [ 0/66]  lr: 0.000096  loss: 0.6240 (0.6240)  eta: 0:00:44  time: 0.6690  data: 0.2457  max mem: 2933
[00:44:31.541320] Epoch: [100]  [20/66]  lr: 0.000094  loss: 0.6585 (0.6703)  eta: 0:00:19  time: 0.4131  data: 0.0002  max mem: 2933
[00:44:44.300914] Epoch: [100]  [40/66]  lr: 0.000091  loss: 0.6783 (0.6763)  eta: 0:00:13  time: 0.6379  data: 0.0002  max mem: 2933
[00:44:52.415481] Epoch: [100]  [60/66]  lr: 0.000088  loss: 0.6953 (0.6827)  eta: 0:00:02  time: 0.4057  data: 0.0002  max mem: 2933
[00:44:53.477495] Epoch: [100]  [65/66]  lr: 0.000088  loss: 0.6986 (0.6875)  eta: 0:00:00  time: 0.3424  data: 0.0001  max mem: 2933
[00:44:53.591044] Epoch: [100] Total time: 0:00:30 (0.4695 s / it)
[00:44:53.591162] Averaged stats: lr: 0.000088  loss: 0.6986 (0.6875)
/home/nvidia/netmambaplus-reproduction/upstream/NetMambaPlus/src/engine_mm.py:220: FutureWarning: `torch.cuda.amp.autocast(args...)` is deprecated. Please use `torch.amp.autocast('cuda', args...)` instead.
  with torch.cuda.amp.autocast():
[00:44:53.940695] Test:  [0/9]  loss: 0.3352 (0.3352)  acc1: 0.8984 (0.8984)  acc3: 0.9922 (0.9922)  eta: 0:00:03  time: 0.3440  data: 0.2471  max mem: 2933
[00:44:54.586412] Test:  [8/9]  loss: 0.3994 (0.4353)  acc1: 0.8516 (0.8615)  acc3: 0.9922 (0.9846)  eta: 0:00:00  time: 0.1099  data: 0.0276  max mem: 2933
[00:44:54.698257] Test: Total time: 0:00:01 (0.1227 s / it)
[00:44:55.776172] * Acc@1 0.8615 Acc@3 0.9846 loss 0.4353
[00:44:55.776322] * Pre 0.8667 Rec 0.8615 F1 0.8622
[00:44:55.778097] Accuracy of the network on test samples: 0.8615
[00:44:55.778108] F1 of the network on test samples: 0.8622
[00:44:55.778116] Max Accuracy: 0.8644
[00:44:55.778123] Max F1: 0.8654
[00:44:55.780089] log_dir: /home/nvidia/netmambaplus-reproduction/runs/ciciot-ft-seed2/logs
[00:44:56.452513] Epoch: [101]  [ 0/66]  lr: 0.000087  loss: 0.6144 (0.6144)  eta: 0:00:44  time: 0.6695  data: 0.2425  max mem: 2933
[00:45:04.854675] Epoch: [101]  [20/66]  lr: 0.000085  loss: 0.6770 (0.6739)  eta: 0:00:19  time: 0.4200  data: 0.0002  max mem: 2933
[00:45:13.208623] Epoch: [101]  [40/66]  lr: 0.000082  loss: 0.6849 (0.6801)  eta: 0:00:11  time: 0.4176  data: 0.0003  max mem: 2933
[00:45:21.008666] Epoch: [101]  [60/66]  lr: 0.000080  loss: 0.6739 (0.6775)  eta: 0:00:02  time: 0.3900  data: 0.0003  max mem: 2933
[00:45:22.195088] Epoch: [101]  [65/66]  lr: 0.000079  loss: 0.6739 (0.6790)  eta: 0:00:00  time: 0.3451  data: 0.0002  max mem: 2933
[00:45:22.320997] Epoch: [101] Total time: 0:00:26 (0.4021 s / it)
[00:45:22.321284] Averaged stats: lr: 0.000079  loss: 0.6739 (0.6790)
/home/nvidia/netmambaplus-reproduction/upstream/NetMambaPlus/src/engine_mm.py:220: FutureWarning: `torch.cuda.amp.autocast(args...)` is deprecated. Please use `torch.amp.autocast('cuda', args...)` instead.
  with torch.cuda.amp.autocast():
[00:45:22.697999] Test:  [0/9]  loss: 0.3459 (0.3459)  acc1: 0.8984 (0.8984)  acc3: 0.9922 (0.9922)  eta: 0:00:03  time: 0.3723  data: 0.2758  max mem: 2933
[00:45:23.350779] Test:  [8/9]  loss: 0.4038 (0.4352)  acc1: 0.8281 (0.8587)  acc3: 0.9922 (0.9837)  eta: 0:00:00  time: 0.1138  data: 0.0308  max mem: 2933
[00:45:23.471773] Test: Total time: 0:00:01 (0.1275 s / it)
[00:45:23.540049] * Acc@1 0.8587 Acc@3 0.9837 loss 0.4352
[00:45:23.540126] * Pre 0.8641 Rec 0.8587 F1 0.8593
[00:45:23.542481] Accuracy of the network on test samples: 0.8587
[00:45:23.542495] F1 of the network on test samples: 0.8593
[00:45:23.542504] Max Accuracy: 0.8644
[00:45:23.542511] Max F1: 0.8654
[00:45:23.547454] log_dir: /home/nvidia/netmambaplus-reproduction/runs/ciciot-ft-seed2/logs
[00:45:24.258332] Epoch: [102]  [ 0/66]  lr: 0.000079  loss: 0.5506 (0.5506)  eta: 0:00:46  time: 0.7072  data: 0.2789  max mem: 2933
[00:45:32.707615] Epoch: [102]  [20/66]  lr: 0.000076  loss: 0.6929 (0.6846)  eta: 0:00:20  time: 0.4224  data: 0.0002  max mem: 2933
[00:45:41.136460] Epoch: [102]  [40/66]  lr: 0.000074  loss: 0.6821 (0.6867)  eta: 0:00:11  time: 0.4214  data: 0.0003  max mem: 2933
[00:45:48.999054] Epoch: [102]  [60/66]  lr: 0.000071  loss: 0.6663 (0.6827)  eta: 0:00:02  time: 0.3930  data: 0.0002  max mem: 2933
[00:45:49.895117] Epoch: [102]  [65/66]  lr: 0.000071  loss: 0.6754 (0.6838)  eta: 0:00:00  time: 0.3327  data: 0.0002  max mem: 2933
[00:45:49.967640] Epoch: [102] Total time: 0:00:26 (0.4003 s / it)
[00:45:49.967727] Averaged stats: lr: 0.000071  loss: 0.6754 (0.6838)
/home/nvidia/netmambaplus-reproduction/upstream/NetMambaPlus/src/engine_mm.py:220: FutureWarning: `torch.cuda.amp.autocast(args...)` is deprecated. Please use `torch.amp.autocast('cuda', args...)` instead.
  with torch.cuda.amp.autocast():
[00:45:50.148550] Test:  [0/9]  loss: 0.3398 (0.3398)  acc1: 0.8984 (0.8984)  acc3: 0.9922 (0.9922)  eta: 0:00:01  time: 0.1787  data: 0.1339  max mem: 2933
[00:45:50.631265] Test:  [8/9]  loss: 0.3967 (0.4370)  acc1: 0.8281 (0.8587)  acc3: 0.9922 (0.9856)  eta: 0:00:00  time: 0.0734  data: 0.0150  max mem: 2933
[00:45:50.752862] Test: Total time: 0:00:00 (0.0871 s / it)
[00:45:50.827483] * Acc@1 0.8587 Acc@3 0.9856 loss 0.4370
[00:45:50.827563] * Pre 0.8639 Rec 0.8587 F1 0.8593
[00:45:50.830024] Accuracy of the network on test samples: 0.8587
[00:45:50.830704] F1 of the network on test samples: 0.8593
[00:45:50.830874] Max Accuracy: 0.8644
[00:45:50.830885] Max F1: 0.8654
[00:45:50.834243] log_dir: /home/nvidia/netmambaplus-reproduction/runs/ciciot-ft-seed2/logs
[00:45:51.517513] Epoch: [103]  [ 0/66]  lr: 0.000071  loss: 0.6171 (0.6171)  eta: 0:00:44  time: 0.6806  data: 0.2439  max mem: 2933
[00:45:59.970991] Epoch: [103]  [20/66]  lr: 0.000068  loss: 0.6797 (0.6842)  eta: 0:00:20  time: 0.4226  data: 0.0003  max mem: 2933
[00:46:08.417615] Epoch: [103]  [40/66]  lr: 0.000066  loss: 0.6990 (0.6846)  eta: 0:00:11  time: 0.4222  data: 0.0003  max mem: 2933
[00:46:16.840390] Epoch: [103]  [60/66]  lr: 0.000063  loss: 0.6735 (0.6820)  eta: 0:00:02  time: 0.4211  data: 0.0002  max mem: 2933
[00:46:18.057871] Epoch: [103]  [65/66]  lr: 0.000063  loss: 0.6768 (0.6822)  eta: 0:00:00  time: 0.3757  data: 0.0003  max mem: 2933
[00:46:18.144378] Epoch: [103] Total time: 0:00:27 (0.4138 s / it)
[00:46:18.144440] Averaged stats: lr: 0.000063  loss: 0.6768 (0.6822)
/home/nvidia/netmambaplus-reproduction/upstream/NetMambaPlus/src/engine_mm.py:220: FutureWarning: `torch.cuda.amp.autocast(args...)` is deprecated. Please use `torch.amp.autocast('cuda', args...)` instead.
  with torch.cuda.amp.autocast():
[00:46:18.372036] Test:  [0/9]  loss: 0.3357 (0.3357)  acc1: 0.8984 (0.8984)  acc3: 0.9922 (0.9922)  eta: 0:00:02  time: 0.2248  data: 0.1776  max mem: 2933
[00:46:18.687894] Test:  [8/9]  loss: 0.3875 (0.4355)  acc1: 0.8438 (0.8606)  acc3: 0.9922 (0.9837)  eta: 0:00:00  time: 0.0600  data: 0.0198  max mem: 2933
[00:46:18.824911] Test: Total time: 0:00:00 (0.0754 s / it)
[00:46:18.898455] * Acc@1 0.8606 Acc@3 0.9837 loss 0.4355
[00:46:18.898574] * Pre 0.8661 Rec 0.8606 F1 0.8613
[00:46:18.900982] Accuracy of the network on test samples: 0.8606
[00:46:18.901000] F1 of the network on test samples: 0.8613
[00:46:18.901005] Max Accuracy: 0.8644
[00:46:18.901010] Max F1: 0.8654
[00:46:18.905977] log_dir: /home/nvidia/netmambaplus-reproduction/runs/ciciot-ft-seed2/logs
[00:46:19.598566] Epoch: [104]  [ 0/66]  lr: 0.000063  loss: 0.6967 (0.6967)  eta: 0:00:45  time: 0.6890  data: 0.2601  max mem: 2933
[00:46:29.430693] Epoch: [104]  [20/66]  lr: 0.000061  loss: 0.6861 (0.6888)  eta: 0:00:23  time: 0.4916  data: 0.0002  max mem: 2933
[00:46:38.106707] Epoch: [104]  [40/66]  lr: 0.000058  loss: 0.6640 (0.6817)  eta: 0:00:12  time: 0.4337  data: 0.0003  max mem: 2933
[00:46:46.547760] Epoch: [104]  [60/66]  lr: 0.000056  loss: 0.6673 (0.6822)  eta: 0:00:02  time: 0.4220  data: 0.0003  max mem: 2933
[00:46:47.923298] Epoch: [104]  [65/66]  lr: 0.000056  loss: 0.6672 (0.6778)  eta: 0:00:00  time: 0.3847  data: 0.0003  max mem: 2933
[00:46:47.983226] Epoch: [104] Total time: 0:00:29 (0.4406 s / it)
[00:46:47.983386] Averaged stats: lr: 0.000056  loss: 0.6672 (0.6778)
/home/nvidia/netmambaplus-reproduction/upstream/NetMambaPlus/src/engine_mm.py:220: FutureWarning: `torch.cuda.amp.autocast(args...)` is deprecated. Please use `torch.amp.autocast('cuda', args...)` instead.
  with torch.cuda.amp.autocast():
[00:46:48.246989] Test:  [0/9]  loss: 0.3354 (0.3354)  acc1: 0.8984 (0.8984)  acc3: 0.9922 (0.9922)  eta: 0:00:02  time: 0.2608  data: 0.1699  max mem: 2933
[00:46:48.636211] Test:  [8/9]  loss: 0.3967 (0.4351)  acc1: 0.8438 (0.8606)  acc3: 0.9922 (0.9846)  eta: 0:00:00  time: 0.0722  data: 0.0190  max mem: 2933
[00:46:48.693023] Test: Total time: 0:00:00 (0.0787 s / it)
[00:46:48.751632] * Acc@1 0.8606 Acc@3 0.9846 loss 0.4351
[00:46:48.751756] * Pre 0.8657 Rec 0.8606 F1 0.8612
[00:46:48.753865] Accuracy of the network on test samples: 0.8606
[00:46:48.754838] F1 of the network on test samples: 0.8612
[00:46:48.754861] Max Accuracy: 0.8644
[00:46:48.754869] Max F1: 0.8654
[00:46:48.758122] log_dir: /home/nvidia/netmambaplus-reproduction/runs/ciciot-ft-seed2/logs
[00:46:49.470145] Epoch: [105]  [ 0/66]  lr: 0.000055  loss: 0.6144 (0.6144)  eta: 0:00:46  time: 0.7087  data: 0.2767  max mem: 2933
[00:46:57.960428] Epoch: [105]  [20/66]  lr: 0.000053  loss: 0.6743 (0.6695)  eta: 0:00:20  time: 0.4244  data: 0.0003  max mem: 2933
[00:47:06.375985] Epoch: [105]  [40/66]  lr: 0.000051  loss: 0.6710 (0.6720)  eta: 0:00:11  time: 0.4207  data: 0.0002  max mem: 2933
[00:47:14.831589] Epoch: [105]  [60/66]  lr: 0.000049  loss: 0.7056 (0.6785)  eta: 0:00:02  time: 0.4227  data: 0.0003  max mem: 2933
[00:47:16.382023] Epoch: [105]  [65/66]  lr: 0.000049  loss: 0.6913 (0.6764)  eta: 0:00:00  time: 0.3939  data: 0.0003  max mem: 2933
[00:47:16.439213] Epoch: [105] Total time: 0:00:27 (0.4194 s / it)
[00:47:16.439377] Averaged stats: lr: 0.000049  loss: 0.6913 (0.6764)
/home/nvidia/netmambaplus-reproduction/upstream/NetMambaPlus/src/engine_mm.py:220: FutureWarning: `torch.cuda.amp.autocast(args...)` is deprecated. Please use `torch.amp.autocast('cuda', args...)` instead.
  with torch.cuda.amp.autocast():
[00:47:16.675959] Test:  [0/9]  loss: 0.3425 (0.3425)  acc1: 0.8984 (0.8984)  acc3: 0.9922 (0.9922)  eta: 0:00:02  time: 0.2334  data: 0.1432  max mem: 2933
[00:47:17.190016] Test:  [8/9]  loss: 0.3962 (0.4368)  acc1: 0.8438 (0.8606)  acc3: 0.9922 (0.9837)  eta: 0:00:00  time: 0.0830  data: 0.0161  max mem: 2933
[00:47:17.245372] Test: Total time: 0:00:00 (0.0894 s / it)
[00:47:17.303084] * Acc@1 0.8606 Acc@3 0.9837 loss 0.4368
[00:47:17.303127] * Pre 0.8670 Rec 0.8615 F1 0.8622
[00:47:17.304115] Accuracy of the network on test samples: 0.8606
[00:47:17.304132] F1 of the network on test samples: 0.8622
[00:47:17.304138] Max Accuracy: 0.8644
[00:47:17.304144] Max F1: 0.8654
[00:47:17.305809] log_dir: /home/nvidia/netmambaplus-reproduction/runs/ciciot-ft-seed2/logs
[00:47:17.895043] Epoch: [106]  [ 0/66]  lr: 0.000049  loss: 0.6923 (0.6923)  eta: 0:00:38  time: 0.5861  data: 0.1511  max mem: 2933
[00:47:26.483250] Epoch: [106]  [20/66]  lr: 0.000047  loss: 0.6768 (0.6737)  eta: 0:00:20  time: 0.4294  data: 0.0003  max mem: 2933
[00:47:34.880222] Epoch: [106]  [40/66]  lr: 0.000045  loss: 0.6762 (0.6820)  eta: 0:00:11  time: 0.4198  data: 0.0003  max mem: 2933
[00:47:43.205488] Epoch: [106]  [60/66]  lr: 0.000043  loss: 0.6720 (0.6798)  eta: 0:00:02  time: 0.4162  data: 0.0002  max mem: 2933
[00:47:44.875253] Epoch: [106]  [65/66]  lr: 0.000042  loss: 0.6736 (0.6792)  eta: 0:00:00  time: 0.3955  data: 0.0002  max mem: 2933
[00:47:44.990502] Epoch: [106] Total time: 0:00:27 (0.4195 s / it)
[00:47:44.990582] Averaged stats: lr: 0.000042  loss: 0.6736 (0.6792)
/home/nvidia/netmambaplus-reproduction/upstream/NetMambaPlus/src/engine_mm.py:220: FutureWarning: `torch.cuda.amp.autocast(args...)` is deprecated. Please use `torch.amp.autocast('cuda', args...)` instead.
  with torch.cuda.amp.autocast():
[00:47:45.161845] Test:  [0/9]  loss: 0.3374 (0.3374)  acc1: 0.8984 (0.8984)  acc3: 1.0000 (1.0000)  eta: 0:00:01  time: 0.1687  data: 0.1087  max mem: 2933
[00:47:45.763848] Test:  [8/9]  loss: 0.3960 (0.4353)  acc1: 0.8516 (0.8615)  acc3: 1.0000 (0.9846)  eta: 0:00:00  time: 0.0856  data: 0.0122  max mem: 2933
[00:47:45.823087] Test: Total time: 0:00:00 (0.0924 s / it)
[00:47:45.879723] * Acc@1 0.8615 Acc@3 0.9846 loss 0.4353
[00:47:45.879755] * Pre 0.8670 Rec 0.8615 F1 0.8622
[00:47:45.880645] Accuracy of the network on test samples: 0.8615
[00:47:45.880654] F1 of the network on test samples: 0.8622
[00:47:45.880660] Max Accuracy: 0.8644
[00:47:45.880666] Max F1: 0.8654
[00:47:45.882780] log_dir: /home/nvidia/netmambaplus-reproduction/runs/ciciot-ft-seed2/logs
[00:47:46.432654] Epoch: [107]  [ 0/66]  lr: 0.000042  loss: 0.6497 (0.6497)  eta: 0:00:36  time: 0.5469  data: 0.1270  max mem: 2933
[00:47:54.729013] Epoch: [107]  [20/66]  lr: 0.000040  loss: 0.6796 (0.6839)  eta: 0:00:19  time: 0.4148  data: 0.0003  max mem: 2933
[00:48:03.022872] Epoch: [107]  [40/66]  lr: 0.000038  loss: 0.6691 (0.6860)  eta: 0:00:10  time: 0.4146  data: 0.0002  max mem: 2933
[00:48:11.311486] Epoch: [107]  [60/66]  lr: 0.000037  loss: 0.6688 (0.6831)  eta: 0:00:02  time: 0.4144  data: 0.0002  max mem: 2933
[00:48:12.978326] Epoch: [107]  [65/66]  lr: 0.000036  loss: 0.6572 (0.6774)  eta: 0:00:00  time: 0.3945  data: 0.0002  max mem: 2933
[00:48:13.104349] Epoch: [107] Total time: 0:00:27 (0.4124 s / it)
[00:48:13.104432] Averaged stats: lr: 0.000036  loss: 0.6572 (0.6774)
/home/nvidia/netmambaplus-reproduction/upstream/NetMambaPlus/src/engine_mm.py:220: FutureWarning: `torch.cuda.amp.autocast(args...)` is deprecated. Please use `torch.amp.autocast('cuda', args...)` instead.
  with torch.cuda.amp.autocast():
[00:48:13.242945] Test:  [0/9]  loss: 0.3369 (0.3369)  acc1: 0.8984 (0.8984)  acc3: 1.0000 (1.0000)  eta: 0:00:01  time: 0.1353  data: 0.0886  max mem: 2933
[00:48:13.752193] Test:  [8/9]  loss: 0.3928 (0.4363)  acc1: 0.8516 (0.8615)  acc3: 1.0000 (0.9856)  eta: 0:00:00  time: 0.0716  data: 0.0099  max mem: 2933
[00:48:13.845450] Test: Total time: 0:00:00 (0.0821 s / it)
[00:48:13.905201] * Acc@1 0.8615 Acc@3 0.9856 loss 0.4363
[00:48:13.905242] * Pre 0.8670 Rec 0.8615 F1 0.8622
[00:48:13.906073] Accuracy of the network on test samples: 0.8615
[00:48:13.906085] F1 of the network on test samples: 0.8622
[00:48:13.906089] Max Accuracy: 0.8644
[00:48:13.906093] Max F1: 0.8654
[00:48:13.907621] log_dir: /home/nvidia/netmambaplus-reproduction/runs/ciciot-ft-seed2/logs
[00:48:14.190281] Epoch: [108]  [ 0/66]  lr: 0.000036  loss: 0.7373 (0.7373)  eta: 0:00:18  time: 0.2816  data: 0.0919  max mem: 2933
[00:48:22.479786] Epoch: [108]  [20/66]  lr: 0.000034  loss: 0.6711 (0.6826)  eta: 0:00:18  time: 0.4144  data: 0.0003  max mem: 2933
[00:48:30.780604] Epoch: [108]  [40/66]  lr: 0.000033  loss: 0.6819 (0.6788)  eta: 0:00:10  time: 0.4150  data: 0.0003  max mem: 2933
[00:48:39.234758] Epoch: [108]  [60/66]  lr: 0.000031  loss: 0.6875 (0.6799)  eta: 0:00:02  time: 0.4227  data: 0.0002  max mem: 2933
[00:48:41.352426] Epoch: [108]  [65/66]  lr: 0.000031  loss: 0.6891 (0.6760)  eta: 0:00:00  time: 0.4246  data: 0.0002  max mem: 2933
[00:48:41.471981] Epoch: [108] Total time: 0:00:27 (0.4176 s / it)
[00:48:41.472324] Averaged stats: lr: 0.000031  loss: 0.6891 (0.6760)
/home/nvidia/netmambaplus-reproduction/upstream/NetMambaPlus/src/engine_mm.py:220: FutureWarning: `torch.cuda.amp.autocast(args...)` is deprecated. Please use `torch.amp.autocast('cuda', args...)` instead.
  with torch.cuda.amp.autocast():
[00:48:41.886571] Test:  [0/9]  loss: 0.3384 (0.3384)  acc1: 0.8984 (0.8984)  acc3: 1.0000 (1.0000)  eta: 0:00:03  time: 0.4072  data: 0.3011  max mem: 2933
[00:48:42.377411] Test:  [8/9]  loss: 0.3931 (0.4354)  acc1: 0.8516 (0.8615)  acc3: 1.0000 (0.9856)  eta: 0:00:00  time: 0.0997  data: 0.0339  max mem: 2933
[00:48:42.433591] Test: Total time: 0:00:00 (0.1064 s / it)
[00:48:42.496552] * Acc@1 0.8615 Acc@3 0.9856 loss 0.4354
[00:48:42.496646] * Pre 0.8670 Rec 0.8615 F1 0.8622
[00:48:42.499558] Accuracy of the network on test samples: 0.8615
[00:48:42.500176] F1 of the network on test samples: 0.8622
[00:48:42.500298] Max Accuracy: 0.8644
[00:48:42.500305] Max F1: 0.8654
[00:48:42.502636] log_dir: /home/nvidia/netmambaplus-reproduction/runs/ciciot-ft-seed2/logs
[00:48:43.150871] Epoch: [109]  [ 0/66]  lr: 0.000031  loss: 0.7057 (0.7057)  eta: 0:00:42  time: 0.6471  data: 0.1358  max mem: 2933
[00:48:51.351694] Epoch: [109]  [20/66]  lr: 0.000029  loss: 0.6675 (0.6800)  eta: 0:00:19  time: 0.4100  data: 0.0002  max mem: 2933
[00:48:59.632690] Epoch: [109]  [40/66]  lr: 0.000027  loss: 0.6722 (0.6773)  eta: 0:00:10  time: 0.4140  data: 0.0003  max mem: 2933
[00:49:07.884354] Epoch: [109]  [60/66]  lr: 0.000026  loss: 0.6808 (0.6798)  eta: 0:00:02  time: 0.4125  data: 0.0002  max mem: 2933
[00:49:09.553829] Epoch: [109]  [65/66]  lr: 0.000026  loss: 0.6808 (0.6822)  eta: 0:00:00  time: 0.3928  data: 0.0002  max mem: 2933
[00:49:09.678139] Epoch: [109] Total time: 0:00:27 (0.4117 s / it)
[00:49:09.678518] Averaged stats: lr: 0.000026  loss: 0.6808 (0.6822)
/home/nvidia/netmambaplus-reproduction/upstream/NetMambaPlus/src/engine_mm.py:220: FutureWarning: `torch.cuda.amp.autocast(args...)` is deprecated. Please use `torch.amp.autocast('cuda', args...)` instead.
  with torch.cuda.amp.autocast():
[00:49:10.089680] Test:  [0/9]  loss: 0.3389 (0.3389)  acc1: 0.8984 (0.8984)  acc3: 1.0000 (1.0000)  eta: 0:00:03  time: 0.4071  data: 0.3096  max mem: 2933
[00:49:10.736891] Test:  [8/9]  loss: 0.3950 (0.4359)  acc1: 0.8516 (0.8615)  acc3: 1.0000 (0.9856)  eta: 0:00:00  time: 0.1171  data: 0.0345  max mem: 2933
[00:49:10.806544] Test: Total time: 0:00:01 (0.1250 s / it)
[00:49:10.861958] * Acc@1 0.8615 Acc@3 0.9856 loss 0.4359
[00:49:10.861991] * Pre 0.8670 Rec 0.8615 F1 0.8622
[00:49:10.862895] Accuracy of the network on test samples: 0.8615
[00:49:10.863163] F1 of the network on test samples: 0.8622
[00:49:10.863169] Max Accuracy: 0.8644
[00:49:10.863174] Max F1: 0.8654
[00:49:10.864714] log_dir: /home/nvidia/netmambaplus-reproduction/runs/ciciot-ft-seed2/logs
[00:49:11.391202] Epoch: [110]  [ 0/66]  lr: 0.000025  loss: 0.6523 (0.6523)  eta: 0:00:34  time: 0.5244  data: 0.1280  max mem: 2933
[00:49:19.040836] Epoch: [110]  [20/66]  lr: 0.000024  loss: 0.6703 (0.6697)  eta: 0:00:17  time: 0.3824  data: 0.0002  max mem: 2933
[00:49:27.275435] Epoch: [110]  [40/66]  lr: 0.000023  loss: 0.6626 (0.6722)  eta: 0:00:10  time: 0.4117  data: 0.0002  max mem: 2933
[00:49:35.536407] Epoch: [110]  [60/66]  lr: 0.000021  loss: 0.6980 (0.6794)  eta: 0:00:02  time: 0.4130  data: 0.0002  max mem: 2933
[00:49:37.197757] Epoch: [110]  [65/66]  lr: 0.000021  loss: 0.6972 (0.6799)  eta: 0:00:00  time: 0.3929  data: 0.0002  max mem: 2933
[00:49:37.330495] Epoch: [110] Total time: 0:00:26 (0.4010 s / it)
[00:49:37.330570] Averaged stats: lr: 0.000021  loss: 0.6972 (0.6799)
/home/nvidia/netmambaplus-reproduction/upstream/NetMambaPlus/src/engine_mm.py:220: FutureWarning: `torch.cuda.amp.autocast(args...)` is deprecated. Please use `torch.amp.autocast('cuda', args...)` instead.
  with torch.cuda.amp.autocast():
[00:49:37.765992] Test:  [0/9]  loss: 0.3372 (0.3372)  acc1: 0.8984 (0.8984)  acc3: 1.0000 (1.0000)  eta: 0:00:03  time: 0.4316  data: 0.3313  max mem: 2933
[00:49:38.408438] Test:  [8/9]  loss: 0.3958 (0.4367)  acc1: 0.8516 (0.8615)  acc3: 1.0000 (0.9846)  eta: 0:00:00  time: 0.1193  data: 0.0369  max mem: 2933
[00:49:38.538014] Test: Total time: 0:00:01 (0.1339 s / it)
[00:49:38.603399] * Acc@1 0.8615 Acc@3 0.9846 loss 0.4367
[00:49:38.603443] * Pre 0.8670 Rec 0.8615 F1 0.8622
[00:49:38.604546] Accuracy of the network on test samples: 0.8615
[00:49:38.604556] F1 of the network on test samples: 0.8622
[00:49:38.604562] Max Accuracy: 0.8644
[00:49:38.604567] Max F1: 0.8654
[00:49:38.605972] log_dir: /home/nvidia/netmambaplus-reproduction/runs/ciciot-ft-seed2/logs
[00:49:39.062507] Epoch: [111]  [ 0/66]  lr: 0.000021  loss: 0.6614 (0.6614)  eta: 0:00:29  time: 0.4543  data: 0.0856  max mem: 2933
[00:49:46.725245] Epoch: [111]  [20/66]  lr: 0.000020  loss: 0.6694 (0.6712)  eta: 0:00:17  time: 0.3831  data: 0.0002  max mem: 2933
[00:49:54.970267] Epoch: [111]  [40/66]  lr: 0.000018  loss: 0.6838 (0.6725)  eta: 0:00:10  time: 0.4122  data: 0.0002  max mem: 2933
[00:50:03.482068] Epoch: [111]  [60/66]  lr: 0.000017  loss: 0.6953 (0.6794)  eta: 0:00:02  time: 0.4255  data: 0.0002  max mem: 2933
[00:50:05.178618] Epoch: [111]  [65/66]  lr: 0.000017  loss: 0.6744 (0.6773)  eta: 0:00:00  time: 0.3986  data: 0.0003  max mem: 2933
[00:50:05.284382] Epoch: [111] Total time: 0:00:26 (0.4042 s / it)
[00:50:05.284477] Averaged stats: lr: 0.000017  loss: 0.6744 (0.6773)
/home/nvidia/netmambaplus-reproduction/upstream/NetMambaPlus/src/engine_mm.py:220: FutureWarning: `torch.cuda.amp.autocast(args...)` is deprecated. Please use `torch.amp.autocast('cuda', args...)` instead.
  with torch.cuda.amp.autocast():
[00:50:05.637256] Test:  [0/9]  loss: 0.3386 (0.3386)  acc1: 0.8984 (0.8984)  acc3: 1.0000 (1.0000)  eta: 0:00:03  time: 0.3477  data: 0.2495  max mem: 2933
[00:50:06.289040] Test:  [8/9]  loss: 0.3955 (0.4367)  acc1: 0.8516 (0.8615)  acc3: 1.0000 (0.9846)  eta: 0:00:00  time: 0.1110  data: 0.0279  max mem: 2933
[00:50:06.410234] Test: Total time: 0:00:01 (0.1247 s / it)
[00:50:06.482063] * Acc@1 0.8615 Acc@3 0.9846 loss 0.4367
[00:50:06.482139] * Pre 0.8667 Rec 0.8615 F1 0.8622
[00:50:06.484445] Accuracy of the network on test samples: 0.8615
[00:50:06.485037] F1 of the network on test samples: 0.8622
[00:50:06.485050] Max Accuracy: 0.8644
[00:50:06.485061] Max F1: 0.8654
[00:50:06.488984] log_dir: /home/nvidia/netmambaplus-reproduction/runs/ciciot-ft-seed2/logs
[00:50:06.956395] Epoch: [112]  [ 0/66]  lr: 0.000017  loss: 0.6934 (0.6934)  eta: 0:00:30  time: 0.4655  data: 0.2225  max mem: 2933
[00:50:14.764464] Epoch: [112]  [20/66]  lr: 0.000016  loss: 0.6774 (0.6706)  eta: 0:00:18  time: 0.3903  data: 0.0003  max mem: 2933
[00:50:23.195868] Epoch: [112]  [40/66]  lr: 0.000014  loss: 0.6601 (0.6669)  eta: 0:00:10  time: 0.4215  data: 0.0003  max mem: 2933
[00:50:31.631828] Epoch: [112]  [60/66]  lr: 0.000013  loss: 0.6900 (0.6775)  eta: 0:00:02  time: 0.4217  data: 0.0002  max mem: 2933
[00:50:33.335747] Epoch: [112]  [65/66]  lr: 0.000013  loss: 0.6902 (0.6753)  eta: 0:00:00  time: 0.4015  data: 0.0002  max mem: 2933
[00:50:33.463768] Epoch: [112] Total time: 0:00:26 (0.4087 s / it)
[00:50:33.463911] Averaged stats: lr: 0.000013  loss: 0.6902 (0.6753)
/home/nvidia/netmambaplus-reproduction/upstream/NetMambaPlus/src/engine_mm.py:220: FutureWarning: `torch.cuda.amp.autocast(args...)` is deprecated. Please use `torch.amp.autocast('cuda', args...)` instead.
  with torch.cuda.amp.autocast():
[00:50:33.822743] Test:  [0/9]  loss: 0.3406 (0.3406)  acc1: 0.8984 (0.8984)  acc3: 1.0000 (1.0000)  eta: 0:00:03  time: 0.3510  data: 0.2486  max mem: 2933
[00:50:34.469919] Test:  [8/9]  loss: 0.3999 (0.4383)  acc1: 0.8203 (0.8596)  acc3: 1.0000 (0.9846)  eta: 0:00:00  time: 0.1108  data: 0.0278  max mem: 2933
[00:50:34.575852] Test: Total time: 0:00:01 (0.1232 s / it)
[00:50:34.650675] * Acc@1 0.8596 Acc@3 0.9846 loss 0.4383
[00:50:34.650788] * Pre 0.8654 Rec 0.8596 F1 0.8604
[00:50:34.653424] Accuracy of the network on test samples: 0.8596
[00:50:34.653971] F1 of the network on test samples: 0.8604
[00:50:34.653979] Max Accuracy: 0.8644
[00:50:34.653990] Max F1: 0.8654
[00:50:34.657994] log_dir: /home/nvidia/netmambaplus-reproduction/runs/ciciot-ft-seed2/logs
[00:50:35.131913] Epoch: [113]  [ 0/66]  lr: 0.000013  loss: 0.6615 (0.6615)  eta: 0:00:31  time: 0.4729  data: 0.2777  max mem: 2933
[00:50:42.709239] Epoch: [113]  [20/66]  lr: 0.000012  loss: 0.6740 (0.6806)  eta: 0:00:17  time: 0.3788  data: 0.0002  max mem: 2933
[00:50:51.155763] Epoch: [113]  [40/66]  lr: 0.000011  loss: 0.6873 (0.6822)  eta: 0:00:10  time: 0.4223  data: 0.0004  max mem: 2933
[00:50:59.584263] Epoch: [113]  [60/66]  lr: 0.000010  loss: 0.6900 (0.6810)  eta: 0:00:02  time: 0.4214  data: 0.0003  max mem: 2933
[00:51:01.273865] Epoch: [113]  [65/66]  lr: 0.000010  loss: 0.6945 (0.6843)  eta: 0:00:00  time: 0.4004  data: 0.0003  max mem: 2933
[00:51:01.400123] Epoch: [113] Total time: 0:00:26 (0.4052 s / it)
[00:51:01.400222] Averaged stats: lr: 0.000010  loss: 0.6945 (0.6843)
/home/nvidia/netmambaplus-reproduction/upstream/NetMambaPlus/src/engine_mm.py:220: FutureWarning: `torch.cuda.amp.autocast(args...)` is deprecated. Please use `torch.amp.autocast('cuda', args...)` instead.
  with torch.cuda.amp.autocast():
[00:51:01.797102] Test:  [0/9]  loss: 0.3391 (0.3391)  acc1: 0.8984 (0.8984)  acc3: 1.0000 (1.0000)  eta: 0:00:03  time: 0.3929  data: 0.2940  max mem: 2933
[00:51:02.446642] Test:  [8/9]  loss: 0.3982 (0.4376)  acc1: 0.8516 (0.8615)  acc3: 1.0000 (0.9856)  eta: 0:00:00  time: 0.1158  data: 0.0328  max mem: 2933
[00:51:02.564548] Test: Total time: 0:00:01 (0.1291 s / it)
[00:51:02.635036] * Acc@1 0.8615 Acc@3 0.9856 loss 0.4376
[00:51:02.635147] * Pre 0.8670 Rec 0.8615 F1 0.8622
[00:51:02.637762] Accuracy of the network on test samples: 0.8615
[00:51:02.637782] F1 of the network on test samples: 0.8622
[00:51:02.637794] Max Accuracy: 0.8644
[00:51:02.637802] Max F1: 0.8654
[00:51:02.641947] log_dir: /home/nvidia/netmambaplus-reproduction/runs/ciciot-ft-seed2/logs
[00:51:03.345521] Epoch: [114]  [ 0/66]  lr: 0.000010  loss: 0.6590 (0.6590)  eta: 0:00:46  time: 0.7022  data: 0.2775  max mem: 2933
[00:51:10.713812] Epoch: [114]  [20/66]  lr: 0.000009  loss: 0.6910 (0.6881)  eta: 0:00:17  time: 0.3684  data: 0.0002  max mem: 2933
[00:51:19.242811] Epoch: [114]  [40/66]  lr: 0.000008  loss: 0.6701 (0.6860)  eta: 0:00:10  time: 0.4264  data: 0.0003  max mem: 2933
[00:51:27.752449] Epoch: [114]  [60/66]  lr: 0.000007  loss: 0.6602 (0.6800)  eta: 0:00:02  time: 0.4254  data: 0.0002  max mem: 2933
[00:51:29.480774] Epoch: [114]  [65/66]  lr: 0.000007  loss: 0.6905 (0.6896)  eta: 0:00:00  time: 0.4051  data: 0.0002  max mem: 2933
[00:51:29.603540] Epoch: [114] Total time: 0:00:26 (0.4085 s / it)
[00:51:29.603692] Averaged stats: lr: 0.000007  loss: 0.6905 (0.6896)
/home/nvidia/netmambaplus-reproduction/upstream/NetMambaPlus/src/engine_mm.py:220: FutureWarning: `torch.cuda.amp.autocast(args...)` is deprecated. Please use `torch.amp.autocast('cuda', args...)` instead.
  with torch.cuda.amp.autocast():
[00:51:29.954569] Test:  [0/9]  loss: 0.3384 (0.3384)  acc1: 0.8984 (0.8984)  acc3: 1.0000 (1.0000)  eta: 0:00:03  time: 0.3464  data: 0.2454  max mem: 2933
[00:51:30.616546] Test:  [8/9]  loss: 0.3938 (0.4371)  acc1: 0.8516 (0.8615)  acc3: 1.0000 (0.9856)  eta: 0:00:00  time: 0.1120  data: 0.0274  max mem: 2933
[00:51:30.731336] Test: Total time: 0:00:01 (0.1250 s / it)
[00:51:30.805068] * Acc@1 0.8615 Acc@3 0.9856 loss 0.4371
[00:51:30.805137] * Pre 0.8670 Rec 0.8615 F1 0.8622
[00:51:30.807569] Accuracy of the network on test samples: 0.8615
[00:51:30.807586] F1 of the network on test samples: 0.8622
[00:51:30.807595] Max Accuracy: 0.8644
[00:51:30.807600] Max F1: 0.8654
[00:51:30.811762] log_dir: /home/nvidia/netmambaplus-reproduction/runs/ciciot-ft-seed2/logs
[00:51:31.512539] Epoch: [115]  [ 0/66]  lr: 0.000007  loss: 0.7276 (0.7276)  eta: 0:00:46  time: 0.6979  data: 0.2630  max mem: 2933
[00:51:38.942592] Epoch: [115]  [20/66]  lr: 0.000006  loss: 0.6597 (0.6709)  eta: 0:00:17  time: 0.3714  data: 0.0002  max mem: 2933
[00:51:47.942840] Epoch: [115]  [40/66]  lr: 0.000006  loss: 0.6689 (0.6730)  eta: 0:00:10  time: 0.4499  data: 0.0008  max mem: 2933
[00:51:56.689939] Epoch: [115]  [60/66]  lr: 0.000005  loss: 0.6780 (0.6768)  eta: 0:00:02  time: 0.4373  data: 0.0003  max mem: 2933
[00:51:58.395377] Epoch: [115]  [65/66]  lr: 0.000005  loss: 0.6851 (0.6896)  eta: 0:00:00  time: 0.4160  data: 0.0004  max mem: 2933
[00:51:58.508222] Epoch: [115] Total time: 0:00:27 (0.4196 s / it)
[00:51:58.508424] Averaged stats: lr: 0.000005  loss: 0.6851 (0.6896)
/home/nvidia/netmambaplus-reproduction/upstream/NetMambaPlus/src/engine_mm.py:220: FutureWarning: `torch.cuda.amp.autocast(args...)` is deprecated. Please use `torch.amp.autocast('cuda', args...)` instead.
  with torch.cuda.amp.autocast():
[00:51:58.867373] Test:  [0/9]  loss: 0.3379 (0.3379)  acc1: 0.8984 (0.8984)  acc3: 1.0000 (1.0000)  eta: 0:00:03  time: 0.3497  data: 0.2501  max mem: 2933
[00:51:59.521703] Test:  [8/9]  loss: 0.3965 (0.4373)  acc1: 0.8516 (0.8615)  acc3: 1.0000 (0.9856)  eta: 0:00:00  time: 0.1115  data: 0.0280  max mem: 2933
[00:51:59.635197] Test: Total time: 0:00:01 (0.1248 s / it)
[00:51:59.707286] * Acc@1 0.8615 Acc@3 0.9856 loss 0.4373
[00:51:59.707399] * Pre 0.8670 Rec 0.8615 F1 0.8622
[00:51:59.709689] Accuracy of the network on test samples: 0.8615
[00:51:59.710923] F1 of the network on test samples: 0.8622
[00:51:59.710990] Max Accuracy: 0.8644
[00:51:59.711000] Max F1: 0.8654
[00:51:59.714558] log_dir: /home/nvidia/netmambaplus-reproduction/runs/ciciot-ft-seed2/logs
[00:52:00.435022] Epoch: [116]  [ 0/66]  lr: 0.000005  loss: 0.6394 (0.6394)  eta: 0:00:47  time: 0.7169  data: 0.2852  max mem: 2933
[00:52:07.766941] Epoch: [116]  [20/66]  lr: 0.000004  loss: 0.6832 (0.6828)  eta: 0:00:17  time: 0.3665  data: 0.0002  max mem: 2933
[00:52:16.196864] Epoch: [116]  [40/66]  lr: 0.000004  loss: 0.6709 (0.6787)  eta: 0:00:10  time: 0.4215  data: 0.0002  max mem: 2933
[00:52:24.613214] Epoch: [116]  [60/66]  lr: 0.000003  loss: 0.6779 (0.6810)  eta: 0:00:02  time: 0.4208  data: 0.0003  max mem: 2933
[00:52:26.303353] Epoch: [116]  [65/66]  lr: 0.000003  loss: 0.6766 (0.6786)  eta: 0:00:00  time: 0.4008  data: 0.0003  max mem: 2933
[00:52:26.430557] Epoch: [116] Total time: 0:00:26 (0.4048 s / it)
[00:52:26.430699] Averaged stats: lr: 0.000003  loss: 0.6766 (0.6786)
/home/nvidia/netmambaplus-reproduction/upstream/NetMambaPlus/src/engine_mm.py:220: FutureWarning: `torch.cuda.amp.autocast(args...)` is deprecated. Please use `torch.amp.autocast('cuda', args...)` instead.
  with torch.cuda.amp.autocast():
[00:52:26.805415] Test:  [0/9]  loss: 0.3376 (0.3376)  acc1: 0.8984 (0.8984)  acc3: 1.0000 (1.0000)  eta: 0:00:03  time: 0.3706  data: 0.2718  max mem: 2933
[00:52:27.447979] Test:  [8/9]  loss: 0.3918 (0.4371)  acc1: 0.8516 (0.8615)  acc3: 1.0000 (0.9856)  eta: 0:00:00  time: 0.1125  data: 0.0303  max mem: 2933
[00:52:27.575250] Test: Total time: 0:00:01 (0.1269 s / it)
[00:52:27.643723] * Acc@1 0.8615 Acc@3 0.9856 loss 0.4371
[00:52:27.643799] * Pre 0.8670 Rec 0.8615 F1 0.8622
[00:52:27.646546] Accuracy of the network on test samples: 0.8615
[00:52:27.646561] F1 of the network on test samples: 0.8622
[00:52:27.646570] Max Accuracy: 0.8644
[00:52:27.646575] Max F1: 0.8654
[00:52:27.650636] log_dir: /home/nvidia/netmambaplus-reproduction/runs/ciciot-ft-seed2/logs
[00:52:28.354416] Epoch: [117]  [ 0/66]  lr: 0.000003  loss: 0.6638 (0.6638)  eta: 0:00:46  time: 0.7008  data: 0.2619  max mem: 2933
[00:52:35.846642] Epoch: [117]  [20/66]  lr: 0.000003  loss: 0.6651 (0.6789)  eta: 0:00:17  time: 0.3746  data: 0.0003  max mem: 2933
[00:52:44.187161] Epoch: [117]  [40/66]  lr: 0.000002  loss: 0.6916 (0.6870)  eta: 0:00:10  time: 0.4170  data: 0.0003  max mem: 2933
[00:52:52.511897] Epoch: [117]  [60/66]  lr: 0.000002  loss: 0.6648 (0.6812)  eta: 0:00:02  time: 0.4162  data: 0.0002  max mem: 2933
[00:52:54.191435] Epoch: [117]  [65/66]  lr: 0.000002  loss: 0.6543 (0.6763)  eta: 0:00:00  time: 0.3943  data: 0.0002  max mem: 2933
[00:52:54.313943] Epoch: [117] Total time: 0:00:26 (0.4040 s / it)
[00:52:54.314029] Averaged stats: lr: 0.000002  loss: 0.6543 (0.6763)
/home/nvidia/netmambaplus-reproduction/upstream/NetMambaPlus/src/engine_mm.py:220: FutureWarning: `torch.cuda.amp.autocast(args...)` is deprecated. Please use `torch.amp.autocast('cuda', args...)` instead.
  with torch.cuda.amp.autocast():
[00:52:54.680016] Test:  [0/9]  loss: 0.3376 (0.3376)  acc1: 0.8984 (0.8984)  acc3: 1.0000 (1.0000)  eta: 0:00:03  time: 0.3615  data: 0.2554  max mem: 2933
[00:52:55.329200] Test:  [8/9]  loss: 0.3904 (0.4368)  acc1: 0.8516 (0.8615)  acc3: 1.0000 (0.9856)  eta: 0:00:00  time: 0.1122  data: 0.0285  max mem: 2933
[00:52:55.454852] Test: Total time: 0:00:01 (0.1265 s / it)
[00:52:55.525995] * Acc@1 0.8615 Acc@3 0.9856 loss 0.4368
[00:52:55.526079] * Pre 0.8670 Rec 0.8615 F1 0.8622
[00:52:55.528181] Accuracy of the network on test samples: 0.8615
[00:52:55.529131] F1 of the network on test samples: 0.8622
[00:52:55.529186] Max Accuracy: 0.8644
[00:52:55.529282] Max F1: 0.8654
[00:52:55.532634] log_dir: /home/nvidia/netmambaplus-reproduction/runs/ciciot-ft-seed2/logs
[00:52:56.226240] Epoch: [118]  [ 0/66]  lr: 0.000002  loss: 0.7092 (0.7092)  eta: 0:00:45  time: 0.6909  data: 0.2692  max mem: 2933
[00:53:03.477711] Epoch: [118]  [20/66]  lr: 0.000002  loss: 0.6738 (0.6790)  eta: 0:00:17  time: 0.3625  data: 0.0002  max mem: 2933
[00:53:11.762693] Epoch: [118]  [40/66]  lr: 0.000001  loss: 0.6755 (0.6785)  eta: 0:00:10  time: 0.4142  data: 0.0002  max mem: 2933
[00:53:20.054922] Epoch: [118]  [60/66]  lr: 0.000001  loss: 0.6740 (0.6767)  eta: 0:00:02  time: 0.4145  data: 0.0002  max mem: 2933
[00:53:21.733379] Epoch: [118]  [65/66]  lr: 0.000001  loss: 0.7046 (0.6832)  eta: 0:00:00  time: 0.3955  data: 0.0003  max mem: 2933
[00:53:21.846349] Epoch: [118] Total time: 0:00:26 (0.3987 s / it)
[00:53:21.846485] Averaged stats: lr: 0.000001  loss: 0.7046 (0.6832)
/home/nvidia/netmambaplus-reproduction/upstream/NetMambaPlus/src/engine_mm.py:220: FutureWarning: `torch.cuda.amp.autocast(args...)` is deprecated. Please use `torch.amp.autocast('cuda', args...)` instead.
  with torch.cuda.amp.autocast():
[00:53:22.177904] Test:  [0/9]  loss: 0.3381 (0.3381)  acc1: 0.8984 (0.8984)  acc3: 1.0000 (1.0000)  eta: 0:00:02  time: 0.3243  data: 0.2256  max mem: 2933
[00:53:22.825447] Test:  [8/9]  loss: 0.3906 (0.4367)  acc1: 0.8516 (0.8615)  acc3: 1.0000 (0.9856)  eta: 0:00:00  time: 0.1079  data: 0.0252  max mem: 2933
[00:53:22.951209] Test: Total time: 0:00:01 (0.1224 s / it)
[00:53:23.017268] * Acc@1 0.8615 Acc@3 0.9856 loss 0.4367
[00:53:23.017309] * Pre 0.8670 Rec 0.8615 F1 0.8622
[00:53:23.019175] Accuracy of the network on test samples: 0.8615
[00:53:23.019186] F1 of the network on test samples: 0.8622
[00:53:23.019756] Max Accuracy: 0.8644
[00:53:23.019764] Max F1: 0.8654
[00:53:23.023080] log_dir: /home/nvidia/netmambaplus-reproduction/runs/ciciot-ft-seed2/logs
[00:53:23.713625] Epoch: [119]  [ 0/66]  lr: 0.000001  loss: 0.6567 (0.6567)  eta: 0:00:45  time: 0.6884  data: 0.2685  max mem: 2933
[00:53:30.969751] Epoch: [119]  [20/66]  lr: 0.000001  loss: 0.6861 (0.6811)  eta: 0:00:17  time: 0.3627  data: 0.0002  max mem: 2933
[00:53:39.288520] Epoch: [119]  [40/66]  lr: 0.000001  loss: 0.6599 (0.6789)  eta: 0:00:10  time: 0.4159  data: 0.0003  max mem: 2933
[00:53:47.543591] Epoch: [119]  [60/66]  lr: 0.000001  loss: 0.6768 (0.6795)  eta: 0:00:02  time: 0.4127  data: 0.0002  max mem: 2933
[00:53:49.212491] Epoch: [119]  [65/66]  lr: 0.000001  loss: 0.6677 (0.6769)  eta: 0:00:00  time: 0.3938  data: 0.0002  max mem: 2933
[00:53:49.320933] Epoch: [119] Total time: 0:00:26 (0.3985 s / it)
[00:53:49.321065] Averaged stats: lr: 0.000001  loss: 0.6677 (0.6769)
/home/nvidia/netmambaplus-reproduction/upstream/NetMambaPlus/src/engine_mm.py:220: FutureWarning: `torch.cuda.amp.autocast(args...)` is deprecated. Please use `torch.amp.autocast('cuda', args...)` instead.
  with torch.cuda.amp.autocast():
[00:53:49.690275] Test:  [0/9]  loss: 0.3381 (0.3381)  acc1: 0.8984 (0.8984)  acc3: 1.0000 (1.0000)  eta: 0:00:03  time: 0.3644  data: 0.2668  max mem: 2933
[00:53:50.329321] Test:  [8/9]  loss: 0.3916 (0.4367)  acc1: 0.8516 (0.8615)  acc3: 1.0000 (0.9856)  eta: 0:00:00  time: 0.1114  data: 0.0297  max mem: 2933
[00:53:50.440818] Test: Total time: 0:00:01 (0.1241 s / it)
[00:53:50.508649] * Acc@1 0.8615 Acc@3 0.9856 loss 0.4367
[00:53:50.508729] * Pre 0.8670 Rec 0.8615 F1 0.8622
[00:53:50.510976] Accuracy of the network on test samples: 0.8615
[00:53:50.510991] F1 of the network on test samples: 0.8622
[00:53:50.511001] Max Accuracy: 0.8644
[00:53:50.511012] Max F1: 0.8654
[00:53:50.514014] Training time 1:18:54
/home/nvidia/netmambaplus-reproduction/upstream/NetMambaPlus/src/fine-tune.py:229: UserWarning: Environment variable TORCH_FORCE_NO_WEIGHTS_ONLY_LOAD detected, since the`weights_only` argument was not explicitly passed to `torch.load`, forcing weights_only=False.
  best_checkpoint = torch.load(os.path.join(args.output_dir, "checkpoint-best.pth"), map_location='cpu')
[00:53:50.723164] Dataset: <util.loader_data.ByteSizeIntervalDataset object at 0xf6651378b230>, type: byte_size_interval, size_key: sizes, ratio: 1.0
/home/nvidia/netmambaplus-reproduction/upstream/NetMambaPlus/src/engine_mm.py:220: FutureWarning: `torch.cuda.amp.autocast(args...)` is deprecated. Please use `torch.amp.autocast('cuda', args...)` instead.
  with torch.cuda.amp.autocast():
[00:53:51.100364] Test:  [0/9]  loss: 0.3035 (0.3035)  acc1: 0.8984 (0.8984)  acc3: 1.0000 (1.0000)  eta: 0:00:03  time: 0.3735  data: 0.2753  max mem: 2933
[00:53:51.740015] Test:  [8/9]  loss: 0.4448 (0.4866)  acc1: 0.8235 (0.8463)  acc3: 0.9844 (0.9779)  eta: 0:00:00  time: 0.1125  data: 0.0307  max mem: 2933
[00:53:51.847836] Test: Total time: 0:00:01 (0.1248 s / it)
[00:53:51.919223] * Acc@1 0.8463 Acc@3 0.9779 loss 0.4866
[00:53:51.919294] * Pre 0.8520 Rec 0.8463 F1 0.8467
